,label,area,mean_intensity_nuf2_CFP,fname_nuf2_CFP,nuf2_CFP_cyto,nuf2_CFP_bg,mean_intensity_YFP_pp1,fname_YFP_pp1,YFP_pp1_cyto,YFP_pp1_bg
0,0_1,5,6344.2,Expt2021_006_Set2_HeLaYFP-PP1_Nuf2-CFP_STLC_MG132_DMSO_well3_point5_13min01_R3D_D3D_Z00_C0_T0.tif,4577.722278677746,4242.3725,8426.8,Expt2021_006_Set2_HeLaYFP-PP1_Nuf2-CFP_STLC_MG132_DMSO_well3_point5_13min01_R3D_D3D_Z00_C1_T0.tif,7937.442816730652,4094.935
1,0_2,11,6649.727272727273,Expt2021_006_Set2_HeLaYFP-PP1_Nuf2-CFP_STLC_MG132_DMSO_well3_point5_13min01_R3D_D3D_Z00_C0_T0.tif,4577.722278677746,4242.3725,8804.545454545454,Expt2021_006_Set2_HeLaYFP-PP1_Nuf2-CFP_STLC_MG132_DMSO_well3_point5_13min01_R3D_D3D_Z00_C1_T0.tif,7937.442816730652,4094.935
2,0_3,8,6551.375,Expt2021_006_Set2_HeLaYFP-PP1_Nuf2-CFP_STLC_MG132_DMSO_well3_point5_13min01_R3D_D3D_Z00_C0_T0.tif,4577.722278677746,4242.3725,8820.25,Expt2021_006_Set2_HeLaYFP-PP1_Nuf2-CFP_STLC_MG132_DMSO_well3_point5_13min01_R3D_D3D_Z00_C1_T0.tif,7937.442816730652,4094.935
3,0_4,11,5932.272727272727,Expt2021_006_Set2_HeLaYFP-PP1_Nuf2-CFP_STLC_MG132_DMSO_well3_point5_13min01_R3D_D3D_Z00_C0_T0.tif,4577.722278677746,4242.3725,9379.818181818182,Expt2021_006_Set2_HeLaYFP-PP1_Nuf2-CFP_STLC_MG132_DMSO_well3_point5_13min01_R3D_D3D_Z00_C1_T0.tif,7937.442816730652,4094.935
4,0_5,8,6327.75,Expt2021_006_Set2_HeLaYFP-PP1_Nuf2-CFP_STLC_MG132_DMSO_well3_point5_13min01_R3D_D3D_Z00_C0_T0.tif,4577.722278677746,4242.3725,9465.625,Expt2021_006_Set2_HeLaYFP-PP1_Nuf2-CFP_STLC_MG132_DMSO_well3_point5_13min01_R3D_D3D_Z00_C1_T0.tif,7937.442816730652,4094.935
5,0_6,5,6465.8,Expt2021_006_Set2_HeLaYFP-PP1_Nuf2-CFP_STLC_MG132_DMSO_well3_point5_13min01_R3D_D3D_Z00_C0_T0.tif,4577.722278677746,4242.3725,9056.4,Expt2021_006_Set2_HeLaYFP-PP1_Nuf2-CFP_STLC_MG132_DMSO_well3_point5_13min01_R3D_D3D_Z00_C1_T0.tif,7937.442816730652,4094.935
6,0_7,12,6412.333333333333,Expt2021_006_Set2_HeLaYFP-PP1_Nuf2-CFP_STLC_MG132_DMSO_well3_point5_13min01_R3D_D3D_Z00_C0_T0.tif,4577.722278677746,4242.3725,8500.25,Expt2021_006_Set2_HeLaYFP-PP1_Nuf2-CFP_STLC_MG132_DMSO_well3_point5_13min01_R3D_D3D_Z00_C1_T0.tif,7937.442816730652,4094.935
7,0_8,15,5930.6,Expt2021_006_Set2_HeLaYFP-PP1_Nuf2-CFP_STLC_MG132_DMSO_well3_point5_13min01_R3D_D3D_Z00_C0_T0.tif,4577.722278677746,4242.3725,9958.866666666667,Expt2021_006_Set2_HeLaYFP-PP1_Nuf2-CFP_STLC_MG132_DMSO_well3_point5_13min01_R3D_D3D_Z00_C1_T0.tif,7937.442816730652,4094.935
8,0_9,12,6082.083333333333,Expt2021_006_Set2_HeLaYFP-PP1_Nuf2-CFP_STLC_MG132_DMSO_well3_point5_13min01_R3D_D3D_Z00_C0_T0.tif,4577.722278677746,4242.3725,8728.166666666666,Expt2021_006_Set2_HeLaYFP-PP1_Nuf2-CFP_STLC_MG132_DMSO_well3_point5_13min01_R3D_D3D_Z00_C1_T0.tif,7937.442816730652,4094.935
9,0_10,8,6523.0,Expt2021_006_Set2_HeLaYFP-PP1_Nuf2-CFP_STLC_MG132_DMSO_well3_point5_13min01_R3D_D3D_Z00_C0_T0.tif,4577.722278677746,4242.3725,9824.25,Expt2021_006_Set2_HeLaYFP-PP1_Nuf2-CFP_STLC_MG132_DMSO_well3_point5_13min01_R3D_D3D_Z00_C1_T0.tif,7937.442816730652,4094.935
10,0_11,26,6329.115384615385,Expt2021_006_Set2_HeLaYFP-PP1_Nuf2-CFP_STLC_MG132_DMSO_well3_point5_13min01_R3D_D3D_Z00_C0_T0.tif,4577.722278677746,4242.3725,10146.692307692309,Expt2021_006_Set2_HeLaYFP-PP1_Nuf2-CFP_STLC_MG132_DMSO_well3_point5_13min01_R3D_D3D_Z00_C1_T0.tif,7937.442816730652,4094.935
11,0_12,10,6140.1,Expt2021_006_Set2_HeLaYFP-PP1_Nuf2-CFP_STLC_MG132_DMSO_well3_point5_13min01_R3D_D3D_Z00_C0_T0.tif,4577.722278677746,4242.3725,9056.7,Expt2021_006_Set2_HeLaYFP-PP1_Nuf2-CFP_STLC_MG132_DMSO_well3_point5_13min01_R3D_D3D_Z00_C1_T0.tif,7937.442816730652,4094.935
12,0_13,5,5610.8,Expt2021_006_Set2_HeLaYFP-PP1_Nuf2-CFP_STLC_MG132_DMSO_well3_point5_13min01_R3D_D3D_Z00_C0_T0.tif,4577.722278677746,4242.3725,7470.0,Expt2021_006_Set2_HeLaYFP-PP1_Nuf2-CFP_STLC_MG132_DMSO_well3_point5_13min01_R3D_D3D_Z00_C1_T0.tif,7937.442816730652,4094.935
13,1_1,14,5792.214285714285,Expt2021_006_Set2_HeLaYFP-PP1_Nuf2-CFP_STLC_MG132_DMSO_well3_point5_13min01_R3D_D3D_Z01_C0_T0.tif,4627.341311134235,4286.1675,8219.5,Expt2021_006_Set2_HeLaYFP-PP1_Nuf2-CFP_STLC_MG132_DMSO_well3_point5_13min01_R3D_D3D_Z01_C1_T0.tif,7941.542705782398,4148.2525
14,1_2,10,6158.3,Expt2021_006_Set2_HeLaYFP-PP1_Nuf2-CFP_STLC_MG132_DMSO_well3_point5_13min01_R3D_D3D_Z01_C0_T0.tif,4627.341311134235,4286.1675,9206.3,Expt2021_006_Set2_HeLaYFP-PP1_Nuf2-CFP_STLC_MG132_DMSO_well3_point5_13min01_R3D_D3D_Z01_C1_T0.tif,7941.542705782398,4148.2525
15,1_3,5,5870.4,Expt2021_006_Set2_HeLaYFP-PP1_Nuf2-CFP_STLC_MG132_DMSO_well3_point5_13min01_R3D_D3D_Z01_C0_T0.tif,4627.341311134235,4286.1675,9226.4,Expt2021_006_Set2_HeLaYFP-PP1_Nuf2-CFP_STLC_MG132_DMSO_well3_point5_13min01_R3D_D3D_Z01_C1_T0.tif,7941.542705782398,4148.2525
16,1_4,16,6683.625,Expt2021_006_Set2_HeLaYFP-PP1_Nuf2-CFP_STLC_MG132_DMSO_well3_point5_13min01_R3D_D3D_Z01_C0_T0.tif,4627.341311134235,4286.1675,8778.3125,Expt2021_006_Set2_HeLaYFP-PP1_Nuf2-CFP_STLC_MG132_DMSO_well3_point5_13min01_R3D_D3D_Z01_C1_T0.tif,7941.542705782398,4148.2525
17,1_5,8,6120.625,Expt2021_006_Set2_HeLaYFP-PP1_Nuf2-CFP_STLC_MG132_DMSO_well3_point5_13min01_R3D_D3D_Z01_C0_T0.tif,4627.341311134235,4286.1675,9115.75,Expt2021_006_Set2_HeLaYFP-PP1_Nuf2-CFP_STLC_MG132_DMSO_well3_point5_13min01_R3D_D3D_Z01_C1_T0.tif,7941.542705782398,4148.2525
18,1_6,5,5725.8,Expt2021_006_Set2_HeLaYFP-PP1_Nuf2-CFP_STLC_MG132_DMSO_well3_point5_13min01_R3D_D3D_Z01_C0_T0.tif,4627.341311134235,4286.1675,9647.8,Expt2021_006_Set2_HeLaYFP-PP1_Nuf2-CFP_STLC_MG132_DMSO_well3_point5_13min01_R3D_D3D_Z01_C1_T0.tif,7941.542705782398,4148.2525
19,1_7,8,6247.875,Expt2021_006_Set2_HeLaYFP-PP1_Nuf2-CFP_STLC_MG132_DMSO_well3_point5_13min01_R3D_D3D_Z01_C0_T0.tif,4627.341311134235,4286.1675,8892.625,Expt2021_006_Set2_HeLaYFP-PP1_Nuf2-CFP_STLC_MG132_DMSO_well3_point5_13min01_R3D_D3D_Z01_C1_T0.tif,7941.542705782398,4148.2525
20,1_8,13,6423.692307692308,Expt2021_006_Set2_HeLaYFP-PP1_Nuf2-CFP_STLC_MG132_DMSO_well3_point5_13min01_R3D_D3D_Z01_C0_T0.tif,4627.341311134235,4286.1675,9158.846153846154,Expt2021_006_Set2_HeLaYFP-PP1_Nuf2-CFP_STLC_MG132_DMSO_well3_point5_13min01_R3D_D3D_Z01_C1_T0.tif,7941.542705782398,4148.2525
21,1_9,11,5965.454545454545,Expt2021_006_Set2_HeLaYFP-PP1_Nuf2-CFP_STLC_MG132_DMSO_well3_point5_13min01_R3D_D3D_Z01_C0_T0.tif,4627.341311134235,4286.1675,9462.09090909091,Expt2021_006_Set2_HeLaYFP-PP1_Nuf2-CFP_STLC_MG132_DMSO_well3_point5_13min01_R3D_D3D_Z01_C1_T0.tif,7941.542705782398,4148.2525
22,1_10,11,6108.272727272727,Expt2021_006_Set2_HeLaYFP-PP1_Nuf2-CFP_STLC_MG132_DMSO_well3_point5_13min01_R3D_D3D_Z01_C0_T0.tif,4627.341311134235,4286.1675,8708.09090909091,Expt2021_006_Set2_HeLaYFP-PP1_Nuf2-CFP_STLC_MG132_DMSO_well3_point5_13min01_R3D_D3D_Z01_C1_T0.tif,7941.542705782398,4148.2525
23,1_11,8,5781.75,Expt2021_006_Set2_HeLaYFP-PP1_Nuf2-CFP_STLC_MG132_DMSO_well3_point5_13min01_R3D_D3D_Z01_C0_T0.tif,4627.341311134235,4286.1675,8642.875,Expt2021_006_Set2_HeLaYFP-PP1_Nuf2-CFP_STLC_MG132_DMSO_well3_point5_13min01_R3D_D3D_Z01_C1_T0.tif,7941.542705782398,4148.2525
24,1_12,20,6112.85,Expt2021_006_Set2_HeLaYFP-PP1_Nuf2-CFP_STLC_MG132_DMSO_well3_point5_13min01_R3D_D3D_Z01_C0_T0.tif,4627.341311134235,4286.1675,9669.2,Expt2021_006_Set2_HeLaYFP-PP1_Nuf2-CFP_STLC_MG132_DMSO_well3_point5_13min01_R3D_D3D_Z01_C1_T0.tif,7941.542705782398,4148.2525
25,1_13,5,5639.0,Expt2021_006_Set2_HeLaYFP-PP1_Nuf2-CFP_STLC_MG132_DMSO_well3_point5_13min01_R3D_D3D_Z01_C0_T0.tif,4627.341311134235,4286.1675,9564.8,Expt2021_006_Set2_HeLaYFP-PP1_Nuf2-CFP_STLC_MG132_DMSO_well3_point5_13min01_R3D_D3D_Z01_C1_T0.tif,7941.542705782398,4148.2525
26,1_14,11,5800.272727272727,Expt2021_006_Set2_HeLaYFP-PP1_Nuf2-CFP_STLC_MG132_DMSO_well3_point5_13min01_R3D_D3D_Z01_C0_T0.tif,4627.341311134235,4286.1675,9251.454545454546,Expt2021_006_Set2_HeLaYFP-PP1_Nuf2-CFP_STLC_MG132_DMSO_well3_point5_13min01_R3D_D3D_Z01_C1_T0.tif,7941.542705782398,4148.2525
27,1_15,12,6949.333333333333,Expt2021_006_Set2_HeLaYFP-PP1_Nuf2-CFP_STLC_MG132_DMSO_well3_point5_13min01_R3D_D3D_Z01_C0_T0.tif,4627.341311134235,4286.1675,9461.75,Expt2021_006_Set2_HeLaYFP-PP1_Nuf2-CFP_STLC_MG132_DMSO_well3_point5_13min01_R3D_D3D_Z01_C1_T0.tif,7941.542705782398,4148.2525
28,1_16,24,5701.833333333333,Expt2021_006_Set2_HeLaYFP-PP1_Nuf2-CFP_STLC_MG132_DMSO_well3_point5_13min01_R3D_D3D_Z01_C0_T0.tif,4627.341311134235,4286.1675,8863.75,Expt2021_006_Set2_HeLaYFP-PP1_Nuf2-CFP_STLC_MG132_DMSO_well3_point5_13min01_R3D_D3D_Z01_C1_T0.tif,7941.542705782398,4148.2525
29,1_17,5,6184.0,Expt2021_006_Set2_HeLaYFP-PP1_Nuf2-CFP_STLC_MG132_DMSO_well3_point5_13min01_R3D_D3D_Z01_C0_T0.tif,4627.341311134235,4286.1675,8989.8,Expt2021_006_Set2_HeLaYFP-PP1_Nuf2-CFP_STLC_MG132_DMSO_well3_point5_13min01_R3D_D3D_Z01_C1_T0.tif,7941.542705782398,4148.2525
30,1_18,8,5761.0,Expt2021_006_Set2_HeLaYFP-PP1_Nuf2-CFP_STLC_MG132_DMSO_well3_point5_13min01_R3D_D3D_Z01_C0_T0.tif,4627.341311134235,4286.1675,8466.75,Expt2021_006_Set2_HeLaYFP-PP1_Nuf2-CFP_STLC_MG132_DMSO_well3_point5_13min01_R3D_D3D_Z01_C1_T0.tif,7941.542705782398,4148.2525
31,1_19,8,5760.5,Expt2021_006_Set2_HeLaYFP-PP1_Nuf2-CFP_STLC_MG132_DMSO_well3_point5_13min01_R3D_D3D_Z01_C0_T0.tif,4627.341311134235,4286.1675,9144.625,Expt2021_006_Set2_HeLaYFP-PP1_Nuf2-CFP_STLC_MG132_DMSO_well3_point5_13min01_R3D_D3D_Z01_C1_T0.tif,7941.542705782398,4148.2525
32,1_20,8,5653.625,Expt2021_006_Set2_HeLaYFP-PP1_Nuf2-CFP_STLC_MG132_DMSO_well3_point5_13min01_R3D_D3D_Z01_C0_T0.tif,4627.341311134235,4286.1675,7515.0,Expt2021_006_Set2_HeLaYFP-PP1_Nuf2-CFP_STLC_MG132_DMSO_well3_point5_13min01_R3D_D3D_Z01_C1_T0.tif,7941.542705782398,4148.2525
33,2_1,12,6231.333333333333,Expt2021_006_Set2_HeLaYFP-PP1_Nuf2-CFP_STLC_MG132_DMSO_well3_point5_13min01_R3D_D3D_Z02_C0_T0.tif,4680.047572254335,4336.5225,8988.833333333334,Expt2021_006_Set2_HeLaYFP-PP1_Nuf2-CFP_STLC_MG132_DMSO_well3_point5_13min01_R3D_D3D_Z02_C1_T0.tif,8011.41326783765,4245.77
34,2_2,12,6046.583333333333,Expt2021_006_Set2_HeLaYFP-PP1_Nuf2-CFP_STLC_MG132_DMSO_well3_point5_13min01_R3D_D3D_Z02_C0_T0.tif,4680.047572254335,4336.5225,9130.416666666666,Expt2021_006_Set2_HeLaYFP-PP1_Nuf2-CFP_STLC_MG132_DMSO_well3_point5_13min01_R3D_D3D_Z02_C1_T0.tif,8011.41326783765,4245.77
35,2_3,8,5760.0,Expt2021_006_Set2_HeLaYFP-PP1_Nuf2-CFP_STLC_MG132_DMSO_well3_point5_13min01_R3D_D3D_Z02_C0_T0.tif,4680.047572254335,4336.5225,9485.75,Expt2021_006_Set2_HeLaYFP-PP1_Nuf2-CFP_STLC_MG132_DMSO_well3_point5_13min01_R3D_D3D_Z02_C1_T0.tif,8011.41326783765,4245.77
36,2_4,8,6236.0,Expt2021_006_Set2_HeLaYFP-PP1_Nuf2-CFP_STLC_MG132_DMSO_well3_point5_13min01_R3D_D3D_Z02_C0_T0.tif,4680.047572254335,4336.5225,9237.875,Expt2021_006_Set2_HeLaYFP-PP1_Nuf2-CFP_STLC_MG132_DMSO_well3_point5_13min01_R3D_D3D_Z02_C1_T0.tif,8011.41326783765,4245.77
37,2_5,10,6128.5,Expt2021_006_Set2_HeLaYFP-PP1_Nuf2-CFP_STLC_MG132_DMSO_well3_point5_13min01_R3D_D3D_Z02_C0_T0.tif,4680.047572254335,4336.5225,9378.5,Expt2021_006_Set2_HeLaYFP-PP1_Nuf2-CFP_STLC_MG132_DMSO_well3_point5_13min01_R3D_D3D_Z02_C1_T0.tif,8011.41326783765,4245.77
38,2_6,10,6485.7,Expt2021_006_Set2_HeLaYFP-PP1_Nuf2-CFP_STLC_MG132_DMSO_well3_point5_13min01_R3D_D3D_Z02_C0_T0.tif,4680.047572254335,4336.5225,8683.8,Expt2021_006_Set2_HeLaYFP-PP1_Nuf2-CFP_STLC_MG132_DMSO_well3_point5_13min01_R3D_D3D_Z02_C1_T0.tif,8011.41326783765,4245.77
39,2_7,12,6499.833333333333,Expt2021_006_Set2_HeLaYFP-PP1_Nuf2-CFP_STLC_MG132_DMSO_well3_point5_13min01_R3D_D3D_Z02_C0_T0.tif,4680.047572254335,4336.5225,9119.333333333334,Expt2021_006_Set2_HeLaYFP-PP1_Nuf2-CFP_STLC_MG132_DMSO_well3_point5_13min01_R3D_D3D_Z02_C1_T0.tif,8011.41326783765,4245.77
40,2_8,16,6466.1875,Expt2021_006_Set2_HeLaYFP-PP1_Nuf2-CFP_STLC_MG132_DMSO_well3_point5_13min01_R3D_D3D_Z02_C0_T0.tif,4680.047572254335,4336.5225,9162.9375,Expt2021_006_Set2_HeLaYFP-PP1_Nuf2-CFP_STLC_MG132_DMSO_well3_point5_13min01_R3D_D3D_Z02_C1_T0.tif,8011.41326783765,4245.77
41,2_9,14,5940.0,Expt2021_006_Set2_HeLaYFP-PP1_Nuf2-CFP_STLC_MG132_DMSO_well3_point5_13min01_R3D_D3D_Z02_C0_T0.tif,4680.047572254335,4336.5225,9420.857142857143,Expt2021_006_Set2_HeLaYFP-PP1_Nuf2-CFP_STLC_MG132_DMSO_well3_point5_13min01_R3D_D3D_Z02_C1_T0.tif,8011.41326783765,4245.77
42,2_10,23,6183.217391304348,Expt2021_006_Set2_HeLaYFP-PP1_Nuf2-CFP_STLC_MG132_DMSO_well3_point5_13min01_R3D_D3D_Z02_C0_T0.tif,4680.047572254335,4336.5225,9992.434782608696,Expt2021_006_Set2_HeLaYFP-PP1_Nuf2-CFP_STLC_MG132_DMSO_well3_point5_13min01_R3D_D3D_Z02_C1_T0.tif,8011.41326783765,4245.77
43,2_11,32,5992.125,Expt2021_006_Set2_HeLaYFP-PP1_Nuf2-CFP_STLC_MG132_DMSO_well3_point5_13min01_R3D_D3D_Z02_C0_T0.tif,4680.047572254335,4336.5225,9130.875,Expt2021_006_Set2_HeLaYFP-PP1_Nuf2-CFP_STLC_MG132_DMSO_well3_point5_13min01_R3D_D3D_Z02_C1_T0.tif,8011.41326783765,4245.77
44,2_12,18,6391.111111111111,Expt2021_006_Set2_HeLaYFP-PP1_Nuf2-CFP_STLC_MG132_DMSO_well3_point5_13min01_R3D_D3D_Z02_C0_T0.tif,4680.047572254335,4336.5225,10118.666666666666,Expt2021_006_Set2_HeLaYFP-PP1_Nuf2-CFP_STLC_MG132_DMSO_well3_point5_13min01_R3D_D3D_Z02_C1_T0.tif,8011.41326783765,4245.77
45,2_13,12,5913.416666666667,Expt2021_006_Set2_HeLaYFP-PP1_Nuf2-CFP_STLC_MG132_DMSO_well3_point5_13min01_R3D_D3D_Z02_C0_T0.tif,4680.047572254335,4336.5225,8452.083333333334,Expt2021_006_Set2_HeLaYFP-PP1_Nuf2-CFP_STLC_MG132_DMSO_well3_point5_13min01_R3D_D3D_Z02_C1_T0.tif,8011.41326783765,4245.77
46,2_14,16,5570.0625,Expt2021_006_Set2_HeLaYFP-PP1_Nuf2-CFP_STLC_MG132_DMSO_well3_point5_13min01_R3D_D3D_Z02_C0_T0.tif,4680.047572254335,4336.5225,8703.6875,Expt2021_006_Set2_HeLaYFP-PP1_Nuf2-CFP_STLC_MG132_DMSO_well3_point5_13min01_R3D_D3D_Z02_C1_T0.tif,8011.41326783765,4245.77
47,2_15,17,6368.411764705882,Expt2021_006_Set2_HeLaYFP-PP1_Nuf2-CFP_STLC_MG132_DMSO_well3_point5_13min01_R3D_D3D_Z02_C0_T0.tif,4680.047572254335,4336.5225,9081.35294117647,Expt2021_006_Set2_HeLaYFP-PP1_Nuf2-CFP_STLC_MG132_DMSO_well3_point5_13min01_R3D_D3D_Z02_C1_T0.tif,8011.41326783765,4245.77
48,2_16,5,5985.2,Expt2021_006_Set2_HeLaYFP-PP1_Nuf2-CFP_STLC_MG132_DMSO_well3_point5_13min01_R3D_D3D_Z02_C0_T0.tif,4680.047572254335,4336.5225,9141.0,Expt2021_006_Set2_HeLaYFP-PP1_Nuf2-CFP_STLC_MG132_DMSO_well3_point5_13min01_R3D_D3D_Z02_C1_T0.tif,8011.41326783765,4245.77
49,2_17,19,6272.0526315789475,Expt2021_006_Set2_HeLaYFP-PP1_Nuf2-CFP_STLC_MG132_DMSO_well3_point5_13min01_R3D_D3D_Z02_C0_T0.tif,4680.047572254335,4336.5225,8975.684210526315,Expt2021_006_Set2_HeLaYFP-PP1_Nuf2-CFP_STLC_MG132_DMSO_well3_point5_13min01_R3D_D3D_Z02_C1_T0.tif,8011.41326783765,4245.77
50,2_18,12,6402.916666666667,Expt2021_006_Set2_HeLaYFP-PP1_Nuf2-CFP_STLC_MG132_DMSO_well3_point5_13min01_R3D_D3D_Z02_C0_T0.tif,4680.047572254335,4336.5225,9132.083333333334,Expt2021_006_Set2_HeLaYFP-PP1_Nuf2-CFP_STLC_MG132_DMSO_well3_point5_13min01_R3D_D3D_Z02_C1_T0.tif,8011.41326783765,4245.77
51,2_19,8,5746.875,Expt2021_006_Set2_HeLaYFP-PP1_Nuf2-CFP_STLC_MG132_DMSO_well3_point5_13min01_R3D_D3D_Z02_C0_T0.tif,4680.047572254335,4336.5225,8561.5,Expt2021_006_Set2_HeLaYFP-PP1_Nuf2-CFP_STLC_MG132_DMSO_well3_point5_13min01_R3D_D3D_Z02_C1_T0.tif,8011.41326783765,4245.77
52,2_20,24,5952.958333333333,Expt2021_006_Set2_HeLaYFP-PP1_Nuf2-CFP_STLC_MG132_DMSO_well3_point5_13min01_R3D_D3D_Z02_C0_T0.tif,4680.047572254335,4336.5225,8478.916666666666,Expt2021_006_Set2_HeLaYFP-PP1_Nuf2-CFP_STLC_MG132_DMSO_well3_point5_13min01_R3D_D3D_Z02_C1_T0.tif,8011.41326783765,4245.77
53,3_1,5,6754.2,Expt2021_006_Set2_HeLaYFP-PP1_Nuf2-CFP_STLC_MG132_DMSO_well3_point5_13min01_R3D_D3D_Z03_C0_T0.tif,4722.789878517795,4372.0925,8188.2,Expt2021_006_Set2_HeLaYFP-PP1_Nuf2-CFP_STLC_MG132_DMSO_well3_point5_13min01_R3D_D3D_Z03_C1_T0.tif,7934.5363092904745,4268.735
54,3_2,8,6527.375,Expt2021_006_Set2_HeLaYFP-PP1_Nuf2-CFP_STLC_MG132_DMSO_well3_point5_13min01_R3D_D3D_Z03_C0_T0.tif,4722.789878517795,4372.0925,8478.5,Expt2021_006_Set2_HeLaYFP-PP1_Nuf2-CFP_STLC_MG132_DMSO_well3_point5_13min01_R3D_D3D_Z03_C1_T0.tif,7934.5363092904745,4268.735
55,3_3,8,6406.375,Expt2021_006_Set2_HeLaYFP-PP1_Nuf2-CFP_STLC_MG132_DMSO_well3_point5_13min01_R3D_D3D_Z03_C0_T0.tif,4722.789878517795,4372.0925,9115.625,Expt2021_006_Set2_HeLaYFP-PP1_Nuf2-CFP_STLC_MG132_DMSO_well3_point5_13min01_R3D_D3D_Z03_C1_T0.tif,7934.5363092904745,4268.735
56,3_4,10,6192.4,Expt2021_006_Set2_HeLaYFP-PP1_Nuf2-CFP_STLC_MG132_DMSO_well3_point5_13min01_R3D_D3D_Z03_C0_T0.tif,4722.789878517795,4372.0925,8819.6,Expt2021_006_Set2_HeLaYFP-PP1_Nuf2-CFP_STLC_MG132_DMSO_well3_point5_13min01_R3D_D3D_Z03_C1_T0.tif,7934.5363092904745,4268.735
57,3_5,8,6525.125,Expt2021_006_Set2_HeLaYFP-PP1_Nuf2-CFP_STLC_MG132_DMSO_well3_point5_13min01_R3D_D3D_Z03_C0_T0.tif,4722.789878517795,4372.0925,8821.125,Expt2021_006_Set2_HeLaYFP-PP1_Nuf2-CFP_STLC_MG132_DMSO_well3_point5_13min01_R3D_D3D_Z03_C1_T0.tif,7934.5363092904745,4268.735
58,3_6,5,6501.0,Expt2021_006_Set2_HeLaYFP-PP1_Nuf2-CFP_STLC_MG132_DMSO_well3_point5_13min01_R3D_D3D_Z03_C0_T0.tif,4722.789878517795,4372.0925,9846.0,Expt2021_006_Set2_HeLaYFP-PP1_Nuf2-CFP_STLC_MG132_DMSO_well3_point5_13min01_R3D_D3D_Z03_C1_T0.tif,7934.5363092904745,4268.735
59,3_7,10,6141.2,Expt2021_006_Set2_HeLaYFP-PP1_Nuf2-CFP_STLC_MG132_DMSO_well3_point5_13min01_R3D_D3D_Z03_C0_T0.tif,4722.789878517795,4372.0925,9104.0,Expt2021_006_Set2_HeLaYFP-PP1_Nuf2-CFP_STLC_MG132_DMSO_well3_point5_13min01_R3D_D3D_Z03_C1_T0.tif,7934.5363092904745,4268.735
60,3_8,12,6313.75,Expt2021_006_Set2_HeLaYFP-PP1_Nuf2-CFP_STLC_MG132_DMSO_well3_point5_13min01_R3D_D3D_Z03_C0_T0.tif,4722.789878517795,4372.0925,8619.083333333334,Expt2021_006_Set2_HeLaYFP-PP1_Nuf2-CFP_STLC_MG132_DMSO_well3_point5_13min01_R3D_D3D_Z03_C1_T0.tif,7934.5363092904745,4268.735
61,3_9,5,6121.0,Expt2021_006_Set2_HeLaYFP-PP1_Nuf2-CFP_STLC_MG132_DMSO_well3_point5_13min01_R3D_D3D_Z03_C0_T0.tif,4722.789878517795,4372.0925,9346.6,Expt2021_006_Set2_HeLaYFP-PP1_Nuf2-CFP_STLC_MG132_DMSO_well3_point5_13min01_R3D_D3D_Z03_C1_T0.tif,7934.5363092904745,4268.735
62,3_10,8,5775.75,Expt2021_006_Set2_HeLaYFP-PP1_Nuf2-CFP_STLC_MG132_DMSO_well3_point5_13min01_R3D_D3D_Z03_C0_T0.tif,4722.789878517795,4372.0925,8669.75,Expt2021_006_Set2_HeLaYFP-PP1_Nuf2-CFP_STLC_MG132_DMSO_well3_point5_13min01_R3D_D3D_Z03_C1_T0.tif,7934.5363092904745,4268.735
63,3_11,23,6163.826086956522,Expt2021_006_Set2_HeLaYFP-PP1_Nuf2-CFP_STLC_MG132_DMSO_well3_point5_13min01_R3D_D3D_Z03_C0_T0.tif,4722.789878517795,4372.0925,9793.652173913044,Expt2021_006_Set2_HeLaYFP-PP1_Nuf2-CFP_STLC_MG132_DMSO_well3_point5_13min01_R3D_D3D_Z03_C1_T0.tif,7934.5363092904745,4268.735
64,3_12,22,6233.227272727273,Expt2021_006_Set2_HeLaYFP-PP1_Nuf2-CFP_STLC_MG132_DMSO_well3_point5_13min01_R3D_D3D_Z03_C0_T0.tif,4722.789878517795,4372.0925,9046.772727272728,Expt2021_006_Set2_HeLaYFP-PP1_Nuf2-CFP_STLC_MG132_DMSO_well3_point5_13min01_R3D_D3D_Z03_C1_T0.tif,7934.5363092904745,4268.735
65,3_13,12,6963.166666666667,Expt2021_006_Set2_HeLaYFP-PP1_Nuf2-CFP_STLC_MG132_DMSO_well3_point5_13min01_R3D_D3D_Z03_C0_T0.tif,4722.789878517795,4372.0925,9832.666666666666,Expt2021_006_Set2_HeLaYFP-PP1_Nuf2-CFP_STLC_MG132_DMSO_well3_point5_13min01_R3D_D3D_Z03_C1_T0.tif,7934.5363092904745,4268.735
66,3_14,12,6043.5,Expt2021_006_Set2_HeLaYFP-PP1_Nuf2-CFP_STLC_MG132_DMSO_well3_point5_13min01_R3D_D3D_Z03_C0_T0.tif,4722.789878517795,4372.0925,8465.416666666666,Expt2021_006_Set2_HeLaYFP-PP1_Nuf2-CFP_STLC_MG132_DMSO_well3_point5_13min01_R3D_D3D_Z03_C1_T0.tif,7934.5363092904745,4268.735
67,3_15,14,6035.928571428572,Expt2021_006_Set2_HeLaYFP-PP1_Nuf2-CFP_STLC_MG132_DMSO_well3_point5_13min01_R3D_D3D_Z03_C0_T0.tif,4722.789878517795,4372.0925,9068.142857142857,Expt2021_006_Set2_HeLaYFP-PP1_Nuf2-CFP_STLC_MG132_DMSO_well3_point5_13min01_R3D_D3D_Z03_C1_T0.tif,7934.5363092904745,4268.735
68,3_16,17,5891.35294117647,Expt2021_006_Set2_HeLaYFP-PP1_Nuf2-CFP_STLC_MG132_DMSO_well3_point5_13min01_R3D_D3D_Z03_C0_T0.tif,4722.789878517795,4372.0925,9089.411764705883,Expt2021_006_Set2_HeLaYFP-PP1_Nuf2-CFP_STLC_MG132_DMSO_well3_point5_13min01_R3D_D3D_Z03_C1_T0.tif,7934.5363092904745,4268.735
69,3_17,16,6161.0,Expt2021_006_Set2_HeLaYFP-PP1_Nuf2-CFP_STLC_MG132_DMSO_well3_point5_13min01_R3D_D3D_Z03_C0_T0.tif,4722.789878517795,4372.0925,8888.25,Expt2021_006_Set2_HeLaYFP-PP1_Nuf2-CFP_STLC_MG132_DMSO_well3_point5_13min01_R3D_D3D_Z03_C1_T0.tif,7934.5363092904745,4268.735
70,3_18,13,5945.538461538462,Expt2021_006_Set2_HeLaYFP-PP1_Nuf2-CFP_STLC_MG132_DMSO_well3_point5_13min01_R3D_D3D_Z03_C0_T0.tif,4722.789878517795,4372.0925,9995.76923076923,Expt2021_006_Set2_HeLaYFP-PP1_Nuf2-CFP_STLC_MG132_DMSO_well3_point5_13min01_R3D_D3D_Z03_C1_T0.tif,7934.5363092904745,4268.735
71,3_19,10,6187.4,Expt2021_006_Set2_HeLaYFP-PP1_Nuf2-CFP_STLC_MG132_DMSO_well3_point5_13min01_R3D_D3D_Z03_C0_T0.tif,4722.789878517795,4372.0925,9400.5,Expt2021_006_Set2_HeLaYFP-PP1_Nuf2-CFP_STLC_MG132_DMSO_well3_point5_13min01_R3D_D3D_Z03_C1_T0.tif,7934.5363092904745,4268.735
72,3_20,20,6214.75,Expt2021_006_Set2_HeLaYFP-PP1_Nuf2-CFP_STLC_MG132_DMSO_well3_point5_13min01_R3D_D3D_Z03_C0_T0.tif,4722.789878517795,4372.0925,9470.15,Expt2021_006_Set2_HeLaYFP-PP1_Nuf2-CFP_STLC_MG132_DMSO_well3_point5_13min01_R3D_D3D_Z03_C1_T0.tif,7934.5363092904745,4268.735
73,4_1,5,6418.2,Expt2021_006_Set2_HeLaYFP-PP1_Nuf2-CFP_STLC_MG132_DMSO_well3_point5_13min01_R3D_D3D_Z04_C0_T0.tif,4710.374992662166,4349.875,8819.2,Expt2021_006_Set2_HeLaYFP-PP1_Nuf2-CFP_STLC_MG132_DMSO_well3_point5_13min01_R3D_D3D_Z04_C1_T0.tif,7861.154828993393,4256.6525
74,4_2,21,5940.047619047619,Expt2021_006_Set2_HeLaYFP-PP1_Nuf2-CFP_STLC_MG132_DMSO_well3_point5_13min01_R3D_D3D_Z04_C0_T0.tif,4710.374992662166,4349.875,9014.809523809523,Expt2021_006_Set2_HeLaYFP-PP1_Nuf2-CFP_STLC_MG132_DMSO_well3_point5_13min01_R3D_D3D_Z04_C1_T0.tif,7861.154828993393,4256.6525
75,4_3,10,5847.4,Expt2021_006_Set2_HeLaYFP-PP1_Nuf2-CFP_STLC_MG132_DMSO_well3_point5_13min01_R3D_D3D_Z04_C0_T0.tif,4710.374992662166,4349.875,8619.3,Expt2021_006_Set2_HeLaYFP-PP1_Nuf2-CFP_STLC_MG132_DMSO_well3_point5_13min01_R3D_D3D_Z04_C1_T0.tif,7861.154828993393,4256.6525
76,4_4,12,6148.833333333333,Expt2021_006_Set2_HeLaYFP-PP1_Nuf2-CFP_STLC_MG132_DMSO_well3_point5_13min01_R3D_D3D_Z04_C0_T0.tif,4710.374992662166,4349.875,8301.5,Expt2021_006_Set2_HeLaYFP-PP1_Nuf2-CFP_STLC_MG132_DMSO_well3_point5_13min01_R3D_D3D_Z04_C1_T0.tif,7861.154828993393,4256.6525
77,4_5,12,6183.666666666667,Expt2021_006_Set2_HeLaYFP-PP1_Nuf2-CFP_STLC_MG132_DMSO_well3_point5_13min01_R3D_D3D_Z04_C0_T0.tif,4710.374992662166,4349.875,8858.583333333334,Expt2021_006_Set2_HeLaYFP-PP1_Nuf2-CFP_STLC_MG132_DMSO_well3_point5_13min01_R3D_D3D_Z04_C1_T0.tif,7861.154828993393,4256.6525
78,4_6,12,6037.166666666667,Expt2021_006_Set2_HeLaYFP-PP1_Nuf2-CFP_STLC_MG132_DMSO_well3_point5_13min01_R3D_D3D_Z04_C0_T0.tif,4710.374992662166,4349.875,8946.25,Expt2021_006_Set2_HeLaYFP-PP1_Nuf2-CFP_STLC_MG132_DMSO_well3_point5_13min01_R3D_D3D_Z04_C1_T0.tif,7861.154828993393,4256.6525
79,4_7,12,5794.0,Expt2021_006_Set2_HeLaYFP-PP1_Nuf2-CFP_STLC_MG132_DMSO_well3_point5_13min01_R3D_D3D_Z04_C0_T0.tif,4710.374992662166,4349.875,8919.916666666666,Expt2021_006_Set2_HeLaYFP-PP1_Nuf2-CFP_STLC_MG132_DMSO_well3_point5_13min01_R3D_D3D_Z04_C1_T0.tif,7861.154828993393,4256.6525
80,4_8,14,6580.142857142857,Expt2021_006_Set2_HeLaYFP-PP1_Nuf2-CFP_STLC_MG132_DMSO_well3_point5_13min01_R3D_D3D_Z04_C0_T0.tif,4710.374992662166,4349.875,9985.07142857143,Expt2021_006_Set2_HeLaYFP-PP1_Nuf2-CFP_STLC_MG132_DMSO_well3_point5_13min01_R3D_D3D_Z04_C1_T0.tif,7861.154828993393,4256.6525
81,4_9,24,6018.375,Expt2021_006_Set2_HeLaYFP-PP1_Nuf2-CFP_STLC_MG132_DMSO_well3_point5_13min01_R3D_D3D_Z04_C0_T0.tif,4710.374992662166,4349.875,9057.041666666666,Expt2021_006_Set2_HeLaYFP-PP1_Nuf2-CFP_STLC_MG132_DMSO_well3_point5_13min01_R3D_D3D_Z04_C1_T0.tif,7861.154828993393,4256.6525
82,4_10,20,6350.2,Expt2021_006_Set2_HeLaYFP-PP1_Nuf2-CFP_STLC_MG132_DMSO_well3_point5_13min01_R3D_D3D_Z04_C0_T0.tif,4710.374992662166,4349.875,9909.5,Expt2021_006_Set2_HeLaYFP-PP1_Nuf2-CFP_STLC_MG132_DMSO_well3_point5_13min01_R3D_D3D_Z04_C1_T0.tif,7861.154828993393,4256.6525
83,4_11,27,5956.962962962963,Expt2021_006_Set2_HeLaYFP-PP1_Nuf2-CFP_STLC_MG132_DMSO_well3_point5_13min01_R3D_D3D_Z04_C0_T0.tif,4710.374992662166,4349.875,8600.592592592593,Expt2021_006_Set2_HeLaYFP-PP1_Nuf2-CFP_STLC_MG132_DMSO_well3_point5_13min01_R3D_D3D_Z04_C1_T0.tif,7861.154828993393,4256.6525
84,4_12,8,5637.0,Expt2021_006_Set2_HeLaYFP-PP1_Nuf2-CFP_STLC_MG132_DMSO_well3_point5_13min01_R3D_D3D_Z04_C0_T0.tif,4710.374992662166,4349.875,8726.0,Expt2021_006_Set2_HeLaYFP-PP1_Nuf2-CFP_STLC_MG132_DMSO_well3_point5_13min01_R3D_D3D_Z04_C1_T0.tif,7861.154828993393,4256.6525
85,4_13,14,6028.714285714285,Expt2021_006_Set2_HeLaYFP-PP1_Nuf2-CFP_STLC_MG132_DMSO_well3_point5_13min01_R3D_D3D_Z04_C0_T0.tif,4710.374992662166,4349.875,9350.92857142857,Expt2021_006_Set2_HeLaYFP-PP1_Nuf2-CFP_STLC_MG132_DMSO_well3_point5_13min01_R3D_D3D_Z04_C1_T0.tif,7861.154828993393,4256.6525
86,4_14,36,5882.361111111111,Expt2021_006_Set2_HeLaYFP-PP1_Nuf2-CFP_STLC_MG132_DMSO_well3_point5_13min01_R3D_D3D_Z04_C0_T0.tif,4710.374992662166,4349.875,9345.694444444445,Expt2021_006_Set2_HeLaYFP-PP1_Nuf2-CFP_STLC_MG132_DMSO_well3_point5_13min01_R3D_D3D_Z04_C1_T0.tif,7861.154828993393,4256.6525
87,4_15,26,6215.076923076923,Expt2021_006_Set2_HeLaYFP-PP1_Nuf2-CFP_STLC_MG132_DMSO_well3_point5_13min01_R3D_D3D_Z04_C0_T0.tif,4710.374992662166,4349.875,8663.615384615385,Expt2021_006_Set2_HeLaYFP-PP1_Nuf2-CFP_STLC_MG132_DMSO_well3_point5_13min01_R3D_D3D_Z04_C1_T0.tif,7861.154828993393,4256.6525
88,5_1,12,6212.916666666667,Expt2021_006_Set2_HeLaYFP-PP1_Nuf2-CFP_STLC_MG132_DMSO_well3_point5_13min01_R3D_D3D_Z05_C0_T0.tif,4703.683634211305,4355.6925,8285.0,Expt2021_006_Set2_HeLaYFP-PP1_Nuf2-CFP_STLC_MG132_DMSO_well3_point5_13min01_R3D_D3D_Z05_C1_T0.tif,7791.957964922452,4238.945
89,5_2,8,6005.625,Expt2021_006_Set2_HeLaYFP-PP1_Nuf2-CFP_STLC_MG132_DMSO_well3_point5_13min01_R3D_D3D_Z05_C0_T0.tif,4703.683634211305,4355.6925,8179.125,Expt2021_006_Set2_HeLaYFP-PP1_Nuf2-CFP_STLC_MG132_DMSO_well3_point5_13min01_R3D_D3D_Z05_C1_T0.tif,7791.957964922452,4238.945
90,5_3,12,5715.5,Expt2021_006_Set2_HeLaYFP-PP1_Nuf2-CFP_STLC_MG132_DMSO_well3_point5_13min01_R3D_D3D_Z05_C0_T0.tif,4703.683634211305,4355.6925,8527.5,Expt2021_006_Set2_HeLaYFP-PP1_Nuf2-CFP_STLC_MG132_DMSO_well3_point5_13min01_R3D_D3D_Z05_C1_T0.tif,7791.957964922452,4238.945
91,5_4,10,5867.9,Expt2021_006_Set2_HeLaYFP-PP1_Nuf2-CFP_STLC_MG132_DMSO_well3_point5_13min01_R3D_D3D_Z05_C0_T0.tif,4703.683634211305,4355.6925,9094.0,Expt2021_006_Set2_HeLaYFP-PP1_Nuf2-CFP_STLC_MG132_DMSO_well3_point5_13min01_R3D_D3D_Z05_C1_T0.tif,7791.957964922452,4238.945
92,5_5,14,6132.857142857143,Expt2021_006_Set2_HeLaYFP-PP1_Nuf2-CFP_STLC_MG132_DMSO_well3_point5_13min01_R3D_D3D_Z05_C0_T0.tif,4703.683634211305,4355.6925,8538.0,Expt2021_006_Set2_HeLaYFP-PP1_Nuf2-CFP_STLC_MG132_DMSO_well3_point5_13min01_R3D_D3D_Z05_C1_T0.tif,7791.957964922452,4238.945
93,5_6,10,5481.8,Expt2021_006_Set2_HeLaYFP-PP1_Nuf2-CFP_STLC_MG132_DMSO_well3_point5_13min01_R3D_D3D_Z05_C0_T0.tif,4703.683634211305,4355.6925,8443.2,Expt2021_006_Set2_HeLaYFP-PP1_Nuf2-CFP_STLC_MG132_DMSO_well3_point5_13min01_R3D_D3D_Z05_C1_T0.tif,7791.957964922452,4238.945
94,5_7,11,5709.636363636364,Expt2021_006_Set2_HeLaYFP-PP1_Nuf2-CFP_STLC_MG132_DMSO_well3_point5_13min01_R3D_D3D_Z05_C0_T0.tif,4703.683634211305,4355.6925,9530.90909090909,Expt2021_006_Set2_HeLaYFP-PP1_Nuf2-CFP_STLC_MG132_DMSO_well3_point5_13min01_R3D_D3D_Z05_C1_T0.tif,7791.957964922452,4238.945
95,5_8,8,5908.5,Expt2021_006_Set2_HeLaYFP-PP1_Nuf2-CFP_STLC_MG132_DMSO_well3_point5_13min01_R3D_D3D_Z05_C0_T0.tif,4703.683634211305,4355.6925,8259.875,Expt2021_006_Set2_HeLaYFP-PP1_Nuf2-CFP_STLC_MG132_DMSO_well3_point5_13min01_R3D_D3D_Z05_C1_T0.tif,7791.957964922452,4238.945
96,5_9,5,5510.4,Expt2021_006_Set2_HeLaYFP-PP1_Nuf2-CFP_STLC_MG132_DMSO_well3_point5_13min01_R3D_D3D_Z05_C0_T0.tif,4703.683634211305,4355.6925,8386.4,Expt2021_006_Set2_HeLaYFP-PP1_Nuf2-CFP_STLC_MG132_DMSO_well3_point5_13min01_R3D_D3D_Z05_C1_T0.tif,7791.957964922452,4238.945
97,5_10,22,6164.818181818182,Expt2021_006_Set2_HeLaYFP-PP1_Nuf2-CFP_STLC_MG132_DMSO_well3_point5_13min01_R3D_D3D_Z05_C0_T0.tif,4703.683634211305,4355.6925,9728.181818181818,Expt2021_006_Set2_HeLaYFP-PP1_Nuf2-CFP_STLC_MG132_DMSO_well3_point5_13min01_R3D_D3D_Z05_C1_T0.tif,7791.957964922452,4238.945
98,5_11,16,6090.25,Expt2021_006_Set2_HeLaYFP-PP1_Nuf2-CFP_STLC_MG132_DMSO_well3_point5_13min01_R3D_D3D_Z05_C0_T0.tif,4703.683634211305,4355.6925,8392.9375,Expt2021_006_Set2_HeLaYFP-PP1_Nuf2-CFP_STLC_MG132_DMSO_well3_point5_13min01_R3D_D3D_Z05_C1_T0.tif,7791.957964922452,4238.945
99,5_12,23,5915.217391304348,Expt2021_006_Set2_HeLaYFP-PP1_Nuf2-CFP_STLC_MG132_DMSO_well3_point5_13min01_R3D_D3D_Z05_C0_T0.tif,4703.683634211305,4355.6925,9841.260869565218,Expt2021_006_Set2_HeLaYFP-PP1_Nuf2-CFP_STLC_MG132_DMSO_well3_point5_13min01_R3D_D3D_Z05_C1_T0.tif,7791.957964922452,4238.945
100,5_13,10,5619.8,Expt2021_006_Set2_HeLaYFP-PP1_Nuf2-CFP_STLC_MG132_DMSO_well3_point5_13min01_R3D_D3D_Z05_C0_T0.tif,4703.683634211305,4355.6925,9323.7,Expt2021_006_Set2_HeLaYFP-PP1_Nuf2-CFP_STLC_MG132_DMSO_well3_point5_13min01_R3D_D3D_Z05_C1_T0.tif,7791.957964922452,4238.945
101,5_14,29,5935.758620689655,Expt2021_006_Set2_HeLaYFP-PP1_Nuf2-CFP_STLC_MG132_DMSO_well3_point5_13min01_R3D_D3D_Z05_C0_T0.tif,4703.683634211305,4355.6925,8266.724137931034,Expt2021_006_Set2_HeLaYFP-PP1_Nuf2-CFP_STLC_MG132_DMSO_well3_point5_13min01_R3D_D3D_Z05_C1_T0.tif,7791.957964922452,4238.945
102,5_15,23,5764.608695652174,Expt2021_006_Set2_HeLaYFP-PP1_Nuf2-CFP_STLC_MG132_DMSO_well3_point5_13min01_R3D_D3D_Z05_C0_T0.tif,4703.683634211305,4355.6925,8976.08695652174,Expt2021_006_Set2_HeLaYFP-PP1_Nuf2-CFP_STLC_MG132_DMSO_well3_point5_13min01_R3D_D3D_Z05_C1_T0.tif,7791.957964922452,4238.945
103,5_16,29,5825.827586206897,Expt2021_006_Set2_HeLaYFP-PP1_Nuf2-CFP_STLC_MG132_DMSO_well3_point5_13min01_R3D_D3D_Z05_C0_T0.tif,4703.683634211305,4355.6925,8969.034482758621,Expt2021_006_Set2_HeLaYFP-PP1_Nuf2-CFP_STLC_MG132_DMSO_well3_point5_13min01_R3D_D3D_Z05_C1_T0.tif,7791.957964922452,4238.945
104,5_17,8,5573.625,Expt2021_006_Set2_HeLaYFP-PP1_Nuf2-CFP_STLC_MG132_DMSO_well3_point5_13min01_R3D_D3D_Z05_C0_T0.tif,4703.683634211305,4355.6925,8699.5,Expt2021_006_Set2_HeLaYFP-PP1_Nuf2-CFP_STLC_MG132_DMSO_well3_point5_13min01_R3D_D3D_Z05_C1_T0.tif,7791.957964922452,4238.945
105,5_18,19,6145.210526315789,Expt2021_006_Set2_HeLaYFP-PP1_Nuf2-CFP_STLC_MG132_DMSO_well3_point5_13min01_R3D_D3D_Z05_C0_T0.tif,4703.683634211305,4355.6925,8852.578947368422,Expt2021_006_Set2_HeLaYFP-PP1_Nuf2-CFP_STLC_MG132_DMSO_well3_point5_13min01_R3D_D3D_Z05_C1_T0.tif,7791.957964922452,4238.945
106,5_19,8,6014.25,Expt2021_006_Set2_HeLaYFP-PP1_Nuf2-CFP_STLC_MG132_DMSO_well3_point5_13min01_R3D_D3D_Z05_C0_T0.tif,4703.683634211305,4355.6925,7658.125,Expt2021_006_Set2_HeLaYFP-PP1_Nuf2-CFP_STLC_MG132_DMSO_well3_point5_13min01_R3D_D3D_Z05_C1_T0.tif,7791.957964922452,4238.945
107,6_1,14,5726.214285714285,Expt2021_006_Set2_HeLaYFP-PP1_Nuf2-CFP_STLC_MG132_DMSO_well3_point5_13min01_R3D_D3D_Z06_C0_T0.tif,4689.251618759456,4339.6225,8254.857142857143,Expt2021_006_Set2_HeLaYFP-PP1_Nuf2-CFP_STLC_MG132_DMSO_well3_point5_13min01_R3D_D3D_Z06_C1_T0.tif,7704.599923576615,4222.5275
108,6_2,17,5646.764705882353,Expt2021_006_Set2_HeLaYFP-PP1_Nuf2-CFP_STLC_MG132_DMSO_well3_point5_13min01_R3D_D3D_Z06_C0_T0.tif,4689.251618759456,4339.6225,8479.529411764706,Expt2021_006_Set2_HeLaYFP-PP1_Nuf2-CFP_STLC_MG132_DMSO_well3_point5_13min01_R3D_D3D_Z06_C1_T0.tif,7704.599923576615,4222.5275
109,6_3,14,5347.928571428572,Expt2021_006_Set2_HeLaYFP-PP1_Nuf2-CFP_STLC_MG132_DMSO_well3_point5_13min01_R3D_D3D_Z06_C0_T0.tif,4689.251618759456,4339.6225,8771.57142857143,Expt2021_006_Set2_HeLaYFP-PP1_Nuf2-CFP_STLC_MG132_DMSO_well3_point5_13min01_R3D_D3D_Z06_C1_T0.tif,7704.599923576615,4222.5275
110,6_4,23,5773.130434782609,Expt2021_006_Set2_HeLaYFP-PP1_Nuf2-CFP_STLC_MG132_DMSO_well3_point5_13min01_R3D_D3D_Z06_C0_T0.tif,4689.251618759456,4339.6225,8729.08695652174,Expt2021_006_Set2_HeLaYFP-PP1_Nuf2-CFP_STLC_MG132_DMSO_well3_point5_13min01_R3D_D3D_Z06_C1_T0.tif,7704.599923576615,4222.5275
111,6_5,8,6378.5,Expt2021_006_Set2_HeLaYFP-PP1_Nuf2-CFP_STLC_MG132_DMSO_well3_point5_13min01_R3D_D3D_Z06_C0_T0.tif,4689.251618759456,4339.6225,8593.5,Expt2021_006_Set2_HeLaYFP-PP1_Nuf2-CFP_STLC_MG132_DMSO_well3_point5_13min01_R3D_D3D_Z06_C1_T0.tif,7704.599923576615,4222.5275
112,6_6,12,5960.166666666667,Expt2021_006_Set2_HeLaYFP-PP1_Nuf2-CFP_STLC_MG132_DMSO_well3_point5_13min01_R3D_D3D_Z06_C0_T0.tif,4689.251618759456,4339.6225,8288.0,Expt2021_006_Set2_HeLaYFP-PP1_Nuf2-CFP_STLC_MG132_DMSO_well3_point5_13min01_R3D_D3D_Z06_C1_T0.tif,7704.599923576615,4222.5275
113,6_7,8,5859.875,Expt2021_006_Set2_HeLaYFP-PP1_Nuf2-CFP_STLC_MG132_DMSO_well3_point5_13min01_R3D_D3D_Z06_C0_T0.tif,4689.251618759456,4339.6225,8274.75,Expt2021_006_Set2_HeLaYFP-PP1_Nuf2-CFP_STLC_MG132_DMSO_well3_point5_13min01_R3D_D3D_Z06_C1_T0.tif,7704.599923576615,4222.5275
114,6_8,16,5684.6875,Expt2021_006_Set2_HeLaYFP-PP1_Nuf2-CFP_STLC_MG132_DMSO_well3_point5_13min01_R3D_D3D_Z06_C0_T0.tif,4689.251618759456,4339.6225,8481.0625,Expt2021_006_Set2_HeLaYFP-PP1_Nuf2-CFP_STLC_MG132_DMSO_well3_point5_13min01_R3D_D3D_Z06_C1_T0.tif,7704.599923576615,4222.5275
115,6_9,14,5459.357142857143,Expt2021_006_Set2_HeLaYFP-PP1_Nuf2-CFP_STLC_MG132_DMSO_well3_point5_13min01_R3D_D3D_Z06_C0_T0.tif,4689.251618759456,4339.6225,9024.142857142857,Expt2021_006_Set2_HeLaYFP-PP1_Nuf2-CFP_STLC_MG132_DMSO_well3_point5_13min01_R3D_D3D_Z06_C1_T0.tif,7704.599923576615,4222.5275
116,6_10,22,5566.454545454545,Expt2021_006_Set2_HeLaYFP-PP1_Nuf2-CFP_STLC_MG132_DMSO_well3_point5_13min01_R3D_D3D_Z06_C0_T0.tif,4689.251618759456,4339.6225,9260.318181818182,Expt2021_006_Set2_HeLaYFP-PP1_Nuf2-CFP_STLC_MG132_DMSO_well3_point5_13min01_R3D_D3D_Z06_C1_T0.tif,7704.599923576615,4222.5275
117,6_11,14,6038.785714285715,Expt2021_006_Set2_HeLaYFP-PP1_Nuf2-CFP_STLC_MG132_DMSO_well3_point5_13min01_R3D_D3D_Z06_C0_T0.tif,4689.251618759456,4339.6225,8770.57142857143,Expt2021_006_Set2_HeLaYFP-PP1_Nuf2-CFP_STLC_MG132_DMSO_well3_point5_13min01_R3D_D3D_Z06_C1_T0.tif,7704.599923576615,4222.5275
118,6_12,38,5650.526315789473,Expt2021_006_Set2_HeLaYFP-PP1_Nuf2-CFP_STLC_MG132_DMSO_well3_point5_13min01_R3D_D3D_Z06_C0_T0.tif,4689.251618759456,4339.6225,8439.394736842105,Expt2021_006_Set2_HeLaYFP-PP1_Nuf2-CFP_STLC_MG132_DMSO_well3_point5_13min01_R3D_D3D_Z06_C1_T0.tif,7704.599923576615,4222.5275
119,6_13,13,6358.0,Expt2021_006_Set2_HeLaYFP-PP1_Nuf2-CFP_STLC_MG132_DMSO_well3_point5_13min01_R3D_D3D_Z06_C0_T0.tif,4689.251618759456,4339.6225,9291.923076923076,Expt2021_006_Set2_HeLaYFP-PP1_Nuf2-CFP_STLC_MG132_DMSO_well3_point5_13min01_R3D_D3D_Z06_C1_T0.tif,7704.599923576615,4222.5275
120,6_14,5,5621.2,Expt2021_006_Set2_HeLaYFP-PP1_Nuf2-CFP_STLC_MG132_DMSO_well3_point5_13min01_R3D_D3D_Z06_C0_T0.tif,4689.251618759456,4339.6225,9965.2,Expt2021_006_Set2_HeLaYFP-PP1_Nuf2-CFP_STLC_MG132_DMSO_well3_point5_13min01_R3D_D3D_Z06_C1_T0.tif,7704.599923576615,4222.5275
121,6_15,35,5780.228571428572,Expt2021_006_Set2_HeLaYFP-PP1_Nuf2-CFP_STLC_MG132_DMSO_well3_point5_13min01_R3D_D3D_Z06_C0_T0.tif,4689.251618759456,4339.6225,9111.171428571428,Expt2021_006_Set2_HeLaYFP-PP1_Nuf2-CFP_STLC_MG132_DMSO_well3_point5_13min01_R3D_D3D_Z06_C1_T0.tif,7704.599923576615,4222.5275
122,6_16,8,5564.125,Expt2021_006_Set2_HeLaYFP-PP1_Nuf2-CFP_STLC_MG132_DMSO_well3_point5_13min01_R3D_D3D_Z06_C0_T0.tif,4689.251618759456,4339.6225,8441.125,Expt2021_006_Set2_HeLaYFP-PP1_Nuf2-CFP_STLC_MG132_DMSO_well3_point5_13min01_R3D_D3D_Z06_C1_T0.tif,7704.599923576615,4222.5275
123,6_17,22,5585.818181818182,Expt2021_006_Set2_HeLaYFP-PP1_Nuf2-CFP_STLC_MG132_DMSO_well3_point5_13min01_R3D_D3D_Z06_C0_T0.tif,4689.251618759456,4339.6225,8460.318181818182,Expt2021_006_Set2_HeLaYFP-PP1_Nuf2-CFP_STLC_MG132_DMSO_well3_point5_13min01_R3D_D3D_Z06_C1_T0.tif,7704.599923576615,4222.5275
124,6_18,8,5828.625,Expt2021_006_Set2_HeLaYFP-PP1_Nuf2-CFP_STLC_MG132_DMSO_well3_point5_13min01_R3D_D3D_Z06_C0_T0.tif,4689.251618759456,4339.6225,8531.25,Expt2021_006_Set2_HeLaYFP-PP1_Nuf2-CFP_STLC_MG132_DMSO_well3_point5_13min01_R3D_D3D_Z06_C1_T0.tif,7704.599923576615,4222.5275
125,6_19,23,5705.521739130435,Expt2021_006_Set2_HeLaYFP-PP1_Nuf2-CFP_STLC_MG132_DMSO_well3_point5_13min01_R3D_D3D_Z06_C0_T0.tif,4689.251618759456,4339.6225,8610.478260869566,Expt2021_006_Set2_HeLaYFP-PP1_Nuf2-CFP_STLC_MG132_DMSO_well3_point5_13min01_R3D_D3D_Z06_C1_T0.tif,7704.599923576615,4222.5275
126,6_20,8,5508.125,Expt2021_006_Set2_HeLaYFP-PP1_Nuf2-CFP_STLC_MG132_DMSO_well3_point5_13min01_R3D_D3D_Z06_C0_T0.tif,4689.251618759456,4339.6225,8707.375,Expt2021_006_Set2_HeLaYFP-PP1_Nuf2-CFP_STLC_MG132_DMSO_well3_point5_13min01_R3D_D3D_Z06_C1_T0.tif,7704.599923576615,4222.5275
127,6_21,12,6100.166666666667,Expt2021_006_Set2_HeLaYFP-PP1_Nuf2-CFP_STLC_MG132_DMSO_well3_point5_13min01_R3D_D3D_Z06_C0_T0.tif,4689.251618759456,4339.6225,8193.0,Expt2021_006_Set2_HeLaYFP-PP1_Nuf2-CFP_STLC_MG132_DMSO_well3_point5_13min01_R3D_D3D_Z06_C1_T0.tif,7704.599923576615,4222.5275
128,7_1,5,5528.2,Expt2021_006_Set2_HeLaYFP-PP1_Nuf2-CFP_STLC_MG132_DMSO_well3_point5_13min01_R3D_D3D_Z07_C0_T0.tif,4664.90799625906,4307.2675,8234.0,Expt2021_006_Set2_HeLaYFP-PP1_Nuf2-CFP_STLC_MG132_DMSO_well3_point5_13min01_R3D_D3D_Z07_C1_T0.tif,7681.737898298712,4166.7025
129,7_2,5,5812.6,Expt2021_006_Set2_HeLaYFP-PP1_Nuf2-CFP_STLC_MG132_DMSO_well3_point5_13min01_R3D_D3D_Z07_C0_T0.tif,4664.90799625906,4307.2675,7925.2,Expt2021_006_Set2_HeLaYFP-PP1_Nuf2-CFP_STLC_MG132_DMSO_well3_point5_13min01_R3D_D3D_Z07_C1_T0.tif,7681.737898298712,4166.7025
130,7_3,14,5526.142857142857,Expt2021_006_Set2_HeLaYFP-PP1_Nuf2-CFP_STLC_MG132_DMSO_well3_point5_13min01_R3D_D3D_Z07_C0_T0.tif,4664.90799625906,4307.2675,8248.785714285714,Expt2021_006_Set2_HeLaYFP-PP1_Nuf2-CFP_STLC_MG132_DMSO_well3_point5_13min01_R3D_D3D_Z07_C1_T0.tif,7681.737898298712,4166.7025
131,7_4,13,6031.0,Expt2021_006_Set2_HeLaYFP-PP1_Nuf2-CFP_STLC_MG132_DMSO_well3_point5_13min01_R3D_D3D_Z07_C0_T0.tif,4664.90799625906,4307.2675,8508.923076923076,Expt2021_006_Set2_HeLaYFP-PP1_Nuf2-CFP_STLC_MG132_DMSO_well3_point5_13min01_R3D_D3D_Z07_C1_T0.tif,7681.737898298712,4166.7025
132,7_5,8,6675.875,Expt2021_006_Set2_HeLaYFP-PP1_Nuf2-CFP_STLC_MG132_DMSO_well3_point5_13min01_R3D_D3D_Z07_C0_T0.tif,4664.90799625906,4307.2675,8982.75,Expt2021_006_Set2_HeLaYFP-PP1_Nuf2-CFP_STLC_MG132_DMSO_well3_point5_13min01_R3D_D3D_Z07_C1_T0.tif,7681.737898298712,4166.7025
133,7_6,8,6262.75,Expt2021_006_Set2_HeLaYFP-PP1_Nuf2-CFP_STLC_MG132_DMSO_well3_point5_13min01_R3D_D3D_Z07_C0_T0.tif,4664.90799625906,4307.2675,8448.75,Expt2021_006_Set2_HeLaYFP-PP1_Nuf2-CFP_STLC_MG132_DMSO_well3_point5_13min01_R3D_D3D_Z07_C1_T0.tif,7681.737898298712,4166.7025
134,7_7,8,6380.75,Expt2021_006_Set2_HeLaYFP-PP1_Nuf2-CFP_STLC_MG132_DMSO_well3_point5_13min01_R3D_D3D_Z07_C0_T0.tif,4664.90799625906,4307.2675,8772.5,Expt2021_006_Set2_HeLaYFP-PP1_Nuf2-CFP_STLC_MG132_DMSO_well3_point5_13min01_R3D_D3D_Z07_C1_T0.tif,7681.737898298712,4166.7025
135,7_8,8,6028.375,Expt2021_006_Set2_HeLaYFP-PP1_Nuf2-CFP_STLC_MG132_DMSO_well3_point5_13min01_R3D_D3D_Z07_C0_T0.tif,4664.90799625906,4307.2675,7854.625,Expt2021_006_Set2_HeLaYFP-PP1_Nuf2-CFP_STLC_MG132_DMSO_well3_point5_13min01_R3D_D3D_Z07_C1_T0.tif,7681.737898298712,4166.7025
136,7_9,5,6035.0,Expt2021_006_Set2_HeLaYFP-PP1_Nuf2-CFP_STLC_MG132_DMSO_well3_point5_13min01_R3D_D3D_Z07_C0_T0.tif,4664.90799625906,4307.2675,8444.8,Expt2021_006_Set2_HeLaYFP-PP1_Nuf2-CFP_STLC_MG132_DMSO_well3_point5_13min01_R3D_D3D_Z07_C1_T0.tif,7681.737898298712,4166.7025
137,7_10,14,6364.857142857143,Expt2021_006_Set2_HeLaYFP-PP1_Nuf2-CFP_STLC_MG132_DMSO_well3_point5_13min01_R3D_D3D_Z07_C0_T0.tif,4664.90799625906,4307.2675,8552.214285714286,Expt2021_006_Set2_HeLaYFP-PP1_Nuf2-CFP_STLC_MG132_DMSO_well3_point5_13min01_R3D_D3D_Z07_C1_T0.tif,7681.737898298712,4166.7025
138,7_11,5,5673.8,Expt2021_006_Set2_HeLaYFP-PP1_Nuf2-CFP_STLC_MG132_DMSO_well3_point5_13min01_R3D_D3D_Z07_C0_T0.tif,4664.90799625906,4307.2675,8456.2,Expt2021_006_Set2_HeLaYFP-PP1_Nuf2-CFP_STLC_MG132_DMSO_well3_point5_13min01_R3D_D3D_Z07_C1_T0.tif,7681.737898298712,4166.7025
139,7_12,8,5914.5,Expt2021_006_Set2_HeLaYFP-PP1_Nuf2-CFP_STLC_MG132_DMSO_well3_point5_13min01_R3D_D3D_Z07_C0_T0.tif,4664.90799625906,4307.2675,8217.875,Expt2021_006_Set2_HeLaYFP-PP1_Nuf2-CFP_STLC_MG132_DMSO_well3_point5_13min01_R3D_D3D_Z07_C1_T0.tif,7681.737898298712,4166.7025
140,7_13,21,5897.476190476191,Expt2021_006_Set2_HeLaYFP-PP1_Nuf2-CFP_STLC_MG132_DMSO_well3_point5_13min01_R3D_D3D_Z07_C0_T0.tif,4664.90799625906,4307.2675,8577.619047619048,Expt2021_006_Set2_HeLaYFP-PP1_Nuf2-CFP_STLC_MG132_DMSO_well3_point5_13min01_R3D_D3D_Z07_C1_T0.tif,7681.737898298712,4166.7025
141,7_14,5,5771.4,Expt2021_006_Set2_HeLaYFP-PP1_Nuf2-CFP_STLC_MG132_DMSO_well3_point5_13min01_R3D_D3D_Z07_C0_T0.tif,4664.90799625906,4307.2675,9267.6,Expt2021_006_Set2_HeLaYFP-PP1_Nuf2-CFP_STLC_MG132_DMSO_well3_point5_13min01_R3D_D3D_Z07_C1_T0.tif,7681.737898298712,4166.7025
142,7_15,5,5582.6,Expt2021_006_Set2_HeLaYFP-PP1_Nuf2-CFP_STLC_MG132_DMSO_well3_point5_13min01_R3D_D3D_Z07_C0_T0.tif,4664.90799625906,4307.2675,9111.6,Expt2021_006_Set2_HeLaYFP-PP1_Nuf2-CFP_STLC_MG132_DMSO_well3_point5_13min01_R3D_D3D_Z07_C1_T0.tif,7681.737898298712,4166.7025
143,7_16,10,5877.5,Expt2021_006_Set2_HeLaYFP-PP1_Nuf2-CFP_STLC_MG132_DMSO_well3_point5_13min01_R3D_D3D_Z07_C0_T0.tif,4664.90799625906,4307.2675,8248.9,Expt2021_006_Set2_HeLaYFP-PP1_Nuf2-CFP_STLC_MG132_DMSO_well3_point5_13min01_R3D_D3D_Z07_C1_T0.tif,7681.737898298712,4166.7025
144,7_17,12,5718.916666666667,Expt2021_006_Set2_HeLaYFP-PP1_Nuf2-CFP_STLC_MG132_DMSO_well3_point5_13min01_R3D_D3D_Z07_C0_T0.tif,4664.90799625906,4307.2675,9017.0,Expt2021_006_Set2_HeLaYFP-PP1_Nuf2-CFP_STLC_MG132_DMSO_well3_point5_13min01_R3D_D3D_Z07_C1_T0.tif,7681.737898298712,4166.7025
145,7_18,5,5663.6,Expt2021_006_Set2_HeLaYFP-PP1_Nuf2-CFP_STLC_MG132_DMSO_well3_point5_13min01_R3D_D3D_Z07_C0_T0.tif,4664.90799625906,4307.2675,8474.6,Expt2021_006_Set2_HeLaYFP-PP1_Nuf2-CFP_STLC_MG132_DMSO_well3_point5_13min01_R3D_D3D_Z07_C1_T0.tif,7681.737898298712,4166.7025
146,7_19,12,6275.833333333333,Expt2021_006_Set2_HeLaYFP-PP1_Nuf2-CFP_STLC_MG132_DMSO_well3_point5_13min01_R3D_D3D_Z07_C0_T0.tif,4664.90799625906,4307.2675,8374.583333333334,Expt2021_006_Set2_HeLaYFP-PP1_Nuf2-CFP_STLC_MG132_DMSO_well3_point5_13min01_R3D_D3D_Z07_C1_T0.tif,7681.737898298712,4166.7025
147,8_1,8,6000.5,Expt2021_006_Set2_HeLaYFP-PP1_Nuf2-CFP_STLC_MG132_DMSO_well3_point5_13min01_R3D_D3D_Z08_C0_T0.tif,4646.505098493627,4264.76,7965.875,Expt2021_006_Set2_HeLaYFP-PP1_Nuf2-CFP_STLC_MG132_DMSO_well3_point5_13min01_R3D_D3D_Z08_C1_T0.tif,7664.532548799851,4164.5575
148,8_2,12,5920.833333333333,Expt2021_006_Set2_HeLaYFP-PP1_Nuf2-CFP_STLC_MG132_DMSO_well3_point5_13min01_R3D_D3D_Z08_C0_T0.tif,4646.505098493627,4264.76,8873.416666666666,Expt2021_006_Set2_HeLaYFP-PP1_Nuf2-CFP_STLC_MG132_DMSO_well3_point5_13min01_R3D_D3D_Z08_C1_T0.tif,7664.532548799851,4164.5575
149,8_3,10,6328.4,Expt2021_006_Set2_HeLaYFP-PP1_Nuf2-CFP_STLC_MG132_DMSO_well3_point5_13min01_R3D_D3D_Z08_C0_T0.tif,4646.505098493627,4264.76,8347.3,Expt2021_006_Set2_HeLaYFP-PP1_Nuf2-CFP_STLC_MG132_DMSO_well3_point5_13min01_R3D_D3D_Z08_C1_T0.tif,7664.532548799851,4164.5575
150,8_4,12,5999.333333333333,Expt2021_006_Set2_HeLaYFP-PP1_Nuf2-CFP_STLC_MG132_DMSO_well3_point5_13min01_R3D_D3D_Z08_C0_T0.tif,4646.505098493627,4264.76,8379.5,Expt2021_006_Set2_HeLaYFP-PP1_Nuf2-CFP_STLC_MG132_DMSO_well3_point5_13min01_R3D_D3D_Z08_C1_T0.tif,7664.532548799851,4164.5575
151,8_5,10,5902.3,Expt2021_006_Set2_HeLaYFP-PP1_Nuf2-CFP_STLC_MG132_DMSO_well3_point5_13min01_R3D_D3D_Z08_C0_T0.tif,4646.505098493627,4264.76,9370.6,Expt2021_006_Set2_HeLaYFP-PP1_Nuf2-CFP_STLC_MG132_DMSO_well3_point5_13min01_R3D_D3D_Z08_C1_T0.tif,7664.532548799851,4164.5575
152,8_6,14,6137.714285714285,Expt2021_006_Set2_HeLaYFP-PP1_Nuf2-CFP_STLC_MG132_DMSO_well3_point5_13min01_R3D_D3D_Z08_C0_T0.tif,4646.505098493627,4264.76,8111.214285714285,Expt2021_006_Set2_HeLaYFP-PP1_Nuf2-CFP_STLC_MG132_DMSO_well3_point5_13min01_R3D_D3D_Z08_C1_T0.tif,7664.532548799851,4164.5575
153,8_7,12,5917.583333333333,Expt2021_006_Set2_HeLaYFP-PP1_Nuf2-CFP_STLC_MG132_DMSO_well3_point5_13min01_R3D_D3D_Z08_C0_T0.tif,4646.505098493627,4264.76,9154.083333333334,Expt2021_006_Set2_HeLaYFP-PP1_Nuf2-CFP_STLC_MG132_DMSO_well3_point5_13min01_R3D_D3D_Z08_C1_T0.tif,7664.532548799851,4164.5575
154,8_8,5,6500.4,Expt2021_006_Set2_HeLaYFP-PP1_Nuf2-CFP_STLC_MG132_DMSO_well3_point5_13min01_R3D_D3D_Z08_C0_T0.tif,4646.505098493627,4264.76,8995.8,Expt2021_006_Set2_HeLaYFP-PP1_Nuf2-CFP_STLC_MG132_DMSO_well3_point5_13min01_R3D_D3D_Z08_C1_T0.tif,7664.532548799851,4164.5575
155,8_9,5,6027.8,Expt2021_006_Set2_HeLaYFP-PP1_Nuf2-CFP_STLC_MG132_DMSO_well3_point5_13min01_R3D_D3D_Z08_C0_T0.tif,4646.505098493627,4264.76,8222.2,Expt2021_006_Set2_HeLaYFP-PP1_Nuf2-CFP_STLC_MG132_DMSO_well3_point5_13min01_R3D_D3D_Z08_C1_T0.tif,7664.532548799851,4164.5575
156,8_10,10,6179.8,Expt2021_006_Set2_HeLaYFP-PP1_Nuf2-CFP_STLC_MG132_DMSO_well3_point5_13min01_R3D_D3D_Z08_C0_T0.tif,4646.505098493627,4264.76,8557.7,Expt2021_006_Set2_HeLaYFP-PP1_Nuf2-CFP_STLC_MG132_DMSO_well3_point5_13min01_R3D_D3D_Z08_C1_T0.tif,7664.532548799851,4164.5575
157,8_11,8,5804.125,Expt2021_006_Set2_HeLaYFP-PP1_Nuf2-CFP_STLC_MG132_DMSO_well3_point5_13min01_R3D_D3D_Z08_C0_T0.tif,4646.505098493627,4264.76,8870.625,Expt2021_006_Set2_HeLaYFP-PP1_Nuf2-CFP_STLC_MG132_DMSO_well3_point5_13min01_R3D_D3D_Z08_C1_T0.tif,7664.532548799851,4164.5575
158,8_12,10,6117.0,Expt2021_006_Set2_HeLaYFP-PP1_Nuf2-CFP_STLC_MG132_DMSO_well3_point5_13min01_R3D_D3D_Z08_C0_T0.tif,4646.505098493627,4264.76,9147.3,Expt2021_006_Set2_HeLaYFP-PP1_Nuf2-CFP_STLC_MG132_DMSO_well3_point5_13min01_R3D_D3D_Z08_C1_T0.tif,7664.532548799851,4164.5575
159,8_13,5,6612.6,Expt2021_006_Set2_HeLaYFP-PP1_Nuf2-CFP_STLC_MG132_DMSO_well3_point5_13min01_R3D_D3D_Z08_C0_T0.tif,4646.505098493627,4264.76,8217.6,Expt2021_006_Set2_HeLaYFP-PP1_Nuf2-CFP_STLC_MG132_DMSO_well3_point5_13min01_R3D_D3D_Z08_C1_T0.tif,7664.532548799851,4164.5575
160,8_14,14,5991.428571428572,Expt2021_006_Set2_HeLaYFP-PP1_Nuf2-CFP_STLC_MG132_DMSO_well3_point5_13min01_R3D_D3D_Z08_C0_T0.tif,4646.505098493627,4264.76,8801.92857142857,Expt2021_006_Set2_HeLaYFP-PP1_Nuf2-CFP_STLC_MG132_DMSO_well3_point5_13min01_R3D_D3D_Z08_C1_T0.tif,7664.532548799851,4164.5575
161,8_15,5,6210.8,Expt2021_006_Set2_HeLaYFP-PP1_Nuf2-CFP_STLC_MG132_DMSO_well3_point5_13min01_R3D_D3D_Z08_C0_T0.tif,4646.505098493627,4264.76,8966.4,Expt2021_006_Set2_HeLaYFP-PP1_Nuf2-CFP_STLC_MG132_DMSO_well3_point5_13min01_R3D_D3D_Z08_C1_T0.tif,7664.532548799851,4164.5575
162,8_16,8,5700.625,Expt2021_006_Set2_HeLaYFP-PP1_Nuf2-CFP_STLC_MG132_DMSO_well3_point5_13min01_R3D_D3D_Z08_C0_T0.tif,4646.505098493627,4264.76,8400.75,Expt2021_006_Set2_HeLaYFP-PP1_Nuf2-CFP_STLC_MG132_DMSO_well3_point5_13min01_R3D_D3D_Z08_C1_T0.tif,7664.532548799851,4164.5575
163,9_1,5,6329.6,Expt2021_006_Set2_HeLaYFP-PP1_Nuf2-CFP_STLC_MG132_DMSO_well3_point5_13min01_R3D_D3D_Z09_C0_T0.tif,4669.290731912507,4287.6625,7549.4,Expt2021_006_Set2_HeLaYFP-PP1_Nuf2-CFP_STLC_MG132_DMSO_well3_point5_13min01_R3D_D3D_Z09_C1_T0.tif,7657.9111694152925,4148.7075
164,9_2,5,5663.0,Expt2021_006_Set2_HeLaYFP-PP1_Nuf2-CFP_STLC_MG132_DMSO_well3_point5_13min01_R3D_D3D_Z09_C0_T0.tif,4669.290731912507,4287.6625,8200.4,Expt2021_006_Set2_HeLaYFP-PP1_Nuf2-CFP_STLC_MG132_DMSO_well3_point5_13min01_R3D_D3D_Z09_C1_T0.tif,7657.9111694152925,4148.7075
165,9_3,5,5439.2,Expt2021_006_Set2_HeLaYFP-PP1_Nuf2-CFP_STLC_MG132_DMSO_well3_point5_13min01_R3D_D3D_Z09_C0_T0.tif,4669.290731912507,4287.6625,8778.6,Expt2021_006_Set2_HeLaYFP-PP1_Nuf2-CFP_STLC_MG132_DMSO_well3_point5_13min01_R3D_D3D_Z09_C1_T0.tif,7657.9111694152925,4148.7075
166,9_4,12,5646.25,Expt2021_006_Set2_HeLaYFP-PP1_Nuf2-CFP_STLC_MG132_DMSO_well3_point5_13min01_R3D_D3D_Z09_C0_T0.tif,4669.290731912507,4287.6625,9256.833333333334,Expt2021_006_Set2_HeLaYFP-PP1_Nuf2-CFP_STLC_MG132_DMSO_well3_point5_13min01_R3D_D3D_Z09_C1_T0.tif,7657.9111694152925,4148.7075
167,9_5,10,5748.1,Expt2021_006_Set2_HeLaYFP-PP1_Nuf2-CFP_STLC_MG132_DMSO_well3_point5_13min01_R3D_D3D_Z09_C0_T0.tif,4669.290731912507,4287.6625,8388.5,Expt2021_006_Set2_HeLaYFP-PP1_Nuf2-CFP_STLC_MG132_DMSO_well3_point5_13min01_R3D_D3D_Z09_C1_T0.tif,7657.9111694152925,4148.7075
168,9_6,14,5651.428571428572,Expt2021_006_Set2_HeLaYFP-PP1_Nuf2-CFP_STLC_MG132_DMSO_well3_point5_13min01_R3D_D3D_Z09_C0_T0.tif,4669.290731912507,4287.6625,8429.57142857143,Expt2021_006_Set2_HeLaYFP-PP1_Nuf2-CFP_STLC_MG132_DMSO_well3_point5_13min01_R3D_D3D_Z09_C1_T0.tif,7657.9111694152925,4148.7075
169,9_7,5,5545.4,Expt2021_006_Set2_HeLaYFP-PP1_Nuf2-CFP_STLC_MG132_DMSO_well3_point5_13min01_R3D_D3D_Z09_C0_T0.tif,4669.290731912507,4287.6625,9033.8,Expt2021_006_Set2_HeLaYFP-PP1_Nuf2-CFP_STLC_MG132_DMSO_well3_point5_13min01_R3D_D3D_Z09_C1_T0.tif,7657.9111694152925,4148.7075
170,9_8,8,5872.375,Expt2021_006_Set2_HeLaYFP-PP1_Nuf2-CFP_STLC_MG132_DMSO_well3_point5_13min01_R3D_D3D_Z09_C0_T0.tif,4669.290731912507,4287.6625,8242.0,Expt2021_006_Set2_HeLaYFP-PP1_Nuf2-CFP_STLC_MG132_DMSO_well3_point5_13min01_R3D_D3D_Z09_C1_T0.tif,7657.9111694152925,4148.7075
171,9_9,8,5741.625,Expt2021_006_Set2_HeLaYFP-PP1_Nuf2-CFP_STLC_MG132_DMSO_well3_point5_13min01_R3D_D3D_Z09_C0_T0.tif,4669.290731912507,4287.6625,8719.25,Expt2021_006_Set2_HeLaYFP-PP1_Nuf2-CFP_STLC_MG132_DMSO_well3_point5_13min01_R3D_D3D_Z09_C1_T0.tif,7657.9111694152925,4148.7075
172,9_10,11,6235.090909090909,Expt2021_006_Set2_HeLaYFP-PP1_Nuf2-CFP_STLC_MG132_DMSO_well3_point5_13min01_R3D_D3D_Z09_C0_T0.tif,4669.290731912507,4287.6625,8658.363636363636,Expt2021_006_Set2_HeLaYFP-PP1_Nuf2-CFP_STLC_MG132_DMSO_well3_point5_13min01_R3D_D3D_Z09_C1_T0.tif,7657.9111694152925,4148.7075
173,9_11,5,5567.6,Expt2021_006_Set2_HeLaYFP-PP1_Nuf2-CFP_STLC_MG132_DMSO_well3_point5_13min01_R3D_D3D_Z09_C0_T0.tif,4669.290731912507,4287.6625,8764.4,Expt2021_006_Set2_HeLaYFP-PP1_Nuf2-CFP_STLC_MG132_DMSO_well3_point5_13min01_R3D_D3D_Z09_C1_T0.tif,7657.9111694152925,4148.7075
174,9_12,8,5807.375,Expt2021_006_Set2_HeLaYFP-PP1_Nuf2-CFP_STLC_MG132_DMSO_well3_point5_13min01_R3D_D3D_Z09_C0_T0.tif,4669.290731912507,4287.6625,8372.75,Expt2021_006_Set2_HeLaYFP-PP1_Nuf2-CFP_STLC_MG132_DMSO_well3_point5_13min01_R3D_D3D_Z09_C1_T0.tif,7657.9111694152925,4148.7075
175,9_13,10,6264.4,Expt2021_006_Set2_HeLaYFP-PP1_Nuf2-CFP_STLC_MG132_DMSO_well3_point5_13min01_R3D_D3D_Z09_C0_T0.tif,4669.290731912507,4287.6625,8395.6,Expt2021_006_Set2_HeLaYFP-PP1_Nuf2-CFP_STLC_MG132_DMSO_well3_point5_13min01_R3D_D3D_Z09_C1_T0.tif,7657.9111694152925,4148.7075
176,9_14,12,6090.166666666667,Expt2021_006_Set2_HeLaYFP-PP1_Nuf2-CFP_STLC_MG132_DMSO_well3_point5_13min01_R3D_D3D_Z09_C0_T0.tif,4669.290731912507,4287.6625,8662.833333333334,Expt2021_006_Set2_HeLaYFP-PP1_Nuf2-CFP_STLC_MG132_DMSO_well3_point5_13min01_R3D_D3D_Z09_C1_T0.tif,7657.9111694152925,4148.7075
177,9_15,23,6146.04347826087,Expt2021_006_Set2_HeLaYFP-PP1_Nuf2-CFP_STLC_MG132_DMSO_well3_point5_13min01_R3D_D3D_Z09_C0_T0.tif,4669.290731912507,4287.6625,9292.782608695652,Expt2021_006_Set2_HeLaYFP-PP1_Nuf2-CFP_STLC_MG132_DMSO_well3_point5_13min01_R3D_D3D_Z09_C1_T0.tif,7657.9111694152925,4148.7075
178,9_16,12,6207.333333333333,Expt2021_006_Set2_HeLaYFP-PP1_Nuf2-CFP_STLC_MG132_DMSO_well3_point5_13min01_R3D_D3D_Z09_C0_T0.tif,4669.290731912507,4287.6625,9138.083333333334,Expt2021_006_Set2_HeLaYFP-PP1_Nuf2-CFP_STLC_MG132_DMSO_well3_point5_13min01_R3D_D3D_Z09_C1_T0.tif,7657.9111694152925,4148.7075
179,9_17,5,5533.0,Expt2021_006_Set2_HeLaYFP-PP1_Nuf2-CFP_STLC_MG132_DMSO_well3_point5_13min01_R3D_D3D_Z09_C0_T0.tif,4669.290731912507,4287.6625,9388.0,Expt2021_006_Set2_HeLaYFP-PP1_Nuf2-CFP_STLC_MG132_DMSO_well3_point5_13min01_R3D_D3D_Z09_C1_T0.tif,7657.9111694152925,4148.7075
180,9_18,12,6004.916666666667,Expt2021_006_Set2_HeLaYFP-PP1_Nuf2-CFP_STLC_MG132_DMSO_well3_point5_13min01_R3D_D3D_Z09_C0_T0.tif,4669.290731912507,4287.6625,8774.666666666666,Expt2021_006_Set2_HeLaYFP-PP1_Nuf2-CFP_STLC_MG132_DMSO_well3_point5_13min01_R3D_D3D_Z09_C1_T0.tif,7657.9111694152925,4148.7075
181,10_1,12,6170.083333333333,Expt2021_006_Set2_HeLaYFP-PP1_Nuf2-CFP_STLC_MG132_DMSO_well3_point5_13min01_R3D_D3D_Z10_C0_T0.tif,4631.046534769375,4283.6475,8056.75,Expt2021_006_Set2_HeLaYFP-PP1_Nuf2-CFP_STLC_MG132_DMSO_well3_point5_13min01_R3D_D3D_Z10_C1_T0.tif,7627.902325581395,4116.2875
182,10_2,11,5898.454545454545,Expt2021_006_Set2_HeLaYFP-PP1_Nuf2-CFP_STLC_MG132_DMSO_well3_point5_13min01_R3D_D3D_Z10_C0_T0.tif,4631.046534769375,4283.6475,8368.90909090909,Expt2021_006_Set2_HeLaYFP-PP1_Nuf2-CFP_STLC_MG132_DMSO_well3_point5_13min01_R3D_D3D_Z10_C1_T0.tif,7627.902325581395,4116.2875
183,10_3,5,5598.2,Expt2021_006_Set2_HeLaYFP-PP1_Nuf2-CFP_STLC_MG132_DMSO_well3_point5_13min01_R3D_D3D_Z10_C0_T0.tif,4631.046534769375,4283.6475,8386.4,Expt2021_006_Set2_HeLaYFP-PP1_Nuf2-CFP_STLC_MG132_DMSO_well3_point5_13min01_R3D_D3D_Z10_C1_T0.tif,7627.902325581395,4116.2875
184,10_4,10,5438.2,Expt2021_006_Set2_HeLaYFP-PP1_Nuf2-CFP_STLC_MG132_DMSO_well3_point5_13min01_R3D_D3D_Z10_C0_T0.tif,4631.046534769375,4283.6475,8969.4,Expt2021_006_Set2_HeLaYFP-PP1_Nuf2-CFP_STLC_MG132_DMSO_well3_point5_13min01_R3D_D3D_Z10_C1_T0.tif,7627.902325581395,4116.2875
185,10_5,12,5551.833333333333,Expt2021_006_Set2_HeLaYFP-PP1_Nuf2-CFP_STLC_MG132_DMSO_well3_point5_13min01_R3D_D3D_Z10_C0_T0.tif,4631.046534769375,4283.6475,8942.75,Expt2021_006_Set2_HeLaYFP-PP1_Nuf2-CFP_STLC_MG132_DMSO_well3_point5_13min01_R3D_D3D_Z10_C1_T0.tif,7627.902325581395,4116.2875
186,10_6,8,5382.5,Expt2021_006_Set2_HeLaYFP-PP1_Nuf2-CFP_STLC_MG132_DMSO_well3_point5_13min01_R3D_D3D_Z10_C0_T0.tif,4631.046534769375,4283.6475,9194.5,Expt2021_006_Set2_HeLaYFP-PP1_Nuf2-CFP_STLC_MG132_DMSO_well3_point5_13min01_R3D_D3D_Z10_C1_T0.tif,7627.902325581395,4116.2875
187,10_7,8,5861.0,Expt2021_006_Set2_HeLaYFP-PP1_Nuf2-CFP_STLC_MG132_DMSO_well3_point5_13min01_R3D_D3D_Z10_C0_T0.tif,4631.046534769375,4283.6475,8562.0,Expt2021_006_Set2_HeLaYFP-PP1_Nuf2-CFP_STLC_MG132_DMSO_well3_point5_13min01_R3D_D3D_Z10_C1_T0.tif,7627.902325581395,4116.2875
188,10_8,8,6086.75,Expt2021_006_Set2_HeLaYFP-PP1_Nuf2-CFP_STLC_MG132_DMSO_well3_point5_13min01_R3D_D3D_Z10_C0_T0.tif,4631.046534769375,4283.6475,9096.125,Expt2021_006_Set2_HeLaYFP-PP1_Nuf2-CFP_STLC_MG132_DMSO_well3_point5_13min01_R3D_D3D_Z10_C1_T0.tif,7627.902325581395,4116.2875
189,10_9,17,5781.64705882353,Expt2021_006_Set2_HeLaYFP-PP1_Nuf2-CFP_STLC_MG132_DMSO_well3_point5_13min01_R3D_D3D_Z10_C0_T0.tif,4631.046534769375,4283.6475,8991.235294117647,Expt2021_006_Set2_HeLaYFP-PP1_Nuf2-CFP_STLC_MG132_DMSO_well3_point5_13min01_R3D_D3D_Z10_C1_T0.tif,7627.902325581395,4116.2875
190,10_10,8,6154.375,Expt2021_006_Set2_HeLaYFP-PP1_Nuf2-CFP_STLC_MG132_DMSO_well3_point5_13min01_R3D_D3D_Z10_C0_T0.tif,4631.046534769375,4283.6475,8366.75,Expt2021_006_Set2_HeLaYFP-PP1_Nuf2-CFP_STLC_MG132_DMSO_well3_point5_13min01_R3D_D3D_Z10_C1_T0.tif,7627.902325581395,4116.2875
191,10_11,5,5641.0,Expt2021_006_Set2_HeLaYFP-PP1_Nuf2-CFP_STLC_MG132_DMSO_well3_point5_13min01_R3D_D3D_Z10_C0_T0.tif,4631.046534769375,4283.6475,7729.0,Expt2021_006_Set2_HeLaYFP-PP1_Nuf2-CFP_STLC_MG132_DMSO_well3_point5_13min01_R3D_D3D_Z10_C1_T0.tif,7627.902325581395,4116.2875
192,10_12,8,5826.75,Expt2021_006_Set2_HeLaYFP-PP1_Nuf2-CFP_STLC_MG132_DMSO_well3_point5_13min01_R3D_D3D_Z10_C0_T0.tif,4631.046534769375,4283.6475,9045.125,Expt2021_006_Set2_HeLaYFP-PP1_Nuf2-CFP_STLC_MG132_DMSO_well3_point5_13min01_R3D_D3D_Z10_C1_T0.tif,7627.902325581395,4116.2875
193,10_13,8,6067.0,Expt2021_006_Set2_HeLaYFP-PP1_Nuf2-CFP_STLC_MG132_DMSO_well3_point5_13min01_R3D_D3D_Z10_C0_T0.tif,4631.046534769375,4283.6475,8222.875,Expt2021_006_Set2_HeLaYFP-PP1_Nuf2-CFP_STLC_MG132_DMSO_well3_point5_13min01_R3D_D3D_Z10_C1_T0.tif,7627.902325581395,4116.2875
194,10_14,10,5566.6,Expt2021_006_Set2_HeLaYFP-PP1_Nuf2-CFP_STLC_MG132_DMSO_well3_point5_13min01_R3D_D3D_Z10_C0_T0.tif,4631.046534769375,4283.6475,7964.7,Expt2021_006_Set2_HeLaYFP-PP1_Nuf2-CFP_STLC_MG132_DMSO_well3_point5_13min01_R3D_D3D_Z10_C1_T0.tif,7627.902325581395,4116.2875
195,10_15,24,6104.583333333333,Expt2021_006_Set2_HeLaYFP-PP1_Nuf2-CFP_STLC_MG132_DMSO_well3_point5_13min01_R3D_D3D_Z10_C0_T0.tif,4631.046534769375,4283.6475,8638.541666666666,Expt2021_006_Set2_HeLaYFP-PP1_Nuf2-CFP_STLC_MG132_DMSO_well3_point5_13min01_R3D_D3D_Z10_C1_T0.tif,7627.902325581395,4116.2875
196,10_16,10,5967.2,Expt2021_006_Set2_HeLaYFP-PP1_Nuf2-CFP_STLC_MG132_DMSO_well3_point5_13min01_R3D_D3D_Z10_C0_T0.tif,4631.046534769375,4283.6475,8946.6,Expt2021_006_Set2_HeLaYFP-PP1_Nuf2-CFP_STLC_MG132_DMSO_well3_point5_13min01_R3D_D3D_Z10_C1_T0.tif,7627.902325581395,4116.2875
197,10_17,8,5871.75,Expt2021_006_Set2_HeLaYFP-PP1_Nuf2-CFP_STLC_MG132_DMSO_well3_point5_13min01_R3D_D3D_Z10_C0_T0.tif,4631.046534769375,4283.6475,7825.375,Expt2021_006_Set2_HeLaYFP-PP1_Nuf2-CFP_STLC_MG132_DMSO_well3_point5_13min01_R3D_D3D_Z10_C1_T0.tif,7627.902325581395,4116.2875
198,10_18,5,5925.0,Expt2021_006_Set2_HeLaYFP-PP1_Nuf2-CFP_STLC_MG132_DMSO_well3_point5_13min01_R3D_D3D_Z10_C0_T0.tif,4631.046534769375,4283.6475,8355.4,Expt2021_006_Set2_HeLaYFP-PP1_Nuf2-CFP_STLC_MG132_DMSO_well3_point5_13min01_R3D_D3D_Z10_C1_T0.tif,7627.902325581395,4116.2875
199,10_19,8,6020.625,Expt2021_006_Set2_HeLaYFP-PP1_Nuf2-CFP_STLC_MG132_DMSO_well3_point5_13min01_R3D_D3D_Z10_C0_T0.tif,4631.046534769375,4283.6475,7863.5,Expt2021_006_Set2_HeLaYFP-PP1_Nuf2-CFP_STLC_MG132_DMSO_well3_point5_13min01_R3D_D3D_Z10_C1_T0.tif,7627.902325581395,4116.2875
200,10_20,5,5759.4,Expt2021_006_Set2_HeLaYFP-PP1_Nuf2-CFP_STLC_MG132_DMSO_well3_point5_13min01_R3D_D3D_Z10_C0_T0.tif,4631.046534769375,4283.6475,7644.2,Expt2021_006_Set2_HeLaYFP-PP1_Nuf2-CFP_STLC_MG132_DMSO_well3_point5_13min01_R3D_D3D_Z10_C1_T0.tif,7627.902325581395,4116.2875
201,10_21,5,5414.8,Expt2021_006_Set2_HeLaYFP-PP1_Nuf2-CFP_STLC_MG132_DMSO_well3_point5_13min01_R3D_D3D_Z10_C0_T0.tif,4631.046534769375,4283.6475,8236.4,Expt2021_006_Set2_HeLaYFP-PP1_Nuf2-CFP_STLC_MG132_DMSO_well3_point5_13min01_R3D_D3D_Z10_C1_T0.tif,7627.902325581395,4116.2875
202,11_1,5,6712.2,Expt2021_006_Set2_HeLaYFP-PP1_Nuf2-CFP_STLC_MG132_DMSO_well3_point5_13min01_R3D_D3D_Z11_C0_T0.tif,4650.078924773793,4277.4775,7860.8,Expt2021_006_Set2_HeLaYFP-PP1_Nuf2-CFP_STLC_MG132_DMSO_well3_point5_13min01_R3D_D3D_Z11_C1_T0.tif,7564.785697755149,4119.155
203,11_2,8,5996.625,Expt2021_006_Set2_HeLaYFP-PP1_Nuf2-CFP_STLC_MG132_DMSO_well3_point5_13min01_R3D_D3D_Z11_C0_T0.tif,4650.078924773793,4277.4775,7994.625,Expt2021_006_Set2_HeLaYFP-PP1_Nuf2-CFP_STLC_MG132_DMSO_well3_point5_13min01_R3D_D3D_Z11_C1_T0.tif,7564.785697755149,4119.155
204,11_3,8,6113.375,Expt2021_006_Set2_HeLaYFP-PP1_Nuf2-CFP_STLC_MG132_DMSO_well3_point5_13min01_R3D_D3D_Z11_C0_T0.tif,4650.078924773793,4277.4775,7726.75,Expt2021_006_Set2_HeLaYFP-PP1_Nuf2-CFP_STLC_MG132_DMSO_well3_point5_13min01_R3D_D3D_Z11_C1_T0.tif,7564.785697755149,4119.155
205,11_4,5,6209.8,Expt2021_006_Set2_HeLaYFP-PP1_Nuf2-CFP_STLC_MG132_DMSO_well3_point5_13min01_R3D_D3D_Z11_C0_T0.tif,4650.078924773793,4277.4775,8853.0,Expt2021_006_Set2_HeLaYFP-PP1_Nuf2-CFP_STLC_MG132_DMSO_well3_point5_13min01_R3D_D3D_Z11_C1_T0.tif,7564.785697755149,4119.155
206,11_5,8,6313.625,Expt2021_006_Set2_HeLaYFP-PP1_Nuf2-CFP_STLC_MG132_DMSO_well3_point5_13min01_R3D_D3D_Z11_C0_T0.tif,4650.078924773793,4277.4775,8990.0,Expt2021_006_Set2_HeLaYFP-PP1_Nuf2-CFP_STLC_MG132_DMSO_well3_point5_13min01_R3D_D3D_Z11_C1_T0.tif,7564.785697755149,4119.155
207,11_6,8,7135.5,Expt2021_006_Set2_HeLaYFP-PP1_Nuf2-CFP_STLC_MG132_DMSO_well3_point5_13min01_R3D_D3D_Z11_C0_T0.tif,4650.078924773793,4277.4775,8920.75,Expt2021_006_Set2_HeLaYFP-PP1_Nuf2-CFP_STLC_MG132_DMSO_well3_point5_13min01_R3D_D3D_Z11_C1_T0.tif,7564.785697755149,4119.155
208,11_7,8,6006.125,Expt2021_006_Set2_HeLaYFP-PP1_Nuf2-CFP_STLC_MG132_DMSO_well3_point5_13min01_R3D_D3D_Z11_C0_T0.tif,4650.078924773793,4277.4775,8739.0,Expt2021_006_Set2_HeLaYFP-PP1_Nuf2-CFP_STLC_MG132_DMSO_well3_point5_13min01_R3D_D3D_Z11_C1_T0.tif,7564.785697755149,4119.155
209,11_8,8,5955.25,Expt2021_006_Set2_HeLaYFP-PP1_Nuf2-CFP_STLC_MG132_DMSO_well3_point5_13min01_R3D_D3D_Z11_C0_T0.tif,4650.078924773793,4277.4775,8302.875,Expt2021_006_Set2_HeLaYFP-PP1_Nuf2-CFP_STLC_MG132_DMSO_well3_point5_13min01_R3D_D3D_Z11_C1_T0.tif,7564.785697755149,4119.155
210,11_9,5,6194.8,Expt2021_006_Set2_HeLaYFP-PP1_Nuf2-CFP_STLC_MG132_DMSO_well3_point5_13min01_R3D_D3D_Z11_C0_T0.tif,4650.078924773793,4277.4775,8669.8,Expt2021_006_Set2_HeLaYFP-PP1_Nuf2-CFP_STLC_MG132_DMSO_well3_point5_13min01_R3D_D3D_Z11_C1_T0.tif,7564.785697755149,4119.155
211,11_10,5,5976.4,Expt2021_006_Set2_HeLaYFP-PP1_Nuf2-CFP_STLC_MG132_DMSO_well3_point5_13min01_R3D_D3D_Z11_C0_T0.tif,4650.078924773793,4277.4775,8065.0,Expt2021_006_Set2_HeLaYFP-PP1_Nuf2-CFP_STLC_MG132_DMSO_well3_point5_13min01_R3D_D3D_Z11_C1_T0.tif,7564.785697755149,4119.155
212,11_11,18,5958.888888888889,Expt2021_006_Set2_HeLaYFP-PP1_Nuf2-CFP_STLC_MG132_DMSO_well3_point5_13min01_R3D_D3D_Z11_C0_T0.tif,4650.078924773793,4277.4775,9059.777777777777,Expt2021_006_Set2_HeLaYFP-PP1_Nuf2-CFP_STLC_MG132_DMSO_well3_point5_13min01_R3D_D3D_Z11_C1_T0.tif,7564.785697755149,4119.155
213,11_12,5,5839.0,Expt2021_006_Set2_HeLaYFP-PP1_Nuf2-CFP_STLC_MG132_DMSO_well3_point5_13min01_R3D_D3D_Z11_C0_T0.tif,4650.078924773793,4277.4775,8620.6,Expt2021_006_Set2_HeLaYFP-PP1_Nuf2-CFP_STLC_MG132_DMSO_well3_point5_13min01_R3D_D3D_Z11_C1_T0.tif,7564.785697755149,4119.155
214,11_13,5,6188.8,Expt2021_006_Set2_HeLaYFP-PP1_Nuf2-CFP_STLC_MG132_DMSO_well3_point5_13min01_R3D_D3D_Z11_C0_T0.tif,4650.078924773793,4277.4775,8445.8,Expt2021_006_Set2_HeLaYFP-PP1_Nuf2-CFP_STLC_MG132_DMSO_well3_point5_13min01_R3D_D3D_Z11_C1_T0.tif,7564.785697755149,4119.155
215,11_14,11,6069.727272727273,Expt2021_006_Set2_HeLaYFP-PP1_Nuf2-CFP_STLC_MG132_DMSO_well3_point5_13min01_R3D_D3D_Z11_C0_T0.tif,4650.078924773793,4277.4775,8917.181818181818,Expt2021_006_Set2_HeLaYFP-PP1_Nuf2-CFP_STLC_MG132_DMSO_well3_point5_13min01_R3D_D3D_Z11_C1_T0.tif,7564.785697755149,4119.155
216,11_15,5,6118.6,Expt2021_006_Set2_HeLaYFP-PP1_Nuf2-CFP_STLC_MG132_DMSO_well3_point5_13min01_R3D_D3D_Z11_C0_T0.tif,4650.078924773793,4277.4775,8626.8,Expt2021_006_Set2_HeLaYFP-PP1_Nuf2-CFP_STLC_MG132_DMSO_well3_point5_13min01_R3D_D3D_Z11_C1_T0.tif,7564.785697755149,4119.155
217,12_1,32,5598.125,Expt2021_006_Set2_HeLaYFP-PP1_Nuf2-CFP_STLC_MG132_DMSO_well3_point5_13min01_R3D_D3D_Z12_C0_T0.tif,4639.21933200894,4264.87,8323.34375,Expt2021_006_Set2_HeLaYFP-PP1_Nuf2-CFP_STLC_MG132_DMSO_well3_point5_13min01_R3D_D3D_Z12_C1_T0.tif,7544.45445572476,4120.3825
218,12_2,8,6066.25,Expt2021_006_Set2_HeLaYFP-PP1_Nuf2-CFP_STLC_MG132_DMSO_well3_point5_13min01_R3D_D3D_Z12_C0_T0.tif,4639.21933200894,4264.87,8752.125,Expt2021_006_Set2_HeLaYFP-PP1_Nuf2-CFP_STLC_MG132_DMSO_well3_point5_13min01_R3D_D3D_Z12_C1_T0.tif,7544.45445572476,4120.3825
219,12_3,8,6123.0,Expt2021_006_Set2_HeLaYFP-PP1_Nuf2-CFP_STLC_MG132_DMSO_well3_point5_13min01_R3D_D3D_Z12_C0_T0.tif,4639.21933200894,4264.87,8732.5,Expt2021_006_Set2_HeLaYFP-PP1_Nuf2-CFP_STLC_MG132_DMSO_well3_point5_13min01_R3D_D3D_Z12_C1_T0.tif,7544.45445572476,4120.3825
220,12_4,50,5862.46,Expt2021_006_Set2_HeLaYFP-PP1_Nuf2-CFP_STLC_MG132_DMSO_well3_point5_13min01_R3D_D3D_Z12_C0_T0.tif,4639.21933200894,4264.87,8808.94,Expt2021_006_Set2_HeLaYFP-PP1_Nuf2-CFP_STLC_MG132_DMSO_well3_point5_13min01_R3D_D3D_Z12_C1_T0.tif,7544.45445572476,4120.3825
221,12_5,12,5685.5,Expt2021_006_Set2_HeLaYFP-PP1_Nuf2-CFP_STLC_MG132_DMSO_well3_point5_13min01_R3D_D3D_Z12_C0_T0.tif,4639.21933200894,4264.87,7679.166666666667,Expt2021_006_Set2_HeLaYFP-PP1_Nuf2-CFP_STLC_MG132_DMSO_well3_point5_13min01_R3D_D3D_Z12_C1_T0.tif,7544.45445572476,4120.3825
222,12_6,10,5743.3,Expt2021_006_Set2_HeLaYFP-PP1_Nuf2-CFP_STLC_MG132_DMSO_well3_point5_13min01_R3D_D3D_Z12_C0_T0.tif,4639.21933200894,4264.87,8626.5,Expt2021_006_Set2_HeLaYFP-PP1_Nuf2-CFP_STLC_MG132_DMSO_well3_point5_13min01_R3D_D3D_Z12_C1_T0.tif,7544.45445572476,4120.3825
223,12_7,16,5528.25,Expt2021_006_Set2_HeLaYFP-PP1_Nuf2-CFP_STLC_MG132_DMSO_well3_point5_13min01_R3D_D3D_Z12_C0_T0.tif,4639.21933200894,4264.87,8578.375,Expt2021_006_Set2_HeLaYFP-PP1_Nuf2-CFP_STLC_MG132_DMSO_well3_point5_13min01_R3D_D3D_Z12_C1_T0.tif,7544.45445572476,4120.3825
224,12_8,22,5679.0,Expt2021_006_Set2_HeLaYFP-PP1_Nuf2-CFP_STLC_MG132_DMSO_well3_point5_13min01_R3D_D3D_Z12_C0_T0.tif,4639.21933200894,4264.87,8341.59090909091,Expt2021_006_Set2_HeLaYFP-PP1_Nuf2-CFP_STLC_MG132_DMSO_well3_point5_13min01_R3D_D3D_Z12_C1_T0.tif,7544.45445572476,4120.3825
225,12_9,10,5628.5,Expt2021_006_Set2_HeLaYFP-PP1_Nuf2-CFP_STLC_MG132_DMSO_well3_point5_13min01_R3D_D3D_Z12_C0_T0.tif,4639.21933200894,4264.87,7968.4,Expt2021_006_Set2_HeLaYFP-PP1_Nuf2-CFP_STLC_MG132_DMSO_well3_point5_13min01_R3D_D3D_Z12_C1_T0.tif,7544.45445572476,4120.3825
226,12_10,25,5422.52,Expt2021_006_Set2_HeLaYFP-PP1_Nuf2-CFP_STLC_MG132_DMSO_well3_point5_13min01_R3D_D3D_Z12_C0_T0.tif,4639.21933200894,4264.87,8645.08,Expt2021_006_Set2_HeLaYFP-PP1_Nuf2-CFP_STLC_MG132_DMSO_well3_point5_13min01_R3D_D3D_Z12_C1_T0.tif,7544.45445572476,4120.3825
227,12_11,20,5562.4,Expt2021_006_Set2_HeLaYFP-PP1_Nuf2-CFP_STLC_MG132_DMSO_well3_point5_13min01_R3D_D3D_Z12_C0_T0.tif,4639.21933200894,4264.87,7943.65,Expt2021_006_Set2_HeLaYFP-PP1_Nuf2-CFP_STLC_MG132_DMSO_well3_point5_13min01_R3D_D3D_Z12_C1_T0.tif,7544.45445572476,4120.3825
228,12_12,12,5823.833333333333,Expt2021_006_Set2_HeLaYFP-PP1_Nuf2-CFP_STLC_MG132_DMSO_well3_point5_13min01_R3D_D3D_Z12_C0_T0.tif,4639.21933200894,4264.87,7788.583333333333,Expt2021_006_Set2_HeLaYFP-PP1_Nuf2-CFP_STLC_MG132_DMSO_well3_point5_13min01_R3D_D3D_Z12_C1_T0.tif,7544.45445572476,4120.3825
229,12_13,8,6320.125,Expt2021_006_Set2_HeLaYFP-PP1_Nuf2-CFP_STLC_MG132_DMSO_well3_point5_13min01_R3D_D3D_Z12_C0_T0.tif,4639.21933200894,4264.87,7987.375,Expt2021_006_Set2_HeLaYFP-PP1_Nuf2-CFP_STLC_MG132_DMSO_well3_point5_13min01_R3D_D3D_Z12_C1_T0.tif,7544.45445572476,4120.3825
230,13_1,16,5924.875,Expt2021_006_Set2_HeLaYFP-PP1_Nuf2-CFP_STLC_MG132_DMSO_well3_point5_13min01_R3D_D3D_Z13_C0_T0.tif,4640.678995883819,4245.73,7622.0,Expt2021_006_Set2_HeLaYFP-PP1_Nuf2-CFP_STLC_MG132_DMSO_well3_point5_13min01_R3D_D3D_Z13_C1_T0.tif,7543.429558647379,4183.4875
231,13_2,8,5881.5,Expt2021_006_Set2_HeLaYFP-PP1_Nuf2-CFP_STLC_MG132_DMSO_well3_point5_13min01_R3D_D3D_Z13_C0_T0.tif,4640.678995883819,4245.73,7554.75,Expt2021_006_Set2_HeLaYFP-PP1_Nuf2-CFP_STLC_MG132_DMSO_well3_point5_13min01_R3D_D3D_Z13_C1_T0.tif,7543.429558647379,4183.4875
232,13_3,12,5820.083333333333,Expt2021_006_Set2_HeLaYFP-PP1_Nuf2-CFP_STLC_MG132_DMSO_well3_point5_13min01_R3D_D3D_Z13_C0_T0.tif,4640.678995883819,4245.73,7982.916666666667,Expt2021_006_Set2_HeLaYFP-PP1_Nuf2-CFP_STLC_MG132_DMSO_well3_point5_13min01_R3D_D3D_Z13_C1_T0.tif,7543.429558647379,4183.4875
233,13_4,14,5609.214285714285,Expt2021_006_Set2_HeLaYFP-PP1_Nuf2-CFP_STLC_MG132_DMSO_well3_point5_13min01_R3D_D3D_Z13_C0_T0.tif,4640.678995883819,4245.73,8306.714285714286,Expt2021_006_Set2_HeLaYFP-PP1_Nuf2-CFP_STLC_MG132_DMSO_well3_point5_13min01_R3D_D3D_Z13_C1_T0.tif,7543.429558647379,4183.4875
234,13_5,8,5891.75,Expt2021_006_Set2_HeLaYFP-PP1_Nuf2-CFP_STLC_MG132_DMSO_well3_point5_13min01_R3D_D3D_Z13_C0_T0.tif,4640.678995883819,4245.73,8382.125,Expt2021_006_Set2_HeLaYFP-PP1_Nuf2-CFP_STLC_MG132_DMSO_well3_point5_13min01_R3D_D3D_Z13_C1_T0.tif,7543.429558647379,4183.4875
235,13_6,18,5837.333333333333,Expt2021_006_Set2_HeLaYFP-PP1_Nuf2-CFP_STLC_MG132_DMSO_well3_point5_13min01_R3D_D3D_Z13_C0_T0.tif,4640.678995883819,4245.73,8726.944444444445,Expt2021_006_Set2_HeLaYFP-PP1_Nuf2-CFP_STLC_MG132_DMSO_well3_point5_13min01_R3D_D3D_Z13_C1_T0.tif,7543.429558647379,4183.4875
236,13_7,5,6916.6,Expt2021_006_Set2_HeLaYFP-PP1_Nuf2-CFP_STLC_MG132_DMSO_well3_point5_13min01_R3D_D3D_Z13_C0_T0.tif,4640.678995883819,4245.73,7277.0,Expt2021_006_Set2_HeLaYFP-PP1_Nuf2-CFP_STLC_MG132_DMSO_well3_point5_13min01_R3D_D3D_Z13_C1_T0.tif,7543.429558647379,4183.4875
237,13_8,5,6260.2,Expt2021_006_Set2_HeLaYFP-PP1_Nuf2-CFP_STLC_MG132_DMSO_well3_point5_13min01_R3D_D3D_Z13_C0_T0.tif,4640.678995883819,4245.73,8251.0,Expt2021_006_Set2_HeLaYFP-PP1_Nuf2-CFP_STLC_MG132_DMSO_well3_point5_13min01_R3D_D3D_Z13_C1_T0.tif,7543.429558647379,4183.4875
238,13_9,5,5577.4,Expt2021_006_Set2_HeLaYFP-PP1_Nuf2-CFP_STLC_MG132_DMSO_well3_point5_13min01_R3D_D3D_Z13_C0_T0.tif,4640.678995883819,4245.73,8155.0,Expt2021_006_Set2_HeLaYFP-PP1_Nuf2-CFP_STLC_MG132_DMSO_well3_point5_13min01_R3D_D3D_Z13_C1_T0.tif,7543.429558647379,4183.4875
239,13_10,5,5682.6,Expt2021_006_Set2_HeLaYFP-PP1_Nuf2-CFP_STLC_MG132_DMSO_well3_point5_13min01_R3D_D3D_Z13_C0_T0.tif,4640.678995883819,4245.73,8691.4,Expt2021_006_Set2_HeLaYFP-PP1_Nuf2-CFP_STLC_MG132_DMSO_well3_point5_13min01_R3D_D3D_Z13_C1_T0.tif,7543.429558647379,4183.4875
240,13_11,14,5701.714285714285,Expt2021_006_Set2_HeLaYFP-PP1_Nuf2-CFP_STLC_MG132_DMSO_well3_point5_13min01_R3D_D3D_Z13_C0_T0.tif,4640.678995883819,4245.73,8703.57142857143,Expt2021_006_Set2_HeLaYFP-PP1_Nuf2-CFP_STLC_MG132_DMSO_well3_point5_13min01_R3D_D3D_Z13_C1_T0.tif,7543.429558647379,4183.4875
241,13_12,8,5633.375,Expt2021_006_Set2_HeLaYFP-PP1_Nuf2-CFP_STLC_MG132_DMSO_well3_point5_13min01_R3D_D3D_Z13_C0_T0.tif,4640.678995883819,4245.73,8453.5,Expt2021_006_Set2_HeLaYFP-PP1_Nuf2-CFP_STLC_MG132_DMSO_well3_point5_13min01_R3D_D3D_Z13_C1_T0.tif,7543.429558647379,4183.4875
242,13_13,10,5984.2,Expt2021_006_Set2_HeLaYFP-PP1_Nuf2-CFP_STLC_MG132_DMSO_well3_point5_13min01_R3D_D3D_Z13_C0_T0.tif,4640.678995883819,4245.73,8450.7,Expt2021_006_Set2_HeLaYFP-PP1_Nuf2-CFP_STLC_MG132_DMSO_well3_point5_13min01_R3D_D3D_Z13_C1_T0.tif,7543.429558647379,4183.4875
243,14_1,30,5835.9,Expt2021_006_Set2_HeLaYFP-PP1_Nuf2-CFP_STLC_MG132_DMSO_well3_point5_13min01_R3D_D3D_Z14_C0_T0.tif,4658.580982683718,4255.085,7760.066666666667,Expt2021_006_Set2_HeLaYFP-PP1_Nuf2-CFP_STLC_MG132_DMSO_well3_point5_13min01_R3D_D3D_Z14_C1_T0.tif,7564.92109165045,4174.3825
244,14_2,22,5526.727272727273,Expt2021_006_Set2_HeLaYFP-PP1_Nuf2-CFP_STLC_MG132_DMSO_well3_point5_13min01_R3D_D3D_Z14_C0_T0.tif,4658.580982683718,4255.085,7832.090909090909,Expt2021_006_Set2_HeLaYFP-PP1_Nuf2-CFP_STLC_MG132_DMSO_well3_point5_13min01_R3D_D3D_Z14_C1_T0.tif,7564.92109165045,4174.3825
245,14_3,10,5722.8,Expt2021_006_Set2_HeLaYFP-PP1_Nuf2-CFP_STLC_MG132_DMSO_well3_point5_13min01_R3D_D3D_Z14_C0_T0.tif,4658.580982683718,4255.085,8143.9,Expt2021_006_Set2_HeLaYFP-PP1_Nuf2-CFP_STLC_MG132_DMSO_well3_point5_13min01_R3D_D3D_Z14_C1_T0.tif,7564.92109165045,4174.3825
246,14_4,15,5639.466666666666,Expt2021_006_Set2_HeLaYFP-PP1_Nuf2-CFP_STLC_MG132_DMSO_well3_point5_13min01_R3D_D3D_Z14_C0_T0.tif,4658.580982683718,4255.085,8342.333333333334,Expt2021_006_Set2_HeLaYFP-PP1_Nuf2-CFP_STLC_MG132_DMSO_well3_point5_13min01_R3D_D3D_Z14_C1_T0.tif,7564.92109165045,4174.3825
247,14_5,12,5457.5,Expt2021_006_Set2_HeLaYFP-PP1_Nuf2-CFP_STLC_MG132_DMSO_well3_point5_13min01_R3D_D3D_Z14_C0_T0.tif,4658.580982683718,4255.085,9028.75,Expt2021_006_Set2_HeLaYFP-PP1_Nuf2-CFP_STLC_MG132_DMSO_well3_point5_13min01_R3D_D3D_Z14_C1_T0.tif,7564.92109165045,4174.3825
248,14_6,35,5520.571428571428,Expt2021_006_Set2_HeLaYFP-PP1_Nuf2-CFP_STLC_MG132_DMSO_well3_point5_13min01_R3D_D3D_Z14_C0_T0.tif,4658.580982683718,4255.085,8574.42857142857,Expt2021_006_Set2_HeLaYFP-PP1_Nuf2-CFP_STLC_MG132_DMSO_well3_point5_13min01_R3D_D3D_Z14_C1_T0.tif,7564.92109165045,4174.3825
249,14_7,5,5865.6,Expt2021_006_Set2_HeLaYFP-PP1_Nuf2-CFP_STLC_MG132_DMSO_well3_point5_13min01_R3D_D3D_Z14_C0_T0.tif,4658.580982683718,4255.085,8365.8,Expt2021_006_Set2_HeLaYFP-PP1_Nuf2-CFP_STLC_MG132_DMSO_well3_point5_13min01_R3D_D3D_Z14_C1_T0.tif,7564.92109165045,4174.3825
250,14_8,16,6058.25,Expt2021_006_Set2_HeLaYFP-PP1_Nuf2-CFP_STLC_MG132_DMSO_well3_point5_13min01_R3D_D3D_Z14_C0_T0.tif,4658.580982683718,4255.085,7821.0625,Expt2021_006_Set2_HeLaYFP-PP1_Nuf2-CFP_STLC_MG132_DMSO_well3_point5_13min01_R3D_D3D_Z14_C1_T0.tif,7564.92109165045,4174.3825
251,14_9,12,5710.083333333333,Expt2021_006_Set2_HeLaYFP-PP1_Nuf2-CFP_STLC_MG132_DMSO_well3_point5_13min01_R3D_D3D_Z14_C0_T0.tif,4658.580982683718,4255.085,7351.0,Expt2021_006_Set2_HeLaYFP-PP1_Nuf2-CFP_STLC_MG132_DMSO_well3_point5_13min01_R3D_D3D_Z14_C1_T0.tif,7564.92109165045,4174.3825
252,14_10,29,5672.758620689655,Expt2021_006_Set2_HeLaYFP-PP1_Nuf2-CFP_STLC_MG132_DMSO_well3_point5_13min01_R3D_D3D_Z14_C0_T0.tif,4658.580982683718,4255.085,8785.862068965518,Expt2021_006_Set2_HeLaYFP-PP1_Nuf2-CFP_STLC_MG132_DMSO_well3_point5_13min01_R3D_D3D_Z14_C1_T0.tif,7564.92109165045,4174.3825
253,14_11,19,5508.631578947368,Expt2021_006_Set2_HeLaYFP-PP1_Nuf2-CFP_STLC_MG132_DMSO_well3_point5_13min01_R3D_D3D_Z14_C0_T0.tif,4658.580982683718,4255.085,9446.105263157895,Expt2021_006_Set2_HeLaYFP-PP1_Nuf2-CFP_STLC_MG132_DMSO_well3_point5_13min01_R3D_D3D_Z14_C1_T0.tif,7564.92109165045,4174.3825
254,14_12,8,5398.625,Expt2021_006_Set2_HeLaYFP-PP1_Nuf2-CFP_STLC_MG132_DMSO_well3_point5_13min01_R3D_D3D_Z14_C0_T0.tif,4658.580982683718,4255.085,9427.0,Expt2021_006_Set2_HeLaYFP-PP1_Nuf2-CFP_STLC_MG132_DMSO_well3_point5_13min01_R3D_D3D_Z14_C1_T0.tif,7564.92109165045,4174.3825
255,14_13,11,5445.454545454545,Expt2021_006_Set2_HeLaYFP-PP1_Nuf2-CFP_STLC_MG132_DMSO_well3_point5_13min01_R3D_D3D_Z14_C0_T0.tif,4658.580982683718,4255.085,8960.181818181818,Expt2021_006_Set2_HeLaYFP-PP1_Nuf2-CFP_STLC_MG132_DMSO_well3_point5_13min01_R3D_D3D_Z14_C1_T0.tif,7564.92109165045,4174.3825
256,14_14,21,5482.9047619047615,Expt2021_006_Set2_HeLaYFP-PP1_Nuf2-CFP_STLC_MG132_DMSO_well3_point5_13min01_R3D_D3D_Z14_C0_T0.tif,4658.580982683718,4255.085,8683.047619047618,Expt2021_006_Set2_HeLaYFP-PP1_Nuf2-CFP_STLC_MG132_DMSO_well3_point5_13min01_R3D_D3D_Z14_C1_T0.tif,7564.92109165045,4174.3825
257,15_1,29,6035.6551724137935,Expt2021_006_Set2_HeLaYFP-PP1_Nuf2-CFP_STLC_MG132_DMSO_well3_point5_13min01_R3D_D3D_Z15_C0_T0.tif,4669.520805454661,4283.8275,7176.551724137931,Expt2021_006_Set2_HeLaYFP-PP1_Nuf2-CFP_STLC_MG132_DMSO_well3_point5_13min01_R3D_D3D_Z15_C1_T0.tif,7640.427708323651,4202.6475
258,15_2,14,5619.071428571428,Expt2021_006_Set2_HeLaYFP-PP1_Nuf2-CFP_STLC_MG132_DMSO_well3_point5_13min01_R3D_D3D_Z15_C0_T0.tif,4669.520805454661,4283.8275,8005.428571428572,Expt2021_006_Set2_HeLaYFP-PP1_Nuf2-CFP_STLC_MG132_DMSO_well3_point5_13min01_R3D_D3D_Z15_C1_T0.tif,7640.427708323651,4202.6475
259,15_3,8,5896.625,Expt2021_006_Set2_HeLaYFP-PP1_Nuf2-CFP_STLC_MG132_DMSO_well3_point5_13min01_R3D_D3D_Z15_C0_T0.tif,4669.520805454661,4283.8275,8352.5,Expt2021_006_Set2_HeLaYFP-PP1_Nuf2-CFP_STLC_MG132_DMSO_well3_point5_13min01_R3D_D3D_Z15_C1_T0.tif,7640.427708323651,4202.6475
260,15_4,8,5874.125,Expt2021_006_Set2_HeLaYFP-PP1_Nuf2-CFP_STLC_MG132_DMSO_well3_point5_13min01_R3D_D3D_Z15_C0_T0.tif,4669.520805454661,4283.8275,9059.125,Expt2021_006_Set2_HeLaYFP-PP1_Nuf2-CFP_STLC_MG132_DMSO_well3_point5_13min01_R3D_D3D_Z15_C1_T0.tif,7640.427708323651,4202.6475
261,15_5,10,5693.4,Expt2021_006_Set2_HeLaYFP-PP1_Nuf2-CFP_STLC_MG132_DMSO_well3_point5_13min01_R3D_D3D_Z15_C0_T0.tif,4669.520805454661,4283.8275,7329.7,Expt2021_006_Set2_HeLaYFP-PP1_Nuf2-CFP_STLC_MG132_DMSO_well3_point5_13min01_R3D_D3D_Z15_C1_T0.tif,7640.427708323651,4202.6475
262,15_6,11,5920.818181818182,Expt2021_006_Set2_HeLaYFP-PP1_Nuf2-CFP_STLC_MG132_DMSO_well3_point5_13min01_R3D_D3D_Z15_C0_T0.tif,4669.520805454661,4283.8275,8666.636363636364,Expt2021_006_Set2_HeLaYFP-PP1_Nuf2-CFP_STLC_MG132_DMSO_well3_point5_13min01_R3D_D3D_Z15_C1_T0.tif,7640.427708323651,4202.6475
263,15_7,14,6239.071428571428,Expt2021_006_Set2_HeLaYFP-PP1_Nuf2-CFP_STLC_MG132_DMSO_well3_point5_13min01_R3D_D3D_Z15_C0_T0.tif,4669.520805454661,4283.8275,8124.142857142857,Expt2021_006_Set2_HeLaYFP-PP1_Nuf2-CFP_STLC_MG132_DMSO_well3_point5_13min01_R3D_D3D_Z15_C1_T0.tif,7640.427708323651,4202.6475
264,15_8,40,5523.775,Expt2021_006_Set2_HeLaYFP-PP1_Nuf2-CFP_STLC_MG132_DMSO_well3_point5_13min01_R3D_D3D_Z15_C0_T0.tif,4669.520805454661,4283.8275,8750.2,Expt2021_006_Set2_HeLaYFP-PP1_Nuf2-CFP_STLC_MG132_DMSO_well3_point5_13min01_R3D_D3D_Z15_C1_T0.tif,7640.427708323651,4202.6475
265,15_9,19,5794.894736842105,Expt2021_006_Set2_HeLaYFP-PP1_Nuf2-CFP_STLC_MG132_DMSO_well3_point5_13min01_R3D_D3D_Z15_C0_T0.tif,4669.520805454661,4283.8275,9130.736842105263,Expt2021_006_Set2_HeLaYFP-PP1_Nuf2-CFP_STLC_MG132_DMSO_well3_point5_13min01_R3D_D3D_Z15_C1_T0.tif,7640.427708323651,4202.6475
266,15_10,16,5935.5625,Expt2021_006_Set2_HeLaYFP-PP1_Nuf2-CFP_STLC_MG132_DMSO_well3_point5_13min01_R3D_D3D_Z15_C0_T0.tif,4669.520805454661,4283.8275,8231.75,Expt2021_006_Set2_HeLaYFP-PP1_Nuf2-CFP_STLC_MG132_DMSO_well3_point5_13min01_R3D_D3D_Z15_C1_T0.tif,7640.427708323651,4202.6475
267,15_11,8,5758.375,Expt2021_006_Set2_HeLaYFP-PP1_Nuf2-CFP_STLC_MG132_DMSO_well3_point5_13min01_R3D_D3D_Z15_C0_T0.tif,4669.520805454661,4283.8275,8163.5,Expt2021_006_Set2_HeLaYFP-PP1_Nuf2-CFP_STLC_MG132_DMSO_well3_point5_13min01_R3D_D3D_Z15_C1_T0.tif,7640.427708323651,4202.6475
268,15_12,5,5917.8,Expt2021_006_Set2_HeLaYFP-PP1_Nuf2-CFP_STLC_MG132_DMSO_well3_point5_13min01_R3D_D3D_Z15_C0_T0.tif,4669.520805454661,4283.8275,9907.0,Expt2021_006_Set2_HeLaYFP-PP1_Nuf2-CFP_STLC_MG132_DMSO_well3_point5_13min01_R3D_D3D_Z15_C1_T0.tif,7640.427708323651,4202.6475
269,15_13,12,5704.083333333333,Expt2021_006_Set2_HeLaYFP-PP1_Nuf2-CFP_STLC_MG132_DMSO_well3_point5_13min01_R3D_D3D_Z15_C0_T0.tif,4669.520805454661,4283.8275,9492.833333333334,Expt2021_006_Set2_HeLaYFP-PP1_Nuf2-CFP_STLC_MG132_DMSO_well3_point5_13min01_R3D_D3D_Z15_C1_T0.tif,7640.427708323651,4202.6475
270,15_14,17,5571.058823529412,Expt2021_006_Set2_HeLaYFP-PP1_Nuf2-CFP_STLC_MG132_DMSO_well3_point5_13min01_R3D_D3D_Z15_C0_T0.tif,4669.520805454661,4283.8275,8385.0,Expt2021_006_Set2_HeLaYFP-PP1_Nuf2-CFP_STLC_MG132_DMSO_well3_point5_13min01_R3D_D3D_Z15_C1_T0.tif,7640.427708323651,4202.6475
271,15_15,10,5863.7,Expt2021_006_Set2_HeLaYFP-PP1_Nuf2-CFP_STLC_MG132_DMSO_well3_point5_13min01_R3D_D3D_Z15_C0_T0.tif,4669.520805454661,4283.8275,8122.0,Expt2021_006_Set2_HeLaYFP-PP1_Nuf2-CFP_STLC_MG132_DMSO_well3_point5_13min01_R3D_D3D_Z15_C1_T0.tif,7640.427708323651,4202.6475
272,16_1,28,5904.321428571428,Expt2021_006_Set2_HeLaYFP-PP1_Nuf2-CFP_STLC_MG132_DMSO_well3_point5_13min01_R3D_D3D_Z16_C0_T0.tif,4663.394168785853,4327.55,7950.285714285715,Expt2021_006_Set2_HeLaYFP-PP1_Nuf2-CFP_STLC_MG132_DMSO_well3_point5_13min01_R3D_D3D_Z16_C1_T0.tif,7646.124535143176,4257.21
273,16_2,21,5706.761904761905,Expt2021_006_Set2_HeLaYFP-PP1_Nuf2-CFP_STLC_MG132_DMSO_well3_point5_13min01_R3D_D3D_Z16_C0_T0.tif,4663.394168785853,4327.55,8484.857142857143,Expt2021_006_Set2_HeLaYFP-PP1_Nuf2-CFP_STLC_MG132_DMSO_well3_point5_13min01_R3D_D3D_Z16_C1_T0.tif,7646.124535143176,4257.21
274,16_3,5,5989.6,Expt2021_006_Set2_HeLaYFP-PP1_Nuf2-CFP_STLC_MG132_DMSO_well3_point5_13min01_R3D_D3D_Z16_C0_T0.tif,4663.394168785853,4327.55,8259.8,Expt2021_006_Set2_HeLaYFP-PP1_Nuf2-CFP_STLC_MG132_DMSO_well3_point5_13min01_R3D_D3D_Z16_C1_T0.tif,7646.124535143176,4257.21
275,16_4,10,5508.9,Expt2021_006_Set2_HeLaYFP-PP1_Nuf2-CFP_STLC_MG132_DMSO_well3_point5_13min01_R3D_D3D_Z16_C0_T0.tif,4663.394168785853,4327.55,8418.6,Expt2021_006_Set2_HeLaYFP-PP1_Nuf2-CFP_STLC_MG132_DMSO_well3_point5_13min01_R3D_D3D_Z16_C1_T0.tif,7646.124535143176,4257.21
276,16_5,10,6003.6,Expt2021_006_Set2_HeLaYFP-PP1_Nuf2-CFP_STLC_MG132_DMSO_well3_point5_13min01_R3D_D3D_Z16_C0_T0.tif,4663.394168785853,4327.55,8862.7,Expt2021_006_Set2_HeLaYFP-PP1_Nuf2-CFP_STLC_MG132_DMSO_well3_point5_13min01_R3D_D3D_Z16_C1_T0.tif,7646.124535143176,4257.21
277,16_6,16,5874.5,Expt2021_006_Set2_HeLaYFP-PP1_Nuf2-CFP_STLC_MG132_DMSO_well3_point5_13min01_R3D_D3D_Z16_C0_T0.tif,4663.394168785853,4327.55,8178.0625,Expt2021_006_Set2_HeLaYFP-PP1_Nuf2-CFP_STLC_MG132_DMSO_well3_point5_13min01_R3D_D3D_Z16_C1_T0.tif,7646.124535143176,4257.21
278,16_7,5,5526.8,Expt2021_006_Set2_HeLaYFP-PP1_Nuf2-CFP_STLC_MG132_DMSO_well3_point5_13min01_R3D_D3D_Z16_C0_T0.tif,4663.394168785853,4327.55,7966.6,Expt2021_006_Set2_HeLaYFP-PP1_Nuf2-CFP_STLC_MG132_DMSO_well3_point5_13min01_R3D_D3D_Z16_C1_T0.tif,7646.124535143176,4257.21
279,16_8,15,6209.8,Expt2021_006_Set2_HeLaYFP-PP1_Nuf2-CFP_STLC_MG132_DMSO_well3_point5_13min01_R3D_D3D_Z16_C0_T0.tif,4663.394168785853,4327.55,8877.2,Expt2021_006_Set2_HeLaYFP-PP1_Nuf2-CFP_STLC_MG132_DMSO_well3_point5_13min01_R3D_D3D_Z16_C1_T0.tif,7646.124535143176,4257.21
280,16_9,23,5594.391304347826,Expt2021_006_Set2_HeLaYFP-PP1_Nuf2-CFP_STLC_MG132_DMSO_well3_point5_13min01_R3D_D3D_Z16_C0_T0.tif,4663.394168785853,4327.55,7913.869565217391,Expt2021_006_Set2_HeLaYFP-PP1_Nuf2-CFP_STLC_MG132_DMSO_well3_point5_13min01_R3D_D3D_Z16_C1_T0.tif,7646.124535143176,4257.21
281,16_10,5,5863.2,Expt2021_006_Set2_HeLaYFP-PP1_Nuf2-CFP_STLC_MG132_DMSO_well3_point5_13min01_R3D_D3D_Z16_C0_T0.tif,4663.394168785853,4327.55,9494.6,Expt2021_006_Set2_HeLaYFP-PP1_Nuf2-CFP_STLC_MG132_DMSO_well3_point5_13min01_R3D_D3D_Z16_C1_T0.tif,7646.124535143176,4257.21
282,16_11,10,5380.4,Expt2021_006_Set2_HeLaYFP-PP1_Nuf2-CFP_STLC_MG132_DMSO_well3_point5_13min01_R3D_D3D_Z16_C0_T0.tif,4663.394168785853,4327.55,9048.1,Expt2021_006_Set2_HeLaYFP-PP1_Nuf2-CFP_STLC_MG132_DMSO_well3_point5_13min01_R3D_D3D_Z16_C1_T0.tif,7646.124535143176,4257.21
283,16_12,43,5803.162790697675,Expt2021_006_Set2_HeLaYFP-PP1_Nuf2-CFP_STLC_MG132_DMSO_well3_point5_13min01_R3D_D3D_Z16_C0_T0.tif,4663.394168785853,4327.55,9020.232558139534,Expt2021_006_Set2_HeLaYFP-PP1_Nuf2-CFP_STLC_MG132_DMSO_well3_point5_13min01_R3D_D3D_Z16_C1_T0.tif,7646.124535143176,4257.21
284,16_13,38,5781.4473684210525,Expt2021_006_Set2_HeLaYFP-PP1_Nuf2-CFP_STLC_MG132_DMSO_well3_point5_13min01_R3D_D3D_Z16_C0_T0.tif,4663.394168785853,4327.55,9195.21052631579,Expt2021_006_Set2_HeLaYFP-PP1_Nuf2-CFP_STLC_MG132_DMSO_well3_point5_13min01_R3D_D3D_Z16_C1_T0.tif,7646.124535143176,4257.21
285,16_14,14,6022.571428571428,Expt2021_006_Set2_HeLaYFP-PP1_Nuf2-CFP_STLC_MG132_DMSO_well3_point5_13min01_R3D_D3D_Z16_C0_T0.tif,4663.394168785853,4327.55,9157.07142857143,Expt2021_006_Set2_HeLaYFP-PP1_Nuf2-CFP_STLC_MG132_DMSO_well3_point5_13min01_R3D_D3D_Z16_C1_T0.tif,7646.124535143176,4257.21
286,16_15,12,6139.583333333333,Expt2021_006_Set2_HeLaYFP-PP1_Nuf2-CFP_STLC_MG132_DMSO_well3_point5_13min01_R3D_D3D_Z16_C0_T0.tif,4663.394168785853,4327.55,9029.416666666666,Expt2021_006_Set2_HeLaYFP-PP1_Nuf2-CFP_STLC_MG132_DMSO_well3_point5_13min01_R3D_D3D_Z16_C1_T0.tif,7646.124535143176,4257.21
287,17_1,31,5659.354838709677,Expt2021_006_Set2_HeLaYFP-PP1_Nuf2-CFP_STLC_MG132_DMSO_well3_point5_13min01_R3D_D3D_Z17_C0_T0.tif,4650.729310344827,4311.48,8179.354838709677,Expt2021_006_Set2_HeLaYFP-PP1_Nuf2-CFP_STLC_MG132_DMSO_well3_point5_13min01_R3D_D3D_Z17_C1_T0.tif,7606.442645264245,4240.4125
288,17_2,24,5747.666666666667,Expt2021_006_Set2_HeLaYFP-PP1_Nuf2-CFP_STLC_MG132_DMSO_well3_point5_13min01_R3D_D3D_Z17_C0_T0.tif,4650.729310344827,4311.48,8630.291666666666,Expt2021_006_Set2_HeLaYFP-PP1_Nuf2-CFP_STLC_MG132_DMSO_well3_point5_13min01_R3D_D3D_Z17_C1_T0.tif,7606.442645264245,4240.4125
289,17_3,10,5546.7,Expt2021_006_Set2_HeLaYFP-PP1_Nuf2-CFP_STLC_MG132_DMSO_well3_point5_13min01_R3D_D3D_Z17_C0_T0.tif,4650.729310344827,4311.48,8526.8,Expt2021_006_Set2_HeLaYFP-PP1_Nuf2-CFP_STLC_MG132_DMSO_well3_point5_13min01_R3D_D3D_Z17_C1_T0.tif,7606.442645264245,4240.4125
290,17_4,14,5441.285714285715,Expt2021_006_Set2_HeLaYFP-PP1_Nuf2-CFP_STLC_MG132_DMSO_well3_point5_13min01_R3D_D3D_Z17_C0_T0.tif,4650.729310344827,4311.48,8580.42857142857,Expt2021_006_Set2_HeLaYFP-PP1_Nuf2-CFP_STLC_MG132_DMSO_well3_point5_13min01_R3D_D3D_Z17_C1_T0.tif,7606.442645264245,4240.4125
291,17_5,16,5432.375,Expt2021_006_Set2_HeLaYFP-PP1_Nuf2-CFP_STLC_MG132_DMSO_well3_point5_13min01_R3D_D3D_Z17_C0_T0.tif,4650.729310344827,4311.48,8517.0,Expt2021_006_Set2_HeLaYFP-PP1_Nuf2-CFP_STLC_MG132_DMSO_well3_point5_13min01_R3D_D3D_Z17_C1_T0.tif,7606.442645264245,4240.4125
292,17_6,23,5764.304347826087,Expt2021_006_Set2_HeLaYFP-PP1_Nuf2-CFP_STLC_MG132_DMSO_well3_point5_13min01_R3D_D3D_Z17_C0_T0.tif,4650.729310344827,4311.48,8713.826086956522,Expt2021_006_Set2_HeLaYFP-PP1_Nuf2-CFP_STLC_MG132_DMSO_well3_point5_13min01_R3D_D3D_Z17_C1_T0.tif,7606.442645264245,4240.4125
293,17_7,35,5741.771428571428,Expt2021_006_Set2_HeLaYFP-PP1_Nuf2-CFP_STLC_MG132_DMSO_well3_point5_13min01_R3D_D3D_Z17_C0_T0.tif,4650.729310344827,4311.48,8299.057142857142,Expt2021_006_Set2_HeLaYFP-PP1_Nuf2-CFP_STLC_MG132_DMSO_well3_point5_13min01_R3D_D3D_Z17_C1_T0.tif,7606.442645264245,4240.4125
294,17_8,10,5578.2,Expt2021_006_Set2_HeLaYFP-PP1_Nuf2-CFP_STLC_MG132_DMSO_well3_point5_13min01_R3D_D3D_Z17_C0_T0.tif,4650.729310344827,4311.48,8406.5,Expt2021_006_Set2_HeLaYFP-PP1_Nuf2-CFP_STLC_MG132_DMSO_well3_point5_13min01_R3D_D3D_Z17_C1_T0.tif,7606.442645264245,4240.4125
295,17_9,27,5746.592592592592,Expt2021_006_Set2_HeLaYFP-PP1_Nuf2-CFP_STLC_MG132_DMSO_well3_point5_13min01_R3D_D3D_Z17_C0_T0.tif,4650.729310344827,4311.48,8598.074074074075,Expt2021_006_Set2_HeLaYFP-PP1_Nuf2-CFP_STLC_MG132_DMSO_well3_point5_13min01_R3D_D3D_Z17_C1_T0.tif,7606.442645264245,4240.4125
296,17_10,34,5704.911764705882,Expt2021_006_Set2_HeLaYFP-PP1_Nuf2-CFP_STLC_MG132_DMSO_well3_point5_13min01_R3D_D3D_Z17_C0_T0.tif,4650.729310344827,4311.48,8201.823529411764,Expt2021_006_Set2_HeLaYFP-PP1_Nuf2-CFP_STLC_MG132_DMSO_well3_point5_13min01_R3D_D3D_Z17_C1_T0.tif,7606.442645264245,4240.4125
297,17_11,10,5771.4,Expt2021_006_Set2_HeLaYFP-PP1_Nuf2-CFP_STLC_MG132_DMSO_well3_point5_13min01_R3D_D3D_Z17_C0_T0.tif,4650.729310344827,4311.48,8947.7,Expt2021_006_Set2_HeLaYFP-PP1_Nuf2-CFP_STLC_MG132_DMSO_well3_point5_13min01_R3D_D3D_Z17_C1_T0.tif,7606.442645264245,4240.4125
298,17_12,5,5772.8,Expt2021_006_Set2_HeLaYFP-PP1_Nuf2-CFP_STLC_MG132_DMSO_well3_point5_13min01_R3D_D3D_Z17_C0_T0.tif,4650.729310344827,4311.48,8280.4,Expt2021_006_Set2_HeLaYFP-PP1_Nuf2-CFP_STLC_MG132_DMSO_well3_point5_13min01_R3D_D3D_Z17_C1_T0.tif,7606.442645264245,4240.4125
299,17_13,66,5747.636363636364,Expt2021_006_Set2_HeLaYFP-PP1_Nuf2-CFP_STLC_MG132_DMSO_well3_point5_13min01_R3D_D3D_Z17_C0_T0.tif,4650.729310344827,4311.48,8874.772727272728,Expt2021_006_Set2_HeLaYFP-PP1_Nuf2-CFP_STLC_MG132_DMSO_well3_point5_13min01_R3D_D3D_Z17_C1_T0.tif,7606.442645264245,4240.4125
300,17_14,56,5650.821428571428,Expt2021_006_Set2_HeLaYFP-PP1_Nuf2-CFP_STLC_MG132_DMSO_well3_point5_13min01_R3D_D3D_Z17_C0_T0.tif,4650.729310344827,4311.48,8715.82142857143,Expt2021_006_Set2_HeLaYFP-PP1_Nuf2-CFP_STLC_MG132_DMSO_well3_point5_13min01_R3D_D3D_Z17_C1_T0.tif,7606.442645264245,4240.4125
301,17_15,19,5957.526315789473,Expt2021_006_Set2_HeLaYFP-PP1_Nuf2-CFP_STLC_MG132_DMSO_well3_point5_13min01_R3D_D3D_Z17_C0_T0.tif,4650.729310344827,4311.48,8880.157894736842,Expt2021_006_Set2_HeLaYFP-PP1_Nuf2-CFP_STLC_MG132_DMSO_well3_point5_13min01_R3D_D3D_Z17_C1_T0.tif,7606.442645264245,4240.4125
302,17_16,19,6104.684210526316,Expt2021_006_Set2_HeLaYFP-PP1_Nuf2-CFP_STLC_MG132_DMSO_well3_point5_13min01_R3D_D3D_Z17_C0_T0.tif,4650.729310344827,4311.48,8667.263157894737,Expt2021_006_Set2_HeLaYFP-PP1_Nuf2-CFP_STLC_MG132_DMSO_well3_point5_13min01_R3D_D3D_Z17_C1_T0.tif,7606.442645264245,4240.4125
303,18_1,21,5601.0,Expt2021_006_Set2_HeLaYFP-PP1_Nuf2-CFP_STLC_MG132_DMSO_well3_point5_13min01_R3D_D3D_Z18_C0_T0.tif,4653.933509467195,4305.9625,7476.380952380952,Expt2021_006_Set2_HeLaYFP-PP1_Nuf2-CFP_STLC_MG132_DMSO_well3_point5_13min01_R3D_D3D_Z18_C1_T0.tif,7498.751730633388,4258.6925
304,18_2,29,5734.862068965517,Expt2021_006_Set2_HeLaYFP-PP1_Nuf2-CFP_STLC_MG132_DMSO_well3_point5_13min01_R3D_D3D_Z18_C0_T0.tif,4653.933509467195,4305.9625,8385.620689655172,Expt2021_006_Set2_HeLaYFP-PP1_Nuf2-CFP_STLC_MG132_DMSO_well3_point5_13min01_R3D_D3D_Z18_C1_T0.tif,7498.751730633388,4258.6925
305,18_3,5,5475.8,Expt2021_006_Set2_HeLaYFP-PP1_Nuf2-CFP_STLC_MG132_DMSO_well3_point5_13min01_R3D_D3D_Z18_C0_T0.tif,4653.933509467195,4305.9625,7651.6,Expt2021_006_Set2_HeLaYFP-PP1_Nuf2-CFP_STLC_MG132_DMSO_well3_point5_13min01_R3D_D3D_Z18_C1_T0.tif,7498.751730633388,4258.6925
306,18_4,10,5651.9,Expt2021_006_Set2_HeLaYFP-PP1_Nuf2-CFP_STLC_MG132_DMSO_well3_point5_13min01_R3D_D3D_Z18_C0_T0.tif,4653.933509467195,4305.9625,8666.6,Expt2021_006_Set2_HeLaYFP-PP1_Nuf2-CFP_STLC_MG132_DMSO_well3_point5_13min01_R3D_D3D_Z18_C1_T0.tif,7498.751730633388,4258.6925
307,18_5,16,5970.9375,Expt2021_006_Set2_HeLaYFP-PP1_Nuf2-CFP_STLC_MG132_DMSO_well3_point5_13min01_R3D_D3D_Z18_C0_T0.tif,4653.933509467195,4305.9625,8679.625,Expt2021_006_Set2_HeLaYFP-PP1_Nuf2-CFP_STLC_MG132_DMSO_well3_point5_13min01_R3D_D3D_Z18_C1_T0.tif,7498.751730633388,4258.6925
308,18_6,38,5728.789473684211,Expt2021_006_Set2_HeLaYFP-PP1_Nuf2-CFP_STLC_MG132_DMSO_well3_point5_13min01_R3D_D3D_Z18_C0_T0.tif,4653.933509467195,4305.9625,8295.473684210527,Expt2021_006_Set2_HeLaYFP-PP1_Nuf2-CFP_STLC_MG132_DMSO_well3_point5_13min01_R3D_D3D_Z18_C1_T0.tif,7498.751730633388,4258.6925
309,18_7,5,6020.4,Expt2021_006_Set2_HeLaYFP-PP1_Nuf2-CFP_STLC_MG132_DMSO_well3_point5_13min01_R3D_D3D_Z18_C0_T0.tif,4653.933509467195,4305.9625,8242.8,Expt2021_006_Set2_HeLaYFP-PP1_Nuf2-CFP_STLC_MG132_DMSO_well3_point5_13min01_R3D_D3D_Z18_C1_T0.tif,7498.751730633388,4258.6925
310,18_8,24,5605.833333333333,Expt2021_006_Set2_HeLaYFP-PP1_Nuf2-CFP_STLC_MG132_DMSO_well3_point5_13min01_R3D_D3D_Z18_C0_T0.tif,4653.933509467195,4305.9625,8380.791666666666,Expt2021_006_Set2_HeLaYFP-PP1_Nuf2-CFP_STLC_MG132_DMSO_well3_point5_13min01_R3D_D3D_Z18_C1_T0.tif,7498.751730633388,4258.6925
311,18_9,12,5846.25,Expt2021_006_Set2_HeLaYFP-PP1_Nuf2-CFP_STLC_MG132_DMSO_well3_point5_13min01_R3D_D3D_Z18_C0_T0.tif,4653.933509467195,4305.9625,7804.75,Expt2021_006_Set2_HeLaYFP-PP1_Nuf2-CFP_STLC_MG132_DMSO_well3_point5_13min01_R3D_D3D_Z18_C1_T0.tif,7498.751730633388,4258.6925
312,18_10,10,5657.9,Expt2021_006_Set2_HeLaYFP-PP1_Nuf2-CFP_STLC_MG132_DMSO_well3_point5_13min01_R3D_D3D_Z18_C0_T0.tif,4653.933509467195,4305.9625,7820.9,Expt2021_006_Set2_HeLaYFP-PP1_Nuf2-CFP_STLC_MG132_DMSO_well3_point5_13min01_R3D_D3D_Z18_C1_T0.tif,7498.751730633388,4258.6925
313,18_11,8,5750.625,Expt2021_006_Set2_HeLaYFP-PP1_Nuf2-CFP_STLC_MG132_DMSO_well3_point5_13min01_R3D_D3D_Z18_C0_T0.tif,4653.933509467195,4305.9625,9331.625,Expt2021_006_Set2_HeLaYFP-PP1_Nuf2-CFP_STLC_MG132_DMSO_well3_point5_13min01_R3D_D3D_Z18_C1_T0.tif,7498.751730633388,4258.6925
314,18_12,8,5878.125,Expt2021_006_Set2_HeLaYFP-PP1_Nuf2-CFP_STLC_MG132_DMSO_well3_point5_13min01_R3D_D3D_Z18_C0_T0.tif,4653.933509467195,4305.9625,8433.625,Expt2021_006_Set2_HeLaYFP-PP1_Nuf2-CFP_STLC_MG132_DMSO_well3_point5_13min01_R3D_D3D_Z18_C1_T0.tif,7498.751730633388,4258.6925
315,18_13,5,5853.4,Expt2021_006_Set2_HeLaYFP-PP1_Nuf2-CFP_STLC_MG132_DMSO_well3_point5_13min01_R3D_D3D_Z18_C0_T0.tif,4653.933509467195,4305.9625,9451.2,Expt2021_006_Set2_HeLaYFP-PP1_Nuf2-CFP_STLC_MG132_DMSO_well3_point5_13min01_R3D_D3D_Z18_C1_T0.tif,7498.751730633388,4258.6925
316,18_14,56,5760.339285714285,Expt2021_006_Set2_HeLaYFP-PP1_Nuf2-CFP_STLC_MG132_DMSO_well3_point5_13min01_R3D_D3D_Z18_C0_T0.tif,4653.933509467195,4305.9625,8579.785714285714,Expt2021_006_Set2_HeLaYFP-PP1_Nuf2-CFP_STLC_MG132_DMSO_well3_point5_13min01_R3D_D3D_Z18_C1_T0.tif,7498.751730633388,4258.6925
317,18_15,16,5595.25,Expt2021_006_Set2_HeLaYFP-PP1_Nuf2-CFP_STLC_MG132_DMSO_well3_point5_13min01_R3D_D3D_Z18_C0_T0.tif,4653.933509467195,4305.9625,8968.9375,Expt2021_006_Set2_HeLaYFP-PP1_Nuf2-CFP_STLC_MG132_DMSO_well3_point5_13min01_R3D_D3D_Z18_C1_T0.tif,7498.751730633388,4258.6925
318,18_16,19,5974.105263157895,Expt2021_006_Set2_HeLaYFP-PP1_Nuf2-CFP_STLC_MG132_DMSO_well3_point5_13min01_R3D_D3D_Z18_C0_T0.tif,4653.933509467195,4305.9625,8683.21052631579,Expt2021_006_Set2_HeLaYFP-PP1_Nuf2-CFP_STLC_MG132_DMSO_well3_point5_13min01_R3D_D3D_Z18_C1_T0.tif,7498.751730633388,4258.6925
319,18_17,5,5668.2,Expt2021_006_Set2_HeLaYFP-PP1_Nuf2-CFP_STLC_MG132_DMSO_well3_point5_13min01_R3D_D3D_Z18_C0_T0.tif,4653.933509467195,4305.9625,9314.4,Expt2021_006_Set2_HeLaYFP-PP1_Nuf2-CFP_STLC_MG132_DMSO_well3_point5_13min01_R3D_D3D_Z18_C1_T0.tif,7498.751730633388,4258.6925
320,18_18,17,5861.529411764706,Expt2021_006_Set2_HeLaYFP-PP1_Nuf2-CFP_STLC_MG132_DMSO_well3_point5_13min01_R3D_D3D_Z18_C0_T0.tif,4653.933509467195,4305.9625,8810.117647058823,Expt2021_006_Set2_HeLaYFP-PP1_Nuf2-CFP_STLC_MG132_DMSO_well3_point5_13min01_R3D_D3D_Z18_C1_T0.tif,7498.751730633388,4258.6925
321,18_19,17,6136.882352941177,Expt2021_006_Set2_HeLaYFP-PP1_Nuf2-CFP_STLC_MG132_DMSO_well3_point5_13min01_R3D_D3D_Z18_C0_T0.tif,4653.933509467195,4305.9625,8510.058823529413,Expt2021_006_Set2_HeLaYFP-PP1_Nuf2-CFP_STLC_MG132_DMSO_well3_point5_13min01_R3D_D3D_Z18_C1_T0.tif,7498.751730633388,4258.6925
322,19_1,5,6257.0,Expt2021_006_Set2_HeLaYFP-PP1_Nuf2-CFP_STLC_MG132_DMSO_well3_point5_13min01_R3D_D3D_Z19_C0_T0.tif,4664.36455026455,4303.7525,7554.0,Expt2021_006_Set2_HeLaYFP-PP1_Nuf2-CFP_STLC_MG132_DMSO_well3_point5_13min01_R3D_D3D_Z19_C1_T0.tif,7397.176339497392,4271.515
323,19_2,27,5553.740740740741,Expt2021_006_Set2_HeLaYFP-PP1_Nuf2-CFP_STLC_MG132_DMSO_well3_point5_13min01_R3D_D3D_Z19_C0_T0.tif,4664.36455026455,4303.7525,8196.814814814816,Expt2021_006_Set2_HeLaYFP-PP1_Nuf2-CFP_STLC_MG132_DMSO_well3_point5_13min01_R3D_D3D_Z19_C1_T0.tif,7397.176339497392,4271.515
324,19_3,5,5851.0,Expt2021_006_Set2_HeLaYFP-PP1_Nuf2-CFP_STLC_MG132_DMSO_well3_point5_13min01_R3D_D3D_Z19_C0_T0.tif,4664.36455026455,4303.7525,7614.4,Expt2021_006_Set2_HeLaYFP-PP1_Nuf2-CFP_STLC_MG132_DMSO_well3_point5_13min01_R3D_D3D_Z19_C1_T0.tif,7397.176339497392,4271.515
325,19_4,13,5729.615384615385,Expt2021_006_Set2_HeLaYFP-PP1_Nuf2-CFP_STLC_MG132_DMSO_well3_point5_13min01_R3D_D3D_Z19_C0_T0.tif,4664.36455026455,4303.7525,8509.076923076924,Expt2021_006_Set2_HeLaYFP-PP1_Nuf2-CFP_STLC_MG132_DMSO_well3_point5_13min01_R3D_D3D_Z19_C1_T0.tif,7397.176339497392,4271.515
326,19_5,14,5924.0,Expt2021_006_Set2_HeLaYFP-PP1_Nuf2-CFP_STLC_MG132_DMSO_well3_point5_13min01_R3D_D3D_Z19_C0_T0.tif,4664.36455026455,4303.7525,8623.57142857143,Expt2021_006_Set2_HeLaYFP-PP1_Nuf2-CFP_STLC_MG132_DMSO_well3_point5_13min01_R3D_D3D_Z19_C1_T0.tif,7397.176339497392,4271.515
327,19_6,26,5670.038461538462,Expt2021_006_Set2_HeLaYFP-PP1_Nuf2-CFP_STLC_MG132_DMSO_well3_point5_13min01_R3D_D3D_Z19_C0_T0.tif,4664.36455026455,4303.7525,7970.884615384615,Expt2021_006_Set2_HeLaYFP-PP1_Nuf2-CFP_STLC_MG132_DMSO_well3_point5_13min01_R3D_D3D_Z19_C1_T0.tif,7397.176339497392,4271.515
328,19_7,5,5859.2,Expt2021_006_Set2_HeLaYFP-PP1_Nuf2-CFP_STLC_MG132_DMSO_well3_point5_13min01_R3D_D3D_Z19_C0_T0.tif,4664.36455026455,4303.7525,7839.4,Expt2021_006_Set2_HeLaYFP-PP1_Nuf2-CFP_STLC_MG132_DMSO_well3_point5_13min01_R3D_D3D_Z19_C1_T0.tif,7397.176339497392,4271.515
329,19_8,8,5458.625,Expt2021_006_Set2_HeLaYFP-PP1_Nuf2-CFP_STLC_MG132_DMSO_well3_point5_13min01_R3D_D3D_Z19_C0_T0.tif,4664.36455026455,4303.7525,8813.125,Expt2021_006_Set2_HeLaYFP-PP1_Nuf2-CFP_STLC_MG132_DMSO_well3_point5_13min01_R3D_D3D_Z19_C1_T0.tif,7397.176339497392,4271.515
330,19_9,12,5410.833333333333,Expt2021_006_Set2_HeLaYFP-PP1_Nuf2-CFP_STLC_MG132_DMSO_well3_point5_13min01_R3D_D3D_Z19_C0_T0.tif,4664.36455026455,4303.7525,7915.5,Expt2021_006_Set2_HeLaYFP-PP1_Nuf2-CFP_STLC_MG132_DMSO_well3_point5_13min01_R3D_D3D_Z19_C1_T0.tif,7397.176339497392,4271.515
331,19_10,8,5402.375,Expt2021_006_Set2_HeLaYFP-PP1_Nuf2-CFP_STLC_MG132_DMSO_well3_point5_13min01_R3D_D3D_Z19_C0_T0.tif,4664.36455026455,4303.7525,8131.0,Expt2021_006_Set2_HeLaYFP-PP1_Nuf2-CFP_STLC_MG132_DMSO_well3_point5_13min01_R3D_D3D_Z19_C1_T0.tif,7397.176339497392,4271.515
332,19_11,10,5826.4,Expt2021_006_Set2_HeLaYFP-PP1_Nuf2-CFP_STLC_MG132_DMSO_well3_point5_13min01_R3D_D3D_Z19_C0_T0.tif,4664.36455026455,4303.7525,9626.0,Expt2021_006_Set2_HeLaYFP-PP1_Nuf2-CFP_STLC_MG132_DMSO_well3_point5_13min01_R3D_D3D_Z19_C1_T0.tif,7397.176339497392,4271.515
333,19_12,11,6040.363636363636,Expt2021_006_Set2_HeLaYFP-PP1_Nuf2-CFP_STLC_MG132_DMSO_well3_point5_13min01_R3D_D3D_Z19_C0_T0.tif,4664.36455026455,4303.7525,7970.181818181818,Expt2021_006_Set2_HeLaYFP-PP1_Nuf2-CFP_STLC_MG132_DMSO_well3_point5_13min01_R3D_D3D_Z19_C1_T0.tif,7397.176339497392,4271.515
334,19_13,5,5780.4,Expt2021_006_Set2_HeLaYFP-PP1_Nuf2-CFP_STLC_MG132_DMSO_well3_point5_13min01_R3D_D3D_Z19_C0_T0.tif,4664.36455026455,4303.7525,8871.6,Expt2021_006_Set2_HeLaYFP-PP1_Nuf2-CFP_STLC_MG132_DMSO_well3_point5_13min01_R3D_D3D_Z19_C1_T0.tif,7397.176339497392,4271.515
335,19_14,10,5692.9,Expt2021_006_Set2_HeLaYFP-PP1_Nuf2-CFP_STLC_MG132_DMSO_well3_point5_13min01_R3D_D3D_Z19_C0_T0.tif,4664.36455026455,4303.7525,8821.7,Expt2021_006_Set2_HeLaYFP-PP1_Nuf2-CFP_STLC_MG132_DMSO_well3_point5_13min01_R3D_D3D_Z19_C1_T0.tif,7397.176339497392,4271.515
336,19_15,5,5518.2,Expt2021_006_Set2_HeLaYFP-PP1_Nuf2-CFP_STLC_MG132_DMSO_well3_point5_13min01_R3D_D3D_Z19_C0_T0.tif,4664.36455026455,4303.7525,8352.2,Expt2021_006_Set2_HeLaYFP-PP1_Nuf2-CFP_STLC_MG132_DMSO_well3_point5_13min01_R3D_D3D_Z19_C1_T0.tif,7397.176339497392,4271.515
337,19_16,20,5622.9,Expt2021_006_Set2_HeLaYFP-PP1_Nuf2-CFP_STLC_MG132_DMSO_well3_point5_13min01_R3D_D3D_Z19_C0_T0.tif,4664.36455026455,4303.7525,8598.45,Expt2021_006_Set2_HeLaYFP-PP1_Nuf2-CFP_STLC_MG132_DMSO_well3_point5_13min01_R3D_D3D_Z19_C1_T0.tif,7397.176339497392,4271.515
338,19_17,10,5794.2,Expt2021_006_Set2_HeLaYFP-PP1_Nuf2-CFP_STLC_MG132_DMSO_well3_point5_13min01_R3D_D3D_Z19_C0_T0.tif,4664.36455026455,4303.7525,8117.2,Expt2021_006_Set2_HeLaYFP-PP1_Nuf2-CFP_STLC_MG132_DMSO_well3_point5_13min01_R3D_D3D_Z19_C1_T0.tif,7397.176339497392,4271.515
339,19_18,34,5648.676470588235,Expt2021_006_Set2_HeLaYFP-PP1_Nuf2-CFP_STLC_MG132_DMSO_well3_point5_13min01_R3D_D3D_Z19_C0_T0.tif,4664.36455026455,4303.7525,8458.058823529413,Expt2021_006_Set2_HeLaYFP-PP1_Nuf2-CFP_STLC_MG132_DMSO_well3_point5_13min01_R3D_D3D_Z19_C1_T0.tif,7397.176339497392,4271.515
340,19_19,8,5583.625,Expt2021_006_Set2_HeLaYFP-PP1_Nuf2-CFP_STLC_MG132_DMSO_well3_point5_13min01_R3D_D3D_Z19_C0_T0.tif,4664.36455026455,4303.7525,8525.375,Expt2021_006_Set2_HeLaYFP-PP1_Nuf2-CFP_STLC_MG132_DMSO_well3_point5_13min01_R3D_D3D_Z19_C1_T0.tif,7397.176339497392,4271.515
341,19_20,8,5408.125,Expt2021_006_Set2_HeLaYFP-PP1_Nuf2-CFP_STLC_MG132_DMSO_well3_point5_13min01_R3D_D3D_Z19_C0_T0.tif,4664.36455026455,4303.7525,9355.5,Expt2021_006_Set2_HeLaYFP-PP1_Nuf2-CFP_STLC_MG132_DMSO_well3_point5_13min01_R3D_D3D_Z19_C1_T0.tif,7397.176339497392,4271.515
342,19_21,17,5592.823529411765,Expt2021_006_Set2_HeLaYFP-PP1_Nuf2-CFP_STLC_MG132_DMSO_well3_point5_13min01_R3D_D3D_Z19_C0_T0.tif,4664.36455026455,4303.7525,8803.235294117647,Expt2021_006_Set2_HeLaYFP-PP1_Nuf2-CFP_STLC_MG132_DMSO_well3_point5_13min01_R3D_D3D_Z19_C1_T0.tif,7397.176339497392,4271.515
343,19_22,14,5723.928571428572,Expt2021_006_Set2_HeLaYFP-PP1_Nuf2-CFP_STLC_MG132_DMSO_well3_point5_13min01_R3D_D3D_Z19_C0_T0.tif,4664.36455026455,4303.7525,8569.142857142857,Expt2021_006_Set2_HeLaYFP-PP1_Nuf2-CFP_STLC_MG132_DMSO_well3_point5_13min01_R3D_D3D_Z19_C1_T0.tif,7397.176339497392,4271.515
