,label,mean_intensity_YFP_astrin,fname_YFP_astrin,mean_intensity_CENP_B_ds_red,fname_CENP_B_ds_red,YFP_astrin_cyto,CENP_B_ds_red_cyto,YFP_astrinbg,CENP_B_ds_red_bg
0,0_1,16115.476923076923,Exp2018_032_IV_HeLa_MG132_YFP-AstrinqQ1012_CENPB-dsRed_GFP_mcherry03_R3D_D3D_Z0_C0_T00.tif,13834.046153846153,Exp2018_032_IV_HeLa_MG132_YFP-AstrinqQ1012_CENPB-dsRed_GFP_mcherry03_R3D_D3D_Z0_C1_T00.tif,18955.198982104746,7994.292069632495,11929.33,4461.925
1,0_2,19316.8,Exp2018_032_IV_HeLa_MG132_YFP-AstrinqQ1012_CENPB-dsRed_GFP_mcherry03_R3D_D3D_Z0_C0_T00.tif,12030.066666666668,Exp2018_032_IV_HeLa_MG132_YFP-AstrinqQ1012_CENPB-dsRed_GFP_mcherry03_R3D_D3D_Z0_C1_T00.tif,18955.198982104746,7994.292069632495,11929.33,4461.925
2,0_3,16791.0,Exp2018_032_IV_HeLa_MG132_YFP-AstrinqQ1012_CENPB-dsRed_GFP_mcherry03_R3D_D3D_Z0_C0_T00.tif,13162.75,Exp2018_032_IV_HeLa_MG132_YFP-AstrinqQ1012_CENPB-dsRed_GFP_mcherry03_R3D_D3D_Z0_C1_T00.tif,18955.198982104746,7994.292069632495,11929.33,4461.925
3,0_4,19944.6,Exp2018_032_IV_HeLa_MG132_YFP-AstrinqQ1012_CENPB-dsRed_GFP_mcherry03_R3D_D3D_Z0_C0_T00.tif,10592.2,Exp2018_032_IV_HeLa_MG132_YFP-AstrinqQ1012_CENPB-dsRed_GFP_mcherry03_R3D_D3D_Z0_C1_T00.tif,18955.198982104746,7994.292069632495,11929.33,4461.925
4,0_5,19178.5,Exp2018_032_IV_HeLa_MG132_YFP-AstrinqQ1012_CENPB-dsRed_GFP_mcherry03_R3D_D3D_Z0_C0_T00.tif,11821.4,Exp2018_032_IV_HeLa_MG132_YFP-AstrinqQ1012_CENPB-dsRed_GFP_mcherry03_R3D_D3D_Z0_C1_T00.tif,18955.198982104746,7994.292069632495,11929.33,4461.925
5,0_6,19726.0,Exp2018_032_IV_HeLa_MG132_YFP-AstrinqQ1012_CENPB-dsRed_GFP_mcherry03_R3D_D3D_Z0_C0_T00.tif,11736.8,Exp2018_032_IV_HeLa_MG132_YFP-AstrinqQ1012_CENPB-dsRed_GFP_mcherry03_R3D_D3D_Z0_C1_T00.tif,18955.198982104746,7994.292069632495,11929.33,4461.925
6,0_7,17182.3,Exp2018_032_IV_HeLa_MG132_YFP-AstrinqQ1012_CENPB-dsRed_GFP_mcherry03_R3D_D3D_Z0_C0_T00.tif,12621.1,Exp2018_032_IV_HeLa_MG132_YFP-AstrinqQ1012_CENPB-dsRed_GFP_mcherry03_R3D_D3D_Z0_C1_T00.tif,18955.198982104746,7994.292069632495,11929.33,4461.925
7,0_8,16787.625,Exp2018_032_IV_HeLa_MG132_YFP-AstrinqQ1012_CENPB-dsRed_GFP_mcherry03_R3D_D3D_Z0_C0_T00.tif,13540.0,Exp2018_032_IV_HeLa_MG132_YFP-AstrinqQ1012_CENPB-dsRed_GFP_mcherry03_R3D_D3D_Z0_C1_T00.tif,18955.198982104746,7994.292069632495,11929.33,4461.925
8,0_9,16311.214285714286,Exp2018_032_IV_HeLa_MG132_YFP-AstrinqQ1012_CENPB-dsRed_GFP_mcherry03_R3D_D3D_Z0_C0_T00.tif,14687.51948051948,Exp2018_032_IV_HeLa_MG132_YFP-AstrinqQ1012_CENPB-dsRed_GFP_mcherry03_R3D_D3D_Z0_C1_T00.tif,18955.198982104746,7994.292069632495,11929.33,4461.925
9,0_10,15908.875,Exp2018_032_IV_HeLa_MG132_YFP-AstrinqQ1012_CENPB-dsRed_GFP_mcherry03_R3D_D3D_Z0_C0_T00.tif,10430.75,Exp2018_032_IV_HeLa_MG132_YFP-AstrinqQ1012_CENPB-dsRed_GFP_mcherry03_R3D_D3D_Z0_C1_T00.tif,18955.198982104746,7994.292069632495,11929.33,4461.925
10,1_1,14109.416666666666,Exp2018_032_IV_HeLa_MG132_YFP-AstrinqQ1012_CENPB-dsRed_GFP_mcherry03_R3D_D3D_Z0_C0_T01.tif,12368.666666666666,Exp2018_032_IV_HeLa_MG132_YFP-AstrinqQ1012_CENPB-dsRed_GFP_mcherry03_R3D_D3D_Z0_C1_T01.tif,18955.198982104746,7994.292069632495,11929.33,4461.925
11,1_2,16233.75,Exp2018_032_IV_HeLa_MG132_YFP-AstrinqQ1012_CENPB-dsRed_GFP_mcherry03_R3D_D3D_Z0_C0_T01.tif,12969.125,Exp2018_032_IV_HeLa_MG132_YFP-AstrinqQ1012_CENPB-dsRed_GFP_mcherry03_R3D_D3D_Z0_C1_T01.tif,18955.198982104746,7994.292069632495,11929.33,4461.925
12,1_3,17650.222222222223,Exp2018_032_IV_HeLa_MG132_YFP-AstrinqQ1012_CENPB-dsRed_GFP_mcherry03_R3D_D3D_Z0_C0_T01.tif,13173.555555555555,Exp2018_032_IV_HeLa_MG132_YFP-AstrinqQ1012_CENPB-dsRed_GFP_mcherry03_R3D_D3D_Z0_C1_T01.tif,18955.198982104746,7994.292069632495,11929.33,4461.925
13,1_4,16004.8,Exp2018_032_IV_HeLa_MG132_YFP-AstrinqQ1012_CENPB-dsRed_GFP_mcherry03_R3D_D3D_Z0_C0_T01.tif,13064.4,Exp2018_032_IV_HeLa_MG132_YFP-AstrinqQ1012_CENPB-dsRed_GFP_mcherry03_R3D_D3D_Z0_C1_T01.tif,18955.198982104746,7994.292069632495,11929.33,4461.925
14,1_5,16120.42372881356,Exp2018_032_IV_HeLa_MG132_YFP-AstrinqQ1012_CENPB-dsRed_GFP_mcherry03_R3D_D3D_Z0_C0_T01.tif,15843.305084745763,Exp2018_032_IV_HeLa_MG132_YFP-AstrinqQ1012_CENPB-dsRed_GFP_mcherry03_R3D_D3D_Z0_C1_T01.tif,18955.198982104746,7994.292069632495,11929.33,4461.925
15,1_6,17332.615384615383,Exp2018_032_IV_HeLa_MG132_YFP-AstrinqQ1012_CENPB-dsRed_GFP_mcherry03_R3D_D3D_Z0_C0_T01.tif,16312.26923076923,Exp2018_032_IV_HeLa_MG132_YFP-AstrinqQ1012_CENPB-dsRed_GFP_mcherry03_R3D_D3D_Z0_C1_T01.tif,18955.198982104746,7994.292069632495,11929.33,4461.925
16,2_1,17465.736842105263,Exp2018_032_IV_HeLa_MG132_YFP-AstrinqQ1012_CENPB-dsRed_GFP_mcherry03_R3D_D3D_Z0_C0_T02.tif,15100.0,Exp2018_032_IV_HeLa_MG132_YFP-AstrinqQ1012_CENPB-dsRed_GFP_mcherry03_R3D_D3D_Z0_C1_T02.tif,18955.198982104746,7994.292069632495,11929.33,4461.925
17,2_2,15908.136363636364,Exp2018_032_IV_HeLa_MG132_YFP-AstrinqQ1012_CENPB-dsRed_GFP_mcherry03_R3D_D3D_Z0_C0_T02.tif,16615.0,Exp2018_032_IV_HeLa_MG132_YFP-AstrinqQ1012_CENPB-dsRed_GFP_mcherry03_R3D_D3D_Z0_C1_T02.tif,18955.198982104746,7994.292069632495,11929.33,4461.925
18,2_3,19284.333333333332,Exp2018_032_IV_HeLa_MG132_YFP-AstrinqQ1012_CENPB-dsRed_GFP_mcherry03_R3D_D3D_Z0_C0_T02.tif,13032.111111111111,Exp2018_032_IV_HeLa_MG132_YFP-AstrinqQ1012_CENPB-dsRed_GFP_mcherry03_R3D_D3D_Z0_C1_T02.tif,18955.198982104746,7994.292069632495,11929.33,4461.925
19,2_4,16813.03448275862,Exp2018_032_IV_HeLa_MG132_YFP-AstrinqQ1012_CENPB-dsRed_GFP_mcherry03_R3D_D3D_Z0_C0_T02.tif,15996.551724137931,Exp2018_032_IV_HeLa_MG132_YFP-AstrinqQ1012_CENPB-dsRed_GFP_mcherry03_R3D_D3D_Z0_C1_T02.tif,18955.198982104746,7994.292069632495,11929.33,4461.925
20,2_5,15932.2,Exp2018_032_IV_HeLa_MG132_YFP-AstrinqQ1012_CENPB-dsRed_GFP_mcherry03_R3D_D3D_Z0_C0_T02.tif,10986.4,Exp2018_032_IV_HeLa_MG132_YFP-AstrinqQ1012_CENPB-dsRed_GFP_mcherry03_R3D_D3D_Z0_C1_T02.tif,18955.198982104746,7994.292069632495,11929.33,4461.925
21,3_1,16910.7,Exp2018_032_IV_HeLa_MG132_YFP-AstrinqQ1012_CENPB-dsRed_GFP_mcherry03_R3D_D3D_Z0_C0_T03.tif,15522.9,Exp2018_032_IV_HeLa_MG132_YFP-AstrinqQ1012_CENPB-dsRed_GFP_mcherry03_R3D_D3D_Z0_C1_T03.tif,18955.198982104746,7994.292069632495,11929.33,4461.925
22,3_2,17247.904761904763,Exp2018_032_IV_HeLa_MG132_YFP-AstrinqQ1012_CENPB-dsRed_GFP_mcherry03_R3D_D3D_Z0_C0_T03.tif,13571.714285714286,Exp2018_032_IV_HeLa_MG132_YFP-AstrinqQ1012_CENPB-dsRed_GFP_mcherry03_R3D_D3D_Z0_C1_T03.tif,18955.198982104746,7994.292069632495,11929.33,4461.925
23,3_3,16343.271186440677,Exp2018_032_IV_HeLa_MG132_YFP-AstrinqQ1012_CENPB-dsRed_GFP_mcherry03_R3D_D3D_Z0_C0_T03.tif,15057.915254237289,Exp2018_032_IV_HeLa_MG132_YFP-AstrinqQ1012_CENPB-dsRed_GFP_mcherry03_R3D_D3D_Z0_C1_T03.tif,18955.198982104746,7994.292069632495,11929.33,4461.925
24,3_4,18054.875,Exp2018_032_IV_HeLa_MG132_YFP-AstrinqQ1012_CENPB-dsRed_GFP_mcherry03_R3D_D3D_Z0_C0_T03.tif,14465.25,Exp2018_032_IV_HeLa_MG132_YFP-AstrinqQ1012_CENPB-dsRed_GFP_mcherry03_R3D_D3D_Z0_C1_T03.tif,18955.198982104746,7994.292069632495,11929.33,4461.925
25,3_5,16063.125,Exp2018_032_IV_HeLa_MG132_YFP-AstrinqQ1012_CENPB-dsRed_GFP_mcherry03_R3D_D3D_Z0_C0_T03.tif,14974.875,Exp2018_032_IV_HeLa_MG132_YFP-AstrinqQ1012_CENPB-dsRed_GFP_mcherry03_R3D_D3D_Z0_C1_T03.tif,18955.198982104746,7994.292069632495,11929.33,4461.925
26,4_1,15638.239130434782,Exp2018_032_IV_HeLa_MG132_YFP-AstrinqQ1012_CENPB-dsRed_GFP_mcherry03_R3D_D3D_Z0_C0_T04.tif,14585.58695652174,Exp2018_032_IV_HeLa_MG132_YFP-AstrinqQ1012_CENPB-dsRed_GFP_mcherry03_R3D_D3D_Z0_C1_T04.tif,18955.198982104746,7994.292069632495,11929.33,4461.925
27,4_2,17136.4,Exp2018_032_IV_HeLa_MG132_YFP-AstrinqQ1012_CENPB-dsRed_GFP_mcherry03_R3D_D3D_Z0_C0_T04.tif,14514.4,Exp2018_032_IV_HeLa_MG132_YFP-AstrinqQ1012_CENPB-dsRed_GFP_mcherry03_R3D_D3D_Z0_C1_T04.tif,18955.198982104746,7994.292069632495,11929.33,4461.925
28,4_3,17545.77142857143,Exp2018_032_IV_HeLa_MG132_YFP-AstrinqQ1012_CENPB-dsRed_GFP_mcherry03_R3D_D3D_Z0_C0_T04.tif,15264.371428571429,Exp2018_032_IV_HeLa_MG132_YFP-AstrinqQ1012_CENPB-dsRed_GFP_mcherry03_R3D_D3D_Z0_C1_T04.tif,18955.198982104746,7994.292069632495,11929.33,4461.925
29,4_4,16186.0,Exp2018_032_IV_HeLa_MG132_YFP-AstrinqQ1012_CENPB-dsRed_GFP_mcherry03_R3D_D3D_Z0_C0_T04.tif,15994.0,Exp2018_032_IV_HeLa_MG132_YFP-AstrinqQ1012_CENPB-dsRed_GFP_mcherry03_R3D_D3D_Z0_C1_T04.tif,18955.198982104746,7994.292069632495,11929.33,4461.925
30,4_5,16826.28125,Exp2018_032_IV_HeLa_MG132_YFP-AstrinqQ1012_CENPB-dsRed_GFP_mcherry03_R3D_D3D_Z0_C0_T04.tif,14149.34375,Exp2018_032_IV_HeLa_MG132_YFP-AstrinqQ1012_CENPB-dsRed_GFP_mcherry03_R3D_D3D_Z0_C1_T04.tif,18955.198982104746,7994.292069632495,11929.33,4461.925
31,5_1,15696.08888888889,Exp2018_032_IV_HeLa_MG132_YFP-AstrinqQ1012_CENPB-dsRed_GFP_mcherry03_R3D_D3D_Z0_C0_T05.tif,13580.555555555555,Exp2018_032_IV_HeLa_MG132_YFP-AstrinqQ1012_CENPB-dsRed_GFP_mcherry03_R3D_D3D_Z0_C1_T05.tif,18955.198982104746,7994.292069632495,11929.33,4461.925
32,5_2,15412.392857142857,Exp2018_032_IV_HeLa_MG132_YFP-AstrinqQ1012_CENPB-dsRed_GFP_mcherry03_R3D_D3D_Z0_C0_T05.tif,13627.785714285714,Exp2018_032_IV_HeLa_MG132_YFP-AstrinqQ1012_CENPB-dsRed_GFP_mcherry03_R3D_D3D_Z0_C1_T05.tif,18955.198982104746,7994.292069632495,11929.33,4461.925
33,5_3,17909.153846153848,Exp2018_032_IV_HeLa_MG132_YFP-AstrinqQ1012_CENPB-dsRed_GFP_mcherry03_R3D_D3D_Z0_C0_T05.tif,13119.461538461539,Exp2018_032_IV_HeLa_MG132_YFP-AstrinqQ1012_CENPB-dsRed_GFP_mcherry03_R3D_D3D_Z0_C1_T05.tif,18955.198982104746,7994.292069632495,11929.33,4461.925
34,5_4,18392.2,Exp2018_032_IV_HeLa_MG132_YFP-AstrinqQ1012_CENPB-dsRed_GFP_mcherry03_R3D_D3D_Z0_C0_T05.tif,12891.0,Exp2018_032_IV_HeLa_MG132_YFP-AstrinqQ1012_CENPB-dsRed_GFP_mcherry03_R3D_D3D_Z0_C1_T05.tif,18955.198982104746,7994.292069632495,11929.33,4461.925
35,5_5,18091.30769230769,Exp2018_032_IV_HeLa_MG132_YFP-AstrinqQ1012_CENPB-dsRed_GFP_mcherry03_R3D_D3D_Z0_C0_T05.tif,15684.51282051282,Exp2018_032_IV_HeLa_MG132_YFP-AstrinqQ1012_CENPB-dsRed_GFP_mcherry03_R3D_D3D_Z0_C1_T05.tif,18955.198982104746,7994.292069632495,11929.33,4461.925
36,5_6,17718.81818181818,Exp2018_032_IV_HeLa_MG132_YFP-AstrinqQ1012_CENPB-dsRed_GFP_mcherry03_R3D_D3D_Z0_C0_T05.tif,12596.454545454546,Exp2018_032_IV_HeLa_MG132_YFP-AstrinqQ1012_CENPB-dsRed_GFP_mcherry03_R3D_D3D_Z0_C1_T05.tif,18955.198982104746,7994.292069632495,11929.33,4461.925
37,5_7,16141.4,Exp2018_032_IV_HeLa_MG132_YFP-AstrinqQ1012_CENPB-dsRed_GFP_mcherry03_R3D_D3D_Z0_C0_T05.tif,11229.0,Exp2018_032_IV_HeLa_MG132_YFP-AstrinqQ1012_CENPB-dsRed_GFP_mcherry03_R3D_D3D_Z0_C1_T05.tif,18955.198982104746,7994.292069632495,11929.33,4461.925
38,5_8,15071.272727272728,Exp2018_032_IV_HeLa_MG132_YFP-AstrinqQ1012_CENPB-dsRed_GFP_mcherry03_R3D_D3D_Z0_C0_T05.tif,10654.727272727272,Exp2018_032_IV_HeLa_MG132_YFP-AstrinqQ1012_CENPB-dsRed_GFP_mcherry03_R3D_D3D_Z0_C1_T05.tif,18955.198982104746,7994.292069632495,11929.33,4461.925
39,6_1,15801.1375,Exp2018_032_IV_HeLa_MG132_YFP-AstrinqQ1012_CENPB-dsRed_GFP_mcherry03_R3D_D3D_Z0_C0_T06.tif,12895.8125,Exp2018_032_IV_HeLa_MG132_YFP-AstrinqQ1012_CENPB-dsRed_GFP_mcherry03_R3D_D3D_Z0_C1_T06.tif,18955.198982104746,7994.292069632495,11929.33,4461.925
40,6_2,18240.37037037037,Exp2018_032_IV_HeLa_MG132_YFP-AstrinqQ1012_CENPB-dsRed_GFP_mcherry03_R3D_D3D_Z0_C0_T06.tif,13640.62962962963,Exp2018_032_IV_HeLa_MG132_YFP-AstrinqQ1012_CENPB-dsRed_GFP_mcherry03_R3D_D3D_Z0_C1_T06.tif,18955.198982104746,7994.292069632495,11929.33,4461.925
41,6_3,16993.6,Exp2018_032_IV_HeLa_MG132_YFP-AstrinqQ1012_CENPB-dsRed_GFP_mcherry03_R3D_D3D_Z0_C0_T06.tif,13208.8,Exp2018_032_IV_HeLa_MG132_YFP-AstrinqQ1012_CENPB-dsRed_GFP_mcherry03_R3D_D3D_Z0_C1_T06.tif,18955.198982104746,7994.292069632495,11929.33,4461.925
42,6_4,16554.6,Exp2018_032_IV_HeLa_MG132_YFP-AstrinqQ1012_CENPB-dsRed_GFP_mcherry03_R3D_D3D_Z0_C0_T06.tif,13072.75,Exp2018_032_IV_HeLa_MG132_YFP-AstrinqQ1012_CENPB-dsRed_GFP_mcherry03_R3D_D3D_Z0_C1_T06.tif,18955.198982104746,7994.292069632495,11929.33,4461.925
43,6_5,15422.666666666666,Exp2018_032_IV_HeLa_MG132_YFP-AstrinqQ1012_CENPB-dsRed_GFP_mcherry03_R3D_D3D_Z0_C0_T06.tif,13964.0,Exp2018_032_IV_HeLa_MG132_YFP-AstrinqQ1012_CENPB-dsRed_GFP_mcherry03_R3D_D3D_Z0_C1_T06.tif,18955.198982104746,7994.292069632495,11929.33,4461.925
44,6_6,17378.872881355932,Exp2018_032_IV_HeLa_MG132_YFP-AstrinqQ1012_CENPB-dsRed_GFP_mcherry03_R3D_D3D_Z0_C0_T06.tif,14695.864406779661,Exp2018_032_IV_HeLa_MG132_YFP-AstrinqQ1012_CENPB-dsRed_GFP_mcherry03_R3D_D3D_Z0_C1_T06.tif,18955.198982104746,7994.292069632495,11929.33,4461.925
45,6_7,16476.678571428572,Exp2018_032_IV_HeLa_MG132_YFP-AstrinqQ1012_CENPB-dsRed_GFP_mcherry03_R3D_D3D_Z0_C0_T06.tif,11109.142857142857,Exp2018_032_IV_HeLa_MG132_YFP-AstrinqQ1012_CENPB-dsRed_GFP_mcherry03_R3D_D3D_Z0_C1_T06.tif,18955.198982104746,7994.292069632495,11929.33,4461.925
46,6_8,13496.6,Exp2018_032_IV_HeLa_MG132_YFP-AstrinqQ1012_CENPB-dsRed_GFP_mcherry03_R3D_D3D_Z0_C0_T06.tif,11437.0,Exp2018_032_IV_HeLa_MG132_YFP-AstrinqQ1012_CENPB-dsRed_GFP_mcherry03_R3D_D3D_Z0_C1_T06.tif,18955.198982104746,7994.292069632495,11929.33,4461.925
47,7_1,15363.779411764706,Exp2018_032_IV_HeLa_MG132_YFP-AstrinqQ1012_CENPB-dsRed_GFP_mcherry03_R3D_D3D_Z0_C0_T07.tif,13260.20588235294,Exp2018_032_IV_HeLa_MG132_YFP-AstrinqQ1012_CENPB-dsRed_GFP_mcherry03_R3D_D3D_Z0_C1_T07.tif,18955.198982104746,7994.292069632495,11929.33,4461.925
48,7_2,15086.0,Exp2018_032_IV_HeLa_MG132_YFP-AstrinqQ1012_CENPB-dsRed_GFP_mcherry03_R3D_D3D_Z0_C0_T07.tif,16129.2,Exp2018_032_IV_HeLa_MG132_YFP-AstrinqQ1012_CENPB-dsRed_GFP_mcherry03_R3D_D3D_Z0_C1_T07.tif,18955.198982104746,7994.292069632495,11929.33,4461.925
49,7_3,15994.4,Exp2018_032_IV_HeLa_MG132_YFP-AstrinqQ1012_CENPB-dsRed_GFP_mcherry03_R3D_D3D_Z0_C0_T07.tif,12055.0,Exp2018_032_IV_HeLa_MG132_YFP-AstrinqQ1012_CENPB-dsRed_GFP_mcherry03_R3D_D3D_Z0_C1_T07.tif,18955.198982104746,7994.292069632495,11929.33,4461.925
50,7_4,16490.287356321838,Exp2018_032_IV_HeLa_MG132_YFP-AstrinqQ1012_CENPB-dsRed_GFP_mcherry03_R3D_D3D_Z0_C0_T07.tif,16193.71264367816,Exp2018_032_IV_HeLa_MG132_YFP-AstrinqQ1012_CENPB-dsRed_GFP_mcherry03_R3D_D3D_Z0_C1_T07.tif,18955.198982104746,7994.292069632495,11929.33,4461.925
51,8_1,14757.379310344828,Exp2018_032_IV_HeLa_MG132_YFP-AstrinqQ1012_CENPB-dsRed_GFP_mcherry03_R3D_D3D_Z0_C0_T08.tif,14680.793103448275,Exp2018_032_IV_HeLa_MG132_YFP-AstrinqQ1012_CENPB-dsRed_GFP_mcherry03_R3D_D3D_Z0_C1_T08.tif,18955.198982104746,7994.292069632495,11929.33,4461.925
52,8_2,17238.944444444445,Exp2018_032_IV_HeLa_MG132_YFP-AstrinqQ1012_CENPB-dsRed_GFP_mcherry03_R3D_D3D_Z0_C0_T08.tif,16482.722222222223,Exp2018_032_IV_HeLa_MG132_YFP-AstrinqQ1012_CENPB-dsRed_GFP_mcherry03_R3D_D3D_Z0_C1_T08.tif,18955.198982104746,7994.292069632495,11929.33,4461.925
53,8_3,16122.630136986301,Exp2018_032_IV_HeLa_MG132_YFP-AstrinqQ1012_CENPB-dsRed_GFP_mcherry03_R3D_D3D_Z0_C0_T08.tif,18345.219178082192,Exp2018_032_IV_HeLa_MG132_YFP-AstrinqQ1012_CENPB-dsRed_GFP_mcherry03_R3D_D3D_Z0_C1_T08.tif,18955.198982104746,7994.292069632495,11929.33,4461.925
54,9_1,15439.435483870968,Exp2018_032_IV_HeLa_MG132_YFP-AstrinqQ1012_CENPB-dsRed_GFP_mcherry03_R3D_D3D_Z0_C0_T09.tif,12907.677419354839,Exp2018_032_IV_HeLa_MG132_YFP-AstrinqQ1012_CENPB-dsRed_GFP_mcherry03_R3D_D3D_Z0_C1_T09.tif,18955.198982104746,7994.292069632495,11929.33,4461.925
55,9_2,15698.4,Exp2018_032_IV_HeLa_MG132_YFP-AstrinqQ1012_CENPB-dsRed_GFP_mcherry03_R3D_D3D_Z0_C0_T09.tif,13914.0,Exp2018_032_IV_HeLa_MG132_YFP-AstrinqQ1012_CENPB-dsRed_GFP_mcherry03_R3D_D3D_Z0_C1_T09.tif,18955.198982104746,7994.292069632495,11929.33,4461.925
56,9_3,18260.8,Exp2018_032_IV_HeLa_MG132_YFP-AstrinqQ1012_CENPB-dsRed_GFP_mcherry03_R3D_D3D_Z0_C0_T09.tif,13958.9,Exp2018_032_IV_HeLa_MG132_YFP-AstrinqQ1012_CENPB-dsRed_GFP_mcherry03_R3D_D3D_Z0_C1_T09.tif,18955.198982104746,7994.292069632495,11929.33,4461.925
57,9_4,15950.310344827587,Exp2018_032_IV_HeLa_MG132_YFP-AstrinqQ1012_CENPB-dsRed_GFP_mcherry03_R3D_D3D_Z0_C0_T09.tif,13860.344827586207,Exp2018_032_IV_HeLa_MG132_YFP-AstrinqQ1012_CENPB-dsRed_GFP_mcherry03_R3D_D3D_Z0_C1_T09.tif,18955.198982104746,7994.292069632495,11929.33,4461.925
58,9_5,17000.0,Exp2018_032_IV_HeLa_MG132_YFP-AstrinqQ1012_CENPB-dsRed_GFP_mcherry03_R3D_D3D_Z0_C0_T09.tif,14138.076923076924,Exp2018_032_IV_HeLa_MG132_YFP-AstrinqQ1012_CENPB-dsRed_GFP_mcherry03_R3D_D3D_Z0_C1_T09.tif,18955.198982104746,7994.292069632495,11929.33,4461.925
59,9_6,16753.6,Exp2018_032_IV_HeLa_MG132_YFP-AstrinqQ1012_CENPB-dsRed_GFP_mcherry03_R3D_D3D_Z0_C0_T09.tif,13587.2,Exp2018_032_IV_HeLa_MG132_YFP-AstrinqQ1012_CENPB-dsRed_GFP_mcherry03_R3D_D3D_Z0_C1_T09.tif,18955.198982104746,7994.292069632495,11929.33,4461.925
60,9_7,16705.069444444445,Exp2018_032_IV_HeLa_MG132_YFP-AstrinqQ1012_CENPB-dsRed_GFP_mcherry03_R3D_D3D_Z0_C0_T09.tif,16906.26388888889,Exp2018_032_IV_HeLa_MG132_YFP-AstrinqQ1012_CENPB-dsRed_GFP_mcherry03_R3D_D3D_Z0_C1_T09.tif,18955.198982104746,7994.292069632495,11929.33,4461.925
61,9_8,14648.2,Exp2018_032_IV_HeLa_MG132_YFP-AstrinqQ1012_CENPB-dsRed_GFP_mcherry03_R3D_D3D_Z0_C0_T09.tif,10844.6,Exp2018_032_IV_HeLa_MG132_YFP-AstrinqQ1012_CENPB-dsRed_GFP_mcherry03_R3D_D3D_Z0_C1_T09.tif,18955.198982104746,7994.292069632495,11929.33,4461.925
62,10_1,16306.2,Exp2018_032_IV_HeLa_MG132_YFP-AstrinqQ1012_CENPB-dsRed_GFP_mcherry03_R3D_D3D_Z0_C0_T10.tif,11316.8,Exp2018_032_IV_HeLa_MG132_YFP-AstrinqQ1012_CENPB-dsRed_GFP_mcherry03_R3D_D3D_Z0_C1_T10.tif,18955.198982104746,7994.292069632495,11929.33,4461.925
63,10_2,14397.0,Exp2018_032_IV_HeLa_MG132_YFP-AstrinqQ1012_CENPB-dsRed_GFP_mcherry03_R3D_D3D_Z0_C0_T10.tif,12074.6,Exp2018_032_IV_HeLa_MG132_YFP-AstrinqQ1012_CENPB-dsRed_GFP_mcherry03_R3D_D3D_Z0_C1_T10.tif,18955.198982104746,7994.292069632495,11929.33,4461.925
64,10_3,14572.2,Exp2018_032_IV_HeLa_MG132_YFP-AstrinqQ1012_CENPB-dsRed_GFP_mcherry03_R3D_D3D_Z0_C0_T10.tif,14376.6,Exp2018_032_IV_HeLa_MG132_YFP-AstrinqQ1012_CENPB-dsRed_GFP_mcherry03_R3D_D3D_Z0_C1_T10.tif,18955.198982104746,7994.292069632495,11929.33,4461.925
65,10_4,16305.25,Exp2018_032_IV_HeLa_MG132_YFP-AstrinqQ1012_CENPB-dsRed_GFP_mcherry03_R3D_D3D_Z0_C0_T10.tif,14578.125,Exp2018_032_IV_HeLa_MG132_YFP-AstrinqQ1012_CENPB-dsRed_GFP_mcherry03_R3D_D3D_Z0_C1_T10.tif,18955.198982104746,7994.292069632495,11929.33,4461.925
66,10_5,16133.931034482759,Exp2018_032_IV_HeLa_MG132_YFP-AstrinqQ1012_CENPB-dsRed_GFP_mcherry03_R3D_D3D_Z0_C0_T10.tif,13021.0,Exp2018_032_IV_HeLa_MG132_YFP-AstrinqQ1012_CENPB-dsRed_GFP_mcherry03_R3D_D3D_Z0_C1_T10.tif,18955.198982104746,7994.292069632495,11929.33,4461.925
67,10_6,18431.2,Exp2018_032_IV_HeLa_MG132_YFP-AstrinqQ1012_CENPB-dsRed_GFP_mcherry03_R3D_D3D_Z0_C0_T10.tif,12997.6,Exp2018_032_IV_HeLa_MG132_YFP-AstrinqQ1012_CENPB-dsRed_GFP_mcherry03_R3D_D3D_Z0_C1_T10.tif,18955.198982104746,7994.292069632495,11929.33,4461.925
68,10_7,17859.761904761905,Exp2018_032_IV_HeLa_MG132_YFP-AstrinqQ1012_CENPB-dsRed_GFP_mcherry03_R3D_D3D_Z0_C0_T10.tif,14121.142857142857,Exp2018_032_IV_HeLa_MG132_YFP-AstrinqQ1012_CENPB-dsRed_GFP_mcherry03_R3D_D3D_Z0_C1_T10.tif,18955.198982104746,7994.292069632495,11929.33,4461.925
69,10_8,16997.188118811882,Exp2018_032_IV_HeLa_MG132_YFP-AstrinqQ1012_CENPB-dsRed_GFP_mcherry03_R3D_D3D_Z0_C0_T10.tif,16242.613861386139,Exp2018_032_IV_HeLa_MG132_YFP-AstrinqQ1012_CENPB-dsRed_GFP_mcherry03_R3D_D3D_Z0_C1_T10.tif,18955.198982104746,7994.292069632495,11929.33,4461.925
70,11_1,15371.456140350878,Exp2018_032_IV_HeLa_MG132_YFP-AstrinqQ1012_CENPB-dsRed_GFP_mcherry03_R3D_D3D_Z1_C0_T00.tif,11708.666666666666,Exp2018_032_IV_HeLa_MG132_YFP-AstrinqQ1012_CENPB-dsRed_GFP_mcherry03_R3D_D3D_Z1_C1_T00.tif,18955.198982104746,7994.292069632495,11929.33,4461.925
71,11_2,16637.166666666668,Exp2018_032_IV_HeLa_MG132_YFP-AstrinqQ1012_CENPB-dsRed_GFP_mcherry03_R3D_D3D_Z1_C0_T00.tif,14027.851851851852,Exp2018_032_IV_HeLa_MG132_YFP-AstrinqQ1012_CENPB-dsRed_GFP_mcherry03_R3D_D3D_Z1_C1_T00.tif,18955.198982104746,7994.292069632495,11929.33,4461.925
72,11_3,18121.90322580645,Exp2018_032_IV_HeLa_MG132_YFP-AstrinqQ1012_CENPB-dsRed_GFP_mcherry03_R3D_D3D_Z1_C0_T00.tif,10661.322580645161,Exp2018_032_IV_HeLa_MG132_YFP-AstrinqQ1012_CENPB-dsRed_GFP_mcherry03_R3D_D3D_Z1_C1_T00.tif,18955.198982104746,7994.292069632495,11929.33,4461.925
73,11_4,16732.833333333332,Exp2018_032_IV_HeLa_MG132_YFP-AstrinqQ1012_CENPB-dsRed_GFP_mcherry03_R3D_D3D_Z1_C0_T00.tif,12607.25,Exp2018_032_IV_HeLa_MG132_YFP-AstrinqQ1012_CENPB-dsRed_GFP_mcherry03_R3D_D3D_Z1_C1_T00.tif,18955.198982104746,7994.292069632495,11929.33,4461.925
74,11_5,17062.40625,Exp2018_032_IV_HeLa_MG132_YFP-AstrinqQ1012_CENPB-dsRed_GFP_mcherry03_R3D_D3D_Z1_C0_T00.tif,12842.53125,Exp2018_032_IV_HeLa_MG132_YFP-AstrinqQ1012_CENPB-dsRed_GFP_mcherry03_R3D_D3D_Z1_C1_T00.tif,18955.198982104746,7994.292069632495,11929.33,4461.925
75,11_6,18131.8,Exp2018_032_IV_HeLa_MG132_YFP-AstrinqQ1012_CENPB-dsRed_GFP_mcherry03_R3D_D3D_Z1_C0_T00.tif,9641.0,Exp2018_032_IV_HeLa_MG132_YFP-AstrinqQ1012_CENPB-dsRed_GFP_mcherry03_R3D_D3D_Z1_C1_T00.tif,18955.198982104746,7994.292069632495,11929.33,4461.925
76,11_7,16698.8,Exp2018_032_IV_HeLa_MG132_YFP-AstrinqQ1012_CENPB-dsRed_GFP_mcherry03_R3D_D3D_Z1_C0_T00.tif,9105.6,Exp2018_032_IV_HeLa_MG132_YFP-AstrinqQ1012_CENPB-dsRed_GFP_mcherry03_R3D_D3D_Z1_C1_T00.tif,18955.198982104746,7994.292069632495,11929.33,4461.925
77,12_1,15159.072463768116,Exp2018_032_IV_HeLa_MG132_YFP-AstrinqQ1012_CENPB-dsRed_GFP_mcherry03_R3D_D3D_Z1_C0_T01.tif,11199.826086956522,Exp2018_032_IV_HeLa_MG132_YFP-AstrinqQ1012_CENPB-dsRed_GFP_mcherry03_R3D_D3D_Z1_C1_T01.tif,18955.198982104746,7994.292069632495,11929.33,4461.925
78,12_2,17182.323529411766,Exp2018_032_IV_HeLa_MG132_YFP-AstrinqQ1012_CENPB-dsRed_GFP_mcherry03_R3D_D3D_Z1_C0_T01.tif,11406.338235294117,Exp2018_032_IV_HeLa_MG132_YFP-AstrinqQ1012_CENPB-dsRed_GFP_mcherry03_R3D_D3D_Z1_C1_T01.tif,18955.198982104746,7994.292069632495,11929.33,4461.925
79,12_3,17336.9375,Exp2018_032_IV_HeLa_MG132_YFP-AstrinqQ1012_CENPB-dsRed_GFP_mcherry03_R3D_D3D_Z1_C0_T01.tif,11992.15625,Exp2018_032_IV_HeLa_MG132_YFP-AstrinqQ1012_CENPB-dsRed_GFP_mcherry03_R3D_D3D_Z1_C1_T01.tif,18955.198982104746,7994.292069632495,11929.33,4461.925
80,12_4,19808.4,Exp2018_032_IV_HeLa_MG132_YFP-AstrinqQ1012_CENPB-dsRed_GFP_mcherry03_R3D_D3D_Z1_C0_T01.tif,11382.8,Exp2018_032_IV_HeLa_MG132_YFP-AstrinqQ1012_CENPB-dsRed_GFP_mcherry03_R3D_D3D_Z1_C1_T01.tif,18955.198982104746,7994.292069632495,11929.33,4461.925
81,12_5,17005.4,Exp2018_032_IV_HeLa_MG132_YFP-AstrinqQ1012_CENPB-dsRed_GFP_mcherry03_R3D_D3D_Z1_C0_T01.tif,8898.2,Exp2018_032_IV_HeLa_MG132_YFP-AstrinqQ1012_CENPB-dsRed_GFP_mcherry03_R3D_D3D_Z1_C1_T01.tif,18955.198982104746,7994.292069632495,11929.33,4461.925
82,12_6,17848.243243243243,Exp2018_032_IV_HeLa_MG132_YFP-AstrinqQ1012_CENPB-dsRed_GFP_mcherry03_R3D_D3D_Z1_C0_T01.tif,11383.486486486487,Exp2018_032_IV_HeLa_MG132_YFP-AstrinqQ1012_CENPB-dsRed_GFP_mcherry03_R3D_D3D_Z1_C1_T01.tif,18955.198982104746,7994.292069632495,11929.33,4461.925
83,12_7,17048.125,Exp2018_032_IV_HeLa_MG132_YFP-AstrinqQ1012_CENPB-dsRed_GFP_mcherry03_R3D_D3D_Z1_C0_T01.tif,10058.4375,Exp2018_032_IV_HeLa_MG132_YFP-AstrinqQ1012_CENPB-dsRed_GFP_mcherry03_R3D_D3D_Z1_C1_T01.tif,18955.198982104746,7994.292069632495,11929.33,4461.925
84,12_8,17258.0,Exp2018_032_IV_HeLa_MG132_YFP-AstrinqQ1012_CENPB-dsRed_GFP_mcherry03_R3D_D3D_Z1_C0_T01.tif,11886.3,Exp2018_032_IV_HeLa_MG132_YFP-AstrinqQ1012_CENPB-dsRed_GFP_mcherry03_R3D_D3D_Z1_C1_T01.tif,18955.198982104746,7994.292069632495,11929.33,4461.925
85,12_9,17140.22857142857,Exp2018_032_IV_HeLa_MG132_YFP-AstrinqQ1012_CENPB-dsRed_GFP_mcherry03_R3D_D3D_Z1_C0_T01.tif,12669.8,Exp2018_032_IV_HeLa_MG132_YFP-AstrinqQ1012_CENPB-dsRed_GFP_mcherry03_R3D_D3D_Z1_C1_T01.tif,18955.198982104746,7994.292069632495,11929.33,4461.925
86,12_10,17827.69230769231,Exp2018_032_IV_HeLa_MG132_YFP-AstrinqQ1012_CENPB-dsRed_GFP_mcherry03_R3D_D3D_Z1_C0_T01.tif,10926.692307692309,Exp2018_032_IV_HeLa_MG132_YFP-AstrinqQ1012_CENPB-dsRed_GFP_mcherry03_R3D_D3D_Z1_C1_T01.tif,18955.198982104746,7994.292069632495,11929.33,4461.925
87,12_11,16268.29411764706,Exp2018_032_IV_HeLa_MG132_YFP-AstrinqQ1012_CENPB-dsRed_GFP_mcherry03_R3D_D3D_Z1_C0_T01.tif,10769.823529411764,Exp2018_032_IV_HeLa_MG132_YFP-AstrinqQ1012_CENPB-dsRed_GFP_mcherry03_R3D_D3D_Z1_C1_T01.tif,18955.198982104746,7994.292069632495,11929.33,4461.925
88,12_12,16228.833333333334,Exp2018_032_IV_HeLa_MG132_YFP-AstrinqQ1012_CENPB-dsRed_GFP_mcherry03_R3D_D3D_Z1_C0_T01.tif,11055.0,Exp2018_032_IV_HeLa_MG132_YFP-AstrinqQ1012_CENPB-dsRed_GFP_mcherry03_R3D_D3D_Z1_C1_T01.tif,18955.198982104746,7994.292069632495,11929.33,4461.925
89,12_13,15281.8,Exp2018_032_IV_HeLa_MG132_YFP-AstrinqQ1012_CENPB-dsRed_GFP_mcherry03_R3D_D3D_Z1_C0_T01.tif,9012.8,Exp2018_032_IV_HeLa_MG132_YFP-AstrinqQ1012_CENPB-dsRed_GFP_mcherry03_R3D_D3D_Z1_C1_T01.tif,18955.198982104746,7994.292069632495,11929.33,4461.925
90,12_14,13096.2,Exp2018_032_IV_HeLa_MG132_YFP-AstrinqQ1012_CENPB-dsRed_GFP_mcherry03_R3D_D3D_Z1_C0_T01.tif,8843.8,Exp2018_032_IV_HeLa_MG132_YFP-AstrinqQ1012_CENPB-dsRed_GFP_mcherry03_R3D_D3D_Z1_C1_T01.tif,18955.198982104746,7994.292069632495,11929.33,4461.925
91,13_1,16100.668539325843,Exp2018_032_IV_HeLa_MG132_YFP-AstrinqQ1012_CENPB-dsRed_GFP_mcherry03_R3D_D3D_Z1_C0_T02.tif,11733.292134831461,Exp2018_032_IV_HeLa_MG132_YFP-AstrinqQ1012_CENPB-dsRed_GFP_mcherry03_R3D_D3D_Z1_C1_T02.tif,18955.198982104746,7994.292069632495,11929.33,4461.925
92,13_2,18191.0,Exp2018_032_IV_HeLa_MG132_YFP-AstrinqQ1012_CENPB-dsRed_GFP_mcherry03_R3D_D3D_Z1_C0_T02.tif,9894.4,Exp2018_032_IV_HeLa_MG132_YFP-AstrinqQ1012_CENPB-dsRed_GFP_mcherry03_R3D_D3D_Z1_C1_T02.tif,18955.198982104746,7994.292069632495,11929.33,4461.925
93,13_3,17411.4,Exp2018_032_IV_HeLa_MG132_YFP-AstrinqQ1012_CENPB-dsRed_GFP_mcherry03_R3D_D3D_Z1_C0_T02.tif,9308.4,Exp2018_032_IV_HeLa_MG132_YFP-AstrinqQ1012_CENPB-dsRed_GFP_mcherry03_R3D_D3D_Z1_C1_T02.tif,18955.198982104746,7994.292069632495,11929.33,4461.925
94,13_4,17334.526315789473,Exp2018_032_IV_HeLa_MG132_YFP-AstrinqQ1012_CENPB-dsRed_GFP_mcherry03_R3D_D3D_Z1_C0_T02.tif,11980.263157894737,Exp2018_032_IV_HeLa_MG132_YFP-AstrinqQ1012_CENPB-dsRed_GFP_mcherry03_R3D_D3D_Z1_C1_T02.tif,18955.198982104746,7994.292069632495,11929.33,4461.925
95,13_5,18587.0,Exp2018_032_IV_HeLa_MG132_YFP-AstrinqQ1012_CENPB-dsRed_GFP_mcherry03_R3D_D3D_Z1_C0_T02.tif,10048.458333333334,Exp2018_032_IV_HeLa_MG132_YFP-AstrinqQ1012_CENPB-dsRed_GFP_mcherry03_R3D_D3D_Z1_C1_T02.tif,18955.198982104746,7994.292069632495,11929.33,4461.925
96,13_6,16469.2,Exp2018_032_IV_HeLa_MG132_YFP-AstrinqQ1012_CENPB-dsRed_GFP_mcherry03_R3D_D3D_Z1_C0_T02.tif,10254.4,Exp2018_032_IV_HeLa_MG132_YFP-AstrinqQ1012_CENPB-dsRed_GFP_mcherry03_R3D_D3D_Z1_C1_T02.tif,18955.198982104746,7994.292069632495,11929.33,4461.925
97,13_7,17318.2,Exp2018_032_IV_HeLa_MG132_YFP-AstrinqQ1012_CENPB-dsRed_GFP_mcherry03_R3D_D3D_Z1_C0_T02.tif,10494.0,Exp2018_032_IV_HeLa_MG132_YFP-AstrinqQ1012_CENPB-dsRed_GFP_mcherry03_R3D_D3D_Z1_C1_T02.tif,18955.198982104746,7994.292069632495,11929.33,4461.925
98,13_8,18134.40740740741,Exp2018_032_IV_HeLa_MG132_YFP-AstrinqQ1012_CENPB-dsRed_GFP_mcherry03_R3D_D3D_Z1_C0_T02.tif,10380.851851851852,Exp2018_032_IV_HeLa_MG132_YFP-AstrinqQ1012_CENPB-dsRed_GFP_mcherry03_R3D_D3D_Z1_C1_T02.tif,18955.198982104746,7994.292069632495,11929.33,4461.925
99,13_9,16992.71153846154,Exp2018_032_IV_HeLa_MG132_YFP-AstrinqQ1012_CENPB-dsRed_GFP_mcherry03_R3D_D3D_Z1_C0_T02.tif,12383.48076923077,Exp2018_032_IV_HeLa_MG132_YFP-AstrinqQ1012_CENPB-dsRed_GFP_mcherry03_R3D_D3D_Z1_C1_T02.tif,18955.198982104746,7994.292069632495,11929.33,4461.925
100,13_10,17570.25,Exp2018_032_IV_HeLa_MG132_YFP-AstrinqQ1012_CENPB-dsRed_GFP_mcherry03_R3D_D3D_Z1_C0_T02.tif,12795.0,Exp2018_032_IV_HeLa_MG132_YFP-AstrinqQ1012_CENPB-dsRed_GFP_mcherry03_R3D_D3D_Z1_C1_T02.tif,18955.198982104746,7994.292069632495,11929.33,4461.925
101,13_11,16499.58823529412,Exp2018_032_IV_HeLa_MG132_YFP-AstrinqQ1012_CENPB-dsRed_GFP_mcherry03_R3D_D3D_Z1_C0_T02.tif,11222.764705882353,Exp2018_032_IV_HeLa_MG132_YFP-AstrinqQ1012_CENPB-dsRed_GFP_mcherry03_R3D_D3D_Z1_C1_T02.tif,18955.198982104746,7994.292069632495,11929.33,4461.925
102,13_12,13203.357142857143,Exp2018_032_IV_HeLa_MG132_YFP-AstrinqQ1012_CENPB-dsRed_GFP_mcherry03_R3D_D3D_Z1_C0_T02.tif,9424.785714285714,Exp2018_032_IV_HeLa_MG132_YFP-AstrinqQ1012_CENPB-dsRed_GFP_mcherry03_R3D_D3D_Z1_C1_T02.tif,18955.198982104746,7994.292069632495,11929.33,4461.925
103,13_13,15175.37037037037,Exp2018_032_IV_HeLa_MG132_YFP-AstrinqQ1012_CENPB-dsRed_GFP_mcherry03_R3D_D3D_Z1_C0_T02.tif,8315.592592592593,Exp2018_032_IV_HeLa_MG132_YFP-AstrinqQ1012_CENPB-dsRed_GFP_mcherry03_R3D_D3D_Z1_C1_T02.tif,18955.198982104746,7994.292069632495,11929.33,4461.925
104,14_1,15499.014492753624,Exp2018_032_IV_HeLa_MG132_YFP-AstrinqQ1012_CENPB-dsRed_GFP_mcherry03_R3D_D3D_Z1_C0_T03.tif,12415.985507246376,Exp2018_032_IV_HeLa_MG132_YFP-AstrinqQ1012_CENPB-dsRed_GFP_mcherry03_R3D_D3D_Z1_C1_T03.tif,18955.198982104746,7994.292069632495,11929.33,4461.925
105,14_2,18732.75,Exp2018_032_IV_HeLa_MG132_YFP-AstrinqQ1012_CENPB-dsRed_GFP_mcherry03_R3D_D3D_Z1_C0_T03.tif,11438.875,Exp2018_032_IV_HeLa_MG132_YFP-AstrinqQ1012_CENPB-dsRed_GFP_mcherry03_R3D_D3D_Z1_C1_T03.tif,18955.198982104746,7994.292069632495,11929.33,4461.925
106,14_3,19259.2,Exp2018_032_IV_HeLa_MG132_YFP-AstrinqQ1012_CENPB-dsRed_GFP_mcherry03_R3D_D3D_Z1_C0_T03.tif,10769.0,Exp2018_032_IV_HeLa_MG132_YFP-AstrinqQ1012_CENPB-dsRed_GFP_mcherry03_R3D_D3D_Z1_C1_T03.tif,18955.198982104746,7994.292069632495,11929.33,4461.925
107,14_4,17503.25,Exp2018_032_IV_HeLa_MG132_YFP-AstrinqQ1012_CENPB-dsRed_GFP_mcherry03_R3D_D3D_Z1_C0_T03.tif,10728.125,Exp2018_032_IV_HeLa_MG132_YFP-AstrinqQ1012_CENPB-dsRed_GFP_mcherry03_R3D_D3D_Z1_C1_T03.tif,18955.198982104746,7994.292069632495,11929.33,4461.925
108,14_5,18232.5,Exp2018_032_IV_HeLa_MG132_YFP-AstrinqQ1012_CENPB-dsRed_GFP_mcherry03_R3D_D3D_Z1_C0_T03.tif,10394.125,Exp2018_032_IV_HeLa_MG132_YFP-AstrinqQ1012_CENPB-dsRed_GFP_mcherry03_R3D_D3D_Z1_C1_T03.tif,18955.198982104746,7994.292069632495,11929.33,4461.925
109,14_6,17495.0,Exp2018_032_IV_HeLa_MG132_YFP-AstrinqQ1012_CENPB-dsRed_GFP_mcherry03_R3D_D3D_Z1_C0_T03.tif,9472.2,Exp2018_032_IV_HeLa_MG132_YFP-AstrinqQ1012_CENPB-dsRed_GFP_mcherry03_R3D_D3D_Z1_C1_T03.tif,18955.198982104746,7994.292069632495,11929.33,4461.925
110,14_7,17307.3,Exp2018_032_IV_HeLa_MG132_YFP-AstrinqQ1012_CENPB-dsRed_GFP_mcherry03_R3D_D3D_Z1_C0_T03.tif,13958.766666666666,Exp2018_032_IV_HeLa_MG132_YFP-AstrinqQ1012_CENPB-dsRed_GFP_mcherry03_R3D_D3D_Z1_C1_T03.tif,18955.198982104746,7994.292069632495,11929.33,4461.925
111,15_1,15680.25641025641,Exp2018_032_IV_HeLa_MG132_YFP-AstrinqQ1012_CENPB-dsRed_GFP_mcherry03_R3D_D3D_Z1_C0_T04.tif,10969.948717948719,Exp2018_032_IV_HeLa_MG132_YFP-AstrinqQ1012_CENPB-dsRed_GFP_mcherry03_R3D_D3D_Z1_C1_T04.tif,18955.198982104746,7994.292069632495,11929.33,4461.925
112,15_2,16116.107142857143,Exp2018_032_IV_HeLa_MG132_YFP-AstrinqQ1012_CENPB-dsRed_GFP_mcherry03_R3D_D3D_Z1_C0_T04.tif,11101.32142857143,Exp2018_032_IV_HeLa_MG132_YFP-AstrinqQ1012_CENPB-dsRed_GFP_mcherry03_R3D_D3D_Z1_C1_T04.tif,18955.198982104746,7994.292069632495,11929.33,4461.925
113,15_3,19146.115384615383,Exp2018_032_IV_HeLa_MG132_YFP-AstrinqQ1012_CENPB-dsRed_GFP_mcherry03_R3D_D3D_Z1_C0_T04.tif,10469.423076923076,Exp2018_032_IV_HeLa_MG132_YFP-AstrinqQ1012_CENPB-dsRed_GFP_mcherry03_R3D_D3D_Z1_C1_T04.tif,18955.198982104746,7994.292069632495,11929.33,4461.925
114,15_4,17763.85714285714,Exp2018_032_IV_HeLa_MG132_YFP-AstrinqQ1012_CENPB-dsRed_GFP_mcherry03_R3D_D3D_Z1_C0_T04.tif,9949.8,Exp2018_032_IV_HeLa_MG132_YFP-AstrinqQ1012_CENPB-dsRed_GFP_mcherry03_R3D_D3D_Z1_C1_T04.tif,18955.198982104746,7994.292069632495,11929.33,4461.925
115,15_5,17401.18181818182,Exp2018_032_IV_HeLa_MG132_YFP-AstrinqQ1012_CENPB-dsRed_GFP_mcherry03_R3D_D3D_Z1_C0_T04.tif,13391.272727272728,Exp2018_032_IV_HeLa_MG132_YFP-AstrinqQ1012_CENPB-dsRed_GFP_mcherry03_R3D_D3D_Z1_C1_T04.tif,18955.198982104746,7994.292069632495,11929.33,4461.925
116,15_6,18296.235294117647,Exp2018_032_IV_HeLa_MG132_YFP-AstrinqQ1012_CENPB-dsRed_GFP_mcherry03_R3D_D3D_Z1_C0_T04.tif,12193.29411764706,Exp2018_032_IV_HeLa_MG132_YFP-AstrinqQ1012_CENPB-dsRed_GFP_mcherry03_R3D_D3D_Z1_C1_T04.tif,18955.198982104746,7994.292069632495,11929.33,4461.925
117,15_7,17773.4,Exp2018_032_IV_HeLa_MG132_YFP-AstrinqQ1012_CENPB-dsRed_GFP_mcherry03_R3D_D3D_Z1_C0_T04.tif,8994.2,Exp2018_032_IV_HeLa_MG132_YFP-AstrinqQ1012_CENPB-dsRed_GFP_mcherry03_R3D_D3D_Z1_C1_T04.tif,18955.198982104746,7994.292069632495,11929.33,4461.925
118,15_8,19335.846153846152,Exp2018_032_IV_HeLa_MG132_YFP-AstrinqQ1012_CENPB-dsRed_GFP_mcherry03_R3D_D3D_Z1_C0_T04.tif,10909.923076923076,Exp2018_032_IV_HeLa_MG132_YFP-AstrinqQ1012_CENPB-dsRed_GFP_mcherry03_R3D_D3D_Z1_C1_T04.tif,18955.198982104746,7994.292069632495,11929.33,4461.925
119,15_9,18408.235294117647,Exp2018_032_IV_HeLa_MG132_YFP-AstrinqQ1012_CENPB-dsRed_GFP_mcherry03_R3D_D3D_Z1_C0_T04.tif,11254.382352941177,Exp2018_032_IV_HeLa_MG132_YFP-AstrinqQ1012_CENPB-dsRed_GFP_mcherry03_R3D_D3D_Z1_C1_T04.tif,18955.198982104746,7994.292069632495,11929.33,4461.925
120,15_10,18344.0,Exp2018_032_IV_HeLa_MG132_YFP-AstrinqQ1012_CENPB-dsRed_GFP_mcherry03_R3D_D3D_Z1_C0_T04.tif,9554.933333333332,Exp2018_032_IV_HeLa_MG132_YFP-AstrinqQ1012_CENPB-dsRed_GFP_mcherry03_R3D_D3D_Z1_C1_T04.tif,18955.198982104746,7994.292069632495,11929.33,4461.925
121,15_11,18032.882352941175,Exp2018_032_IV_HeLa_MG132_YFP-AstrinqQ1012_CENPB-dsRed_GFP_mcherry03_R3D_D3D_Z1_C0_T04.tif,12306.088235294117,Exp2018_032_IV_HeLa_MG132_YFP-AstrinqQ1012_CENPB-dsRed_GFP_mcherry03_R3D_D3D_Z1_C1_T04.tif,18955.198982104746,7994.292069632495,11929.33,4461.925
122,15_12,16235.880952380952,Exp2018_032_IV_HeLa_MG132_YFP-AstrinqQ1012_CENPB-dsRed_GFP_mcherry03_R3D_D3D_Z1_C0_T04.tif,10728.833333333334,Exp2018_032_IV_HeLa_MG132_YFP-AstrinqQ1012_CENPB-dsRed_GFP_mcherry03_R3D_D3D_Z1_C1_T04.tif,18955.198982104746,7994.292069632495,11929.33,4461.925
123,15_13,14908.2,Exp2018_032_IV_HeLa_MG132_YFP-AstrinqQ1012_CENPB-dsRed_GFP_mcherry03_R3D_D3D_Z1_C0_T04.tif,8347.6,Exp2018_032_IV_HeLa_MG132_YFP-AstrinqQ1012_CENPB-dsRed_GFP_mcherry03_R3D_D3D_Z1_C1_T04.tif,18955.198982104746,7994.292069632495,11929.33,4461.925
124,15_14,14730.238095238095,Exp2018_032_IV_HeLa_MG132_YFP-AstrinqQ1012_CENPB-dsRed_GFP_mcherry03_R3D_D3D_Z1_C0_T04.tif,9022.142857142857,Exp2018_032_IV_HeLa_MG132_YFP-AstrinqQ1012_CENPB-dsRed_GFP_mcherry03_R3D_D3D_Z1_C1_T04.tif,18955.198982104746,7994.292069632495,11929.33,4461.925
125,16_1,16549.796992481202,Exp2018_032_IV_HeLa_MG132_YFP-AstrinqQ1012_CENPB-dsRed_GFP_mcherry03_R3D_D3D_Z1_C0_T05.tif,11719.503759398496,Exp2018_032_IV_HeLa_MG132_YFP-AstrinqQ1012_CENPB-dsRed_GFP_mcherry03_R3D_D3D_Z1_C1_T05.tif,18955.198982104746,7994.292069632495,11929.33,4461.925
126,16_2,17565.785714285714,Exp2018_032_IV_HeLa_MG132_YFP-AstrinqQ1012_CENPB-dsRed_GFP_mcherry03_R3D_D3D_Z1_C0_T05.tif,13012.666666666666,Exp2018_032_IV_HeLa_MG132_YFP-AstrinqQ1012_CENPB-dsRed_GFP_mcherry03_R3D_D3D_Z1_C1_T05.tif,18955.198982104746,7994.292069632495,11929.33,4461.925
127,16_3,17875.615384615383,Exp2018_032_IV_HeLa_MG132_YFP-AstrinqQ1012_CENPB-dsRed_GFP_mcherry03_R3D_D3D_Z1_C0_T05.tif,11843.615384615385,Exp2018_032_IV_HeLa_MG132_YFP-AstrinqQ1012_CENPB-dsRed_GFP_mcherry03_R3D_D3D_Z1_C1_T05.tif,18955.198982104746,7994.292069632495,11929.33,4461.925
128,16_4,18129.0,Exp2018_032_IV_HeLa_MG132_YFP-AstrinqQ1012_CENPB-dsRed_GFP_mcherry03_R3D_D3D_Z1_C0_T05.tif,9189.8,Exp2018_032_IV_HeLa_MG132_YFP-AstrinqQ1012_CENPB-dsRed_GFP_mcherry03_R3D_D3D_Z1_C1_T05.tif,18955.198982104746,7994.292069632495,11929.33,4461.925
129,16_5,18958.6,Exp2018_032_IV_HeLa_MG132_YFP-AstrinqQ1012_CENPB-dsRed_GFP_mcherry03_R3D_D3D_Z1_C0_T05.tif,10133.4,Exp2018_032_IV_HeLa_MG132_YFP-AstrinqQ1012_CENPB-dsRed_GFP_mcherry03_R3D_D3D_Z1_C1_T05.tif,18955.198982104746,7994.292069632495,11929.33,4461.925
130,16_6,19304.4,Exp2018_032_IV_HeLa_MG132_YFP-AstrinqQ1012_CENPB-dsRed_GFP_mcherry03_R3D_D3D_Z1_C0_T05.tif,10600.0,Exp2018_032_IV_HeLa_MG132_YFP-AstrinqQ1012_CENPB-dsRed_GFP_mcherry03_R3D_D3D_Z1_C1_T05.tif,18955.198982104746,7994.292069632495,11929.33,4461.925
131,16_7,17986.0,Exp2018_032_IV_HeLa_MG132_YFP-AstrinqQ1012_CENPB-dsRed_GFP_mcherry03_R3D_D3D_Z1_C0_T05.tif,10522.8,Exp2018_032_IV_HeLa_MG132_YFP-AstrinqQ1012_CENPB-dsRed_GFP_mcherry03_R3D_D3D_Z1_C1_T05.tif,18955.198982104746,7994.292069632495,11929.33,4461.925
132,16_8,17357.84375,Exp2018_032_IV_HeLa_MG132_YFP-AstrinqQ1012_CENPB-dsRed_GFP_mcherry03_R3D_D3D_Z1_C0_T05.tif,11574.65625,Exp2018_032_IV_HeLa_MG132_YFP-AstrinqQ1012_CENPB-dsRed_GFP_mcherry03_R3D_D3D_Z1_C1_T05.tif,18955.198982104746,7994.292069632495,11929.33,4461.925
133,16_9,19121.0,Exp2018_032_IV_HeLa_MG132_YFP-AstrinqQ1012_CENPB-dsRed_GFP_mcherry03_R3D_D3D_Z1_C0_T05.tif,10640.0,Exp2018_032_IV_HeLa_MG132_YFP-AstrinqQ1012_CENPB-dsRed_GFP_mcherry03_R3D_D3D_Z1_C1_T05.tif,18955.198982104746,7994.292069632495,11929.33,4461.925
134,16_10,16113.0,Exp2018_032_IV_HeLa_MG132_YFP-AstrinqQ1012_CENPB-dsRed_GFP_mcherry03_R3D_D3D_Z1_C0_T05.tif,11322.0,Exp2018_032_IV_HeLa_MG132_YFP-AstrinqQ1012_CENPB-dsRed_GFP_mcherry03_R3D_D3D_Z1_C1_T05.tif,18955.198982104746,7994.292069632495,11929.33,4461.925
135,16_11,17242.741176470587,Exp2018_032_IV_HeLa_MG132_YFP-AstrinqQ1012_CENPB-dsRed_GFP_mcherry03_R3D_D3D_Z1_C0_T05.tif,12718.4,Exp2018_032_IV_HeLa_MG132_YFP-AstrinqQ1012_CENPB-dsRed_GFP_mcherry03_R3D_D3D_Z1_C1_T05.tif,18955.198982104746,7994.292069632495,11929.33,4461.925
136,16_12,17504.625,Exp2018_032_IV_HeLa_MG132_YFP-AstrinqQ1012_CENPB-dsRed_GFP_mcherry03_R3D_D3D_Z1_C0_T05.tif,10004.875,Exp2018_032_IV_HeLa_MG132_YFP-AstrinqQ1012_CENPB-dsRed_GFP_mcherry03_R3D_D3D_Z1_C1_T05.tif,18955.198982104746,7994.292069632495,11929.33,4461.925
137,16_13,15826.958333333334,Exp2018_032_IV_HeLa_MG132_YFP-AstrinqQ1012_CENPB-dsRed_GFP_mcherry03_R3D_D3D_Z1_C0_T05.tif,10961.166666666666,Exp2018_032_IV_HeLa_MG132_YFP-AstrinqQ1012_CENPB-dsRed_GFP_mcherry03_R3D_D3D_Z1_C1_T05.tif,18955.198982104746,7994.292069632495,11929.33,4461.925
138,16_14,16085.4,Exp2018_032_IV_HeLa_MG132_YFP-AstrinqQ1012_CENPB-dsRed_GFP_mcherry03_R3D_D3D_Z1_C0_T05.tif,8834.6,Exp2018_032_IV_HeLa_MG132_YFP-AstrinqQ1012_CENPB-dsRed_GFP_mcherry03_R3D_D3D_Z1_C1_T05.tif,18955.198982104746,7994.292069632495,11929.33,4461.925
139,16_15,14596.277777777777,Exp2018_032_IV_HeLa_MG132_YFP-AstrinqQ1012_CENPB-dsRed_GFP_mcherry03_R3D_D3D_Z1_C0_T05.tif,10335.833333333334,Exp2018_032_IV_HeLa_MG132_YFP-AstrinqQ1012_CENPB-dsRed_GFP_mcherry03_R3D_D3D_Z1_C1_T05.tif,18955.198982104746,7994.292069632495,11929.33,4461.925
140,17_1,15556.348837209302,Exp2018_032_IV_HeLa_MG132_YFP-AstrinqQ1012_CENPB-dsRed_GFP_mcherry03_R3D_D3D_Z1_C0_T06.tif,12682.67441860465,Exp2018_032_IV_HeLa_MG132_YFP-AstrinqQ1012_CENPB-dsRed_GFP_mcherry03_R3D_D3D_Z1_C1_T06.tif,18955.198982104746,7994.292069632495,11929.33,4461.925
141,17_2,17172.569620253165,Exp2018_032_IV_HeLa_MG132_YFP-AstrinqQ1012_CENPB-dsRed_GFP_mcherry03_R3D_D3D_Z1_C0_T06.tif,12735.32911392405,Exp2018_032_IV_HeLa_MG132_YFP-AstrinqQ1012_CENPB-dsRed_GFP_mcherry03_R3D_D3D_Z1_C1_T06.tif,18955.198982104746,7994.292069632495,11929.33,4461.925
142,17_3,17505.0,Exp2018_032_IV_HeLa_MG132_YFP-AstrinqQ1012_CENPB-dsRed_GFP_mcherry03_R3D_D3D_Z1_C0_T06.tif,12380.75,Exp2018_032_IV_HeLa_MG132_YFP-AstrinqQ1012_CENPB-dsRed_GFP_mcherry03_R3D_D3D_Z1_C1_T06.tif,18955.198982104746,7994.292069632495,11929.33,4461.925
143,17_4,17320.891891891893,Exp2018_032_IV_HeLa_MG132_YFP-AstrinqQ1012_CENPB-dsRed_GFP_mcherry03_R3D_D3D_Z1_C0_T06.tif,12417.081081081082,Exp2018_032_IV_HeLa_MG132_YFP-AstrinqQ1012_CENPB-dsRed_GFP_mcherry03_R3D_D3D_Z1_C1_T06.tif,18955.198982104746,7994.292069632495,11929.33,4461.925
144,17_5,18538.45,Exp2018_032_IV_HeLa_MG132_YFP-AstrinqQ1012_CENPB-dsRed_GFP_mcherry03_R3D_D3D_Z1_C0_T06.tif,11844.425,Exp2018_032_IV_HeLa_MG132_YFP-AstrinqQ1012_CENPB-dsRed_GFP_mcherry03_R3D_D3D_Z1_C1_T06.tif,18955.198982104746,7994.292069632495,11929.33,4461.925
145,17_6,16124.2,Exp2018_032_IV_HeLa_MG132_YFP-AstrinqQ1012_CENPB-dsRed_GFP_mcherry03_R3D_D3D_Z1_C0_T06.tif,12446.0,Exp2018_032_IV_HeLa_MG132_YFP-AstrinqQ1012_CENPB-dsRed_GFP_mcherry03_R3D_D3D_Z1_C1_T06.tif,18955.198982104746,7994.292069632495,11929.33,4461.925
146,17_7,18598.8,Exp2018_032_IV_HeLa_MG132_YFP-AstrinqQ1012_CENPB-dsRed_GFP_mcherry03_R3D_D3D_Z1_C0_T06.tif,12088.0,Exp2018_032_IV_HeLa_MG132_YFP-AstrinqQ1012_CENPB-dsRed_GFP_mcherry03_R3D_D3D_Z1_C1_T06.tif,18955.198982104746,7994.292069632495,11929.33,4461.925
147,18_1,15545.8,Exp2018_032_IV_HeLa_MG132_YFP-AstrinqQ1012_CENPB-dsRed_GFP_mcherry03_R3D_D3D_Z1_C0_T07.tif,12191.077777777778,Exp2018_032_IV_HeLa_MG132_YFP-AstrinqQ1012_CENPB-dsRed_GFP_mcherry03_R3D_D3D_Z1_C1_T07.tif,18955.198982104746,7994.292069632495,11929.33,4461.925
148,18_2,17742.409090909092,Exp2018_032_IV_HeLa_MG132_YFP-AstrinqQ1012_CENPB-dsRed_GFP_mcherry03_R3D_D3D_Z1_C0_T07.tif,9607.136363636364,Exp2018_032_IV_HeLa_MG132_YFP-AstrinqQ1012_CENPB-dsRed_GFP_mcherry03_R3D_D3D_Z1_C1_T07.tif,18955.198982104746,7994.292069632495,11929.33,4461.925
149,18_3,16246.4,Exp2018_032_IV_HeLa_MG132_YFP-AstrinqQ1012_CENPB-dsRed_GFP_mcherry03_R3D_D3D_Z1_C0_T07.tif,13587.0,Exp2018_032_IV_HeLa_MG132_YFP-AstrinqQ1012_CENPB-dsRed_GFP_mcherry03_R3D_D3D_Z1_C1_T07.tif,18955.198982104746,7994.292069632495,11929.33,4461.925
150,18_4,17383.2,Exp2018_032_IV_HeLa_MG132_YFP-AstrinqQ1012_CENPB-dsRed_GFP_mcherry03_R3D_D3D_Z1_C0_T07.tif,12823.4,Exp2018_032_IV_HeLa_MG132_YFP-AstrinqQ1012_CENPB-dsRed_GFP_mcherry03_R3D_D3D_Z1_C1_T07.tif,18955.198982104746,7994.292069632495,11929.33,4461.925
151,18_5,17353.714285714286,Exp2018_032_IV_HeLa_MG132_YFP-AstrinqQ1012_CENPB-dsRed_GFP_mcherry03_R3D_D3D_Z1_C0_T07.tif,9945.92857142857,Exp2018_032_IV_HeLa_MG132_YFP-AstrinqQ1012_CENPB-dsRed_GFP_mcherry03_R3D_D3D_Z1_C1_T07.tif,18955.198982104746,7994.292069632495,11929.33,4461.925
152,18_6,17842.875,Exp2018_032_IV_HeLa_MG132_YFP-AstrinqQ1012_CENPB-dsRed_GFP_mcherry03_R3D_D3D_Z1_C0_T07.tif,10488.875,Exp2018_032_IV_HeLa_MG132_YFP-AstrinqQ1012_CENPB-dsRed_GFP_mcherry03_R3D_D3D_Z1_C1_T07.tif,18955.198982104746,7994.292069632495,11929.33,4461.925
153,18_7,18411.4,Exp2018_032_IV_HeLa_MG132_YFP-AstrinqQ1012_CENPB-dsRed_GFP_mcherry03_R3D_D3D_Z1_C0_T07.tif,9350.4,Exp2018_032_IV_HeLa_MG132_YFP-AstrinqQ1012_CENPB-dsRed_GFP_mcherry03_R3D_D3D_Z1_C1_T07.tif,18955.198982104746,7994.292069632495,11929.33,4461.925
154,18_8,17119.833333333332,Exp2018_032_IV_HeLa_MG132_YFP-AstrinqQ1012_CENPB-dsRed_GFP_mcherry03_R3D_D3D_Z1_C0_T07.tif,12299.716666666667,Exp2018_032_IV_HeLa_MG132_YFP-AstrinqQ1012_CENPB-dsRed_GFP_mcherry03_R3D_D3D_Z1_C1_T07.tif,18955.198982104746,7994.292069632495,11929.33,4461.925
155,18_9,17324.363636363636,Exp2018_032_IV_HeLa_MG132_YFP-AstrinqQ1012_CENPB-dsRed_GFP_mcherry03_R3D_D3D_Z1_C0_T07.tif,8966.727272727272,Exp2018_032_IV_HeLa_MG132_YFP-AstrinqQ1012_CENPB-dsRed_GFP_mcherry03_R3D_D3D_Z1_C1_T07.tif,18955.198982104746,7994.292069632495,11929.33,4461.925
156,18_10,17312.962025316454,Exp2018_032_IV_HeLa_MG132_YFP-AstrinqQ1012_CENPB-dsRed_GFP_mcherry03_R3D_D3D_Z1_C0_T07.tif,12090.594936708861,Exp2018_032_IV_HeLa_MG132_YFP-AstrinqQ1012_CENPB-dsRed_GFP_mcherry03_R3D_D3D_Z1_C1_T07.tif,18955.198982104746,7994.292069632495,11929.33,4461.925
157,18_11,13676.6,Exp2018_032_IV_HeLa_MG132_YFP-AstrinqQ1012_CENPB-dsRed_GFP_mcherry03_R3D_D3D_Z1_C0_T07.tif,9224.6,Exp2018_032_IV_HeLa_MG132_YFP-AstrinqQ1012_CENPB-dsRed_GFP_mcherry03_R3D_D3D_Z1_C1_T07.tif,18955.198982104746,7994.292069632495,11929.33,4461.925
158,18_12,13999.176470588236,Exp2018_032_IV_HeLa_MG132_YFP-AstrinqQ1012_CENPB-dsRed_GFP_mcherry03_R3D_D3D_Z1_C0_T07.tif,9738.823529411764,Exp2018_032_IV_HeLa_MG132_YFP-AstrinqQ1012_CENPB-dsRed_GFP_mcherry03_R3D_D3D_Z1_C1_T07.tif,18955.198982104746,7994.292069632495,11929.33,4461.925
159,19_1,16269.190476190477,Exp2018_032_IV_HeLa_MG132_YFP-AstrinqQ1012_CENPB-dsRed_GFP_mcherry03_R3D_D3D_Z1_C0_T08.tif,12341.20634920635,Exp2018_032_IV_HeLa_MG132_YFP-AstrinqQ1012_CENPB-dsRed_GFP_mcherry03_R3D_D3D_Z1_C1_T08.tif,18955.198982104746,7994.292069632495,11929.33,4461.925
160,19_2,17466.571428571428,Exp2018_032_IV_HeLa_MG132_YFP-AstrinqQ1012_CENPB-dsRed_GFP_mcherry03_R3D_D3D_Z1_C0_T08.tif,9175.857142857143,Exp2018_032_IV_HeLa_MG132_YFP-AstrinqQ1012_CENPB-dsRed_GFP_mcherry03_R3D_D3D_Z1_C1_T08.tif,18955.198982104746,7994.292069632495,11929.33,4461.925
161,19_3,16902.8,Exp2018_032_IV_HeLa_MG132_YFP-AstrinqQ1012_CENPB-dsRed_GFP_mcherry03_R3D_D3D_Z1_C0_T08.tif,10748.2,Exp2018_032_IV_HeLa_MG132_YFP-AstrinqQ1012_CENPB-dsRed_GFP_mcherry03_R3D_D3D_Z1_C1_T08.tif,18955.198982104746,7994.292069632495,11929.33,4461.925
162,19_4,18681.4,Exp2018_032_IV_HeLa_MG132_YFP-AstrinqQ1012_CENPB-dsRed_GFP_mcherry03_R3D_D3D_Z1_C0_T08.tif,10665.6,Exp2018_032_IV_HeLa_MG132_YFP-AstrinqQ1012_CENPB-dsRed_GFP_mcherry03_R3D_D3D_Z1_C1_T08.tif,18955.198982104746,7994.292069632495,11929.33,4461.925
163,19_5,17337.11111111111,Exp2018_032_IV_HeLa_MG132_YFP-AstrinqQ1012_CENPB-dsRed_GFP_mcherry03_R3D_D3D_Z1_C0_T08.tif,10387.0,Exp2018_032_IV_HeLa_MG132_YFP-AstrinqQ1012_CENPB-dsRed_GFP_mcherry03_R3D_D3D_Z1_C1_T08.tif,18955.198982104746,7994.292069632495,11929.33,4461.925
164,19_6,17383.0,Exp2018_032_IV_HeLa_MG132_YFP-AstrinqQ1012_CENPB-dsRed_GFP_mcherry03_R3D_D3D_Z1_C0_T08.tif,11465.763157894737,Exp2018_032_IV_HeLa_MG132_YFP-AstrinqQ1012_CENPB-dsRed_GFP_mcherry03_R3D_D3D_Z1_C1_T08.tif,18955.198982104746,7994.292069632495,11929.33,4461.925
165,19_7,17005.0,Exp2018_032_IV_HeLa_MG132_YFP-AstrinqQ1012_CENPB-dsRed_GFP_mcherry03_R3D_D3D_Z1_C0_T08.tif,11471.0,Exp2018_032_IV_HeLa_MG132_YFP-AstrinqQ1012_CENPB-dsRed_GFP_mcherry03_R3D_D3D_Z1_C1_T08.tif,18955.198982104746,7994.292069632495,11929.33,4461.925
166,20_1,15420.954022988506,Exp2018_032_IV_HeLa_MG132_YFP-AstrinqQ1012_CENPB-dsRed_GFP_mcherry03_R3D_D3D_Z1_C0_T09.tif,12618.862068965518,Exp2018_032_IV_HeLa_MG132_YFP-AstrinqQ1012_CENPB-dsRed_GFP_mcherry03_R3D_D3D_Z1_C1_T09.tif,18955.198982104746,7994.292069632495,11929.33,4461.925
167,20_2,16781.416666666668,Exp2018_032_IV_HeLa_MG132_YFP-AstrinqQ1012_CENPB-dsRed_GFP_mcherry03_R3D_D3D_Z1_C0_T09.tif,13323.375,Exp2018_032_IV_HeLa_MG132_YFP-AstrinqQ1012_CENPB-dsRed_GFP_mcherry03_R3D_D3D_Z1_C1_T09.tif,18955.198982104746,7994.292069632495,11929.33,4461.925
168,20_3,16839.045454545456,Exp2018_032_IV_HeLa_MG132_YFP-AstrinqQ1012_CENPB-dsRed_GFP_mcherry03_R3D_D3D_Z1_C0_T09.tif,12142.454545454546,Exp2018_032_IV_HeLa_MG132_YFP-AstrinqQ1012_CENPB-dsRed_GFP_mcherry03_R3D_D3D_Z1_C1_T09.tif,18955.198982104746,7994.292069632495,11929.33,4461.925
169,20_4,16609.625,Exp2018_032_IV_HeLa_MG132_YFP-AstrinqQ1012_CENPB-dsRed_GFP_mcherry03_R3D_D3D_Z1_C0_T09.tif,12801.0,Exp2018_032_IV_HeLa_MG132_YFP-AstrinqQ1012_CENPB-dsRed_GFP_mcherry03_R3D_D3D_Z1_C1_T09.tif,18955.198982104746,7994.292069632495,11929.33,4461.925
170,20_5,17862.5,Exp2018_032_IV_HeLa_MG132_YFP-AstrinqQ1012_CENPB-dsRed_GFP_mcherry03_R3D_D3D_Z1_C0_T09.tif,11886.875,Exp2018_032_IV_HeLa_MG132_YFP-AstrinqQ1012_CENPB-dsRed_GFP_mcherry03_R3D_D3D_Z1_C1_T09.tif,18955.198982104746,7994.292069632495,11929.33,4461.925
171,21_1,16089.970443349754,Exp2018_032_IV_HeLa_MG132_YFP-AstrinqQ1012_CENPB-dsRed_GFP_mcherry03_R3D_D3D_Z1_C0_T10.tif,12173.615763546799,Exp2018_032_IV_HeLa_MG132_YFP-AstrinqQ1012_CENPB-dsRed_GFP_mcherry03_R3D_D3D_Z1_C1_T10.tif,18955.198982104746,7994.292069632495,11929.33,4461.925
172,21_2,17269.346153846152,Exp2018_032_IV_HeLa_MG132_YFP-AstrinqQ1012_CENPB-dsRed_GFP_mcherry03_R3D_D3D_Z1_C0_T10.tif,11862.26923076923,Exp2018_032_IV_HeLa_MG132_YFP-AstrinqQ1012_CENPB-dsRed_GFP_mcherry03_R3D_D3D_Z1_C1_T10.tif,18955.198982104746,7994.292069632495,11929.33,4461.925
173,21_3,16059.0,Exp2018_032_IV_HeLa_MG132_YFP-AstrinqQ1012_CENPB-dsRed_GFP_mcherry03_R3D_D3D_Z1_C0_T10.tif,10781.4,Exp2018_032_IV_HeLa_MG132_YFP-AstrinqQ1012_CENPB-dsRed_GFP_mcherry03_R3D_D3D_Z1_C1_T10.tif,18955.198982104746,7994.292069632495,11929.33,4461.925
174,21_4,19248.4,Exp2018_032_IV_HeLa_MG132_YFP-AstrinqQ1012_CENPB-dsRed_GFP_mcherry03_R3D_D3D_Z1_C0_T10.tif,9580.4,Exp2018_032_IV_HeLa_MG132_YFP-AstrinqQ1012_CENPB-dsRed_GFP_mcherry03_R3D_D3D_Z1_C1_T10.tif,18955.198982104746,7994.292069632495,11929.33,4461.925
175,21_5,18056.928571428572,Exp2018_032_IV_HeLa_MG132_YFP-AstrinqQ1012_CENPB-dsRed_GFP_mcherry03_R3D_D3D_Z1_C0_T10.tif,9990.857142857143,Exp2018_032_IV_HeLa_MG132_YFP-AstrinqQ1012_CENPB-dsRed_GFP_mcherry03_R3D_D3D_Z1_C1_T10.tif,18955.198982104746,7994.292069632495,11929.33,4461.925
176,21_6,16975.8,Exp2018_032_IV_HeLa_MG132_YFP-AstrinqQ1012_CENPB-dsRed_GFP_mcherry03_R3D_D3D_Z1_C0_T10.tif,10384.8,Exp2018_032_IV_HeLa_MG132_YFP-AstrinqQ1012_CENPB-dsRed_GFP_mcherry03_R3D_D3D_Z1_C1_T10.tif,18955.198982104746,7994.292069632495,11929.33,4461.925
177,21_7,16770.0,Exp2018_032_IV_HeLa_MG132_YFP-AstrinqQ1012_CENPB-dsRed_GFP_mcherry03_R3D_D3D_Z1_C0_T10.tif,11659.2,Exp2018_032_IV_HeLa_MG132_YFP-AstrinqQ1012_CENPB-dsRed_GFP_mcherry03_R3D_D3D_Z1_C1_T10.tif,18955.198982104746,7994.292069632495,11929.33,4461.925
178,21_8,18388.0,Exp2018_032_IV_HeLa_MG132_YFP-AstrinqQ1012_CENPB-dsRed_GFP_mcherry03_R3D_D3D_Z1_C0_T10.tif,11054.6,Exp2018_032_IV_HeLa_MG132_YFP-AstrinqQ1012_CENPB-dsRed_GFP_mcherry03_R3D_D3D_Z1_C1_T10.tif,18955.198982104746,7994.292069632495,11929.33,4461.925
179,21_9,17344.8,Exp2018_032_IV_HeLa_MG132_YFP-AstrinqQ1012_CENPB-dsRed_GFP_mcherry03_R3D_D3D_Z1_C0_T10.tif,10966.05,Exp2018_032_IV_HeLa_MG132_YFP-AstrinqQ1012_CENPB-dsRed_GFP_mcherry03_R3D_D3D_Z1_C1_T10.tif,18955.198982104746,7994.292069632495,11929.33,4461.925
180,21_10,16746.022222222222,Exp2018_032_IV_HeLa_MG132_YFP-AstrinqQ1012_CENPB-dsRed_GFP_mcherry03_R3D_D3D_Z1_C0_T10.tif,13513.466666666667,Exp2018_032_IV_HeLa_MG132_YFP-AstrinqQ1012_CENPB-dsRed_GFP_mcherry03_R3D_D3D_Z1_C1_T10.tif,18955.198982104746,7994.292069632495,11929.33,4461.925
181,21_11,17125.58823529412,Exp2018_032_IV_HeLa_MG132_YFP-AstrinqQ1012_CENPB-dsRed_GFP_mcherry03_R3D_D3D_Z1_C0_T10.tif,11531.558823529413,Exp2018_032_IV_HeLa_MG132_YFP-AstrinqQ1012_CENPB-dsRed_GFP_mcherry03_R3D_D3D_Z1_C1_T10.tif,18955.198982104746,7994.292069632495,11929.33,4461.925
182,21_12,16925.0,Exp2018_032_IV_HeLa_MG132_YFP-AstrinqQ1012_CENPB-dsRed_GFP_mcherry03_R3D_D3D_Z1_C0_T10.tif,9075.0,Exp2018_032_IV_HeLa_MG132_YFP-AstrinqQ1012_CENPB-dsRed_GFP_mcherry03_R3D_D3D_Z1_C1_T10.tif,18955.198982104746,7994.292069632495,11929.33,4461.925
183,21_13,14907.157894736842,Exp2018_032_IV_HeLa_MG132_YFP-AstrinqQ1012_CENPB-dsRed_GFP_mcherry03_R3D_D3D_Z1_C0_T10.tif,9401.526315789473,Exp2018_032_IV_HeLa_MG132_YFP-AstrinqQ1012_CENPB-dsRed_GFP_mcherry03_R3D_D3D_Z1_C1_T10.tif,18955.198982104746,7994.292069632495,11929.33,4461.925
184,22_1,16674.6338028169,Exp2018_032_IV_HeLa_MG132_YFP-AstrinqQ1012_CENPB-dsRed_GFP_mcherry03_R3D_D3D_Z2_C0_T00.tif,13049.647887323943,Exp2018_032_IV_HeLa_MG132_YFP-AstrinqQ1012_CENPB-dsRed_GFP_mcherry03_R3D_D3D_Z2_C1_T00.tif,18955.198982104746,7994.292069632495,11929.33,4461.925
185,22_2,19389.0,Exp2018_032_IV_HeLa_MG132_YFP-AstrinqQ1012_CENPB-dsRed_GFP_mcherry03_R3D_D3D_Z2_C0_T00.tif,8588.8,Exp2018_032_IV_HeLa_MG132_YFP-AstrinqQ1012_CENPB-dsRed_GFP_mcherry03_R3D_D3D_Z2_C1_T00.tif,18955.198982104746,7994.292069632495,11929.33,4461.925
186,22_3,18002.5,Exp2018_032_IV_HeLa_MG132_YFP-AstrinqQ1012_CENPB-dsRed_GFP_mcherry03_R3D_D3D_Z2_C0_T00.tif,11955.375,Exp2018_032_IV_HeLa_MG132_YFP-AstrinqQ1012_CENPB-dsRed_GFP_mcherry03_R3D_D3D_Z2_C1_T00.tif,18955.198982104746,7994.292069632495,11929.33,4461.925
187,22_4,17889.4,Exp2018_032_IV_HeLa_MG132_YFP-AstrinqQ1012_CENPB-dsRed_GFP_mcherry03_R3D_D3D_Z2_C0_T00.tif,12196.6,Exp2018_032_IV_HeLa_MG132_YFP-AstrinqQ1012_CENPB-dsRed_GFP_mcherry03_R3D_D3D_Z2_C1_T00.tif,18955.198982104746,7994.292069632495,11929.33,4461.925
188,22_5,19231.7,Exp2018_032_IV_HeLa_MG132_YFP-AstrinqQ1012_CENPB-dsRed_GFP_mcherry03_R3D_D3D_Z2_C0_T00.tif,10915.3,Exp2018_032_IV_HeLa_MG132_YFP-AstrinqQ1012_CENPB-dsRed_GFP_mcherry03_R3D_D3D_Z2_C1_T00.tif,18955.198982104746,7994.292069632495,11929.33,4461.925
189,22_6,18242.0,Exp2018_032_IV_HeLa_MG132_YFP-AstrinqQ1012_CENPB-dsRed_GFP_mcherry03_R3D_D3D_Z2_C0_T00.tif,12482.0,Exp2018_032_IV_HeLa_MG132_YFP-AstrinqQ1012_CENPB-dsRed_GFP_mcherry03_R3D_D3D_Z2_C1_T00.tif,18955.198982104746,7994.292069632495,11929.33,4461.925
190,22_7,15707.6,Exp2018_032_IV_HeLa_MG132_YFP-AstrinqQ1012_CENPB-dsRed_GFP_mcherry03_R3D_D3D_Z2_C0_T00.tif,8590.2,Exp2018_032_IV_HeLa_MG132_YFP-AstrinqQ1012_CENPB-dsRed_GFP_mcherry03_R3D_D3D_Z2_C1_T00.tif,18955.198982104746,7994.292069632495,11929.33,4461.925
191,22_8,18063.953846153847,Exp2018_032_IV_HeLa_MG132_YFP-AstrinqQ1012_CENPB-dsRed_GFP_mcherry03_R3D_D3D_Z2_C0_T00.tif,13510.4,Exp2018_032_IV_HeLa_MG132_YFP-AstrinqQ1012_CENPB-dsRed_GFP_mcherry03_R3D_D3D_Z2_C1_T00.tif,18955.198982104746,7994.292069632495,11929.33,4461.925
192,22_9,17934.363636363636,Exp2018_032_IV_HeLa_MG132_YFP-AstrinqQ1012_CENPB-dsRed_GFP_mcherry03_R3D_D3D_Z2_C0_T00.tif,13052.227272727272,Exp2018_032_IV_HeLa_MG132_YFP-AstrinqQ1012_CENPB-dsRed_GFP_mcherry03_R3D_D3D_Z2_C1_T00.tif,18955.198982104746,7994.292069632495,11929.33,4461.925
193,22_10,18654.0,Exp2018_032_IV_HeLa_MG132_YFP-AstrinqQ1012_CENPB-dsRed_GFP_mcherry03_R3D_D3D_Z2_C0_T00.tif,11483.4,Exp2018_032_IV_HeLa_MG132_YFP-AstrinqQ1012_CENPB-dsRed_GFP_mcherry03_R3D_D3D_Z2_C1_T00.tif,18955.198982104746,7994.292069632495,11929.33,4461.925
194,22_11,18089.5,Exp2018_032_IV_HeLa_MG132_YFP-AstrinqQ1012_CENPB-dsRed_GFP_mcherry03_R3D_D3D_Z2_C0_T00.tif,11993.416666666666,Exp2018_032_IV_HeLa_MG132_YFP-AstrinqQ1012_CENPB-dsRed_GFP_mcherry03_R3D_D3D_Z2_C1_T00.tif,18955.198982104746,7994.292069632495,11929.33,4461.925
195,22_12,17022.26388888889,Exp2018_032_IV_HeLa_MG132_YFP-AstrinqQ1012_CENPB-dsRed_GFP_mcherry03_R3D_D3D_Z2_C0_T00.tif,12097.472222222223,Exp2018_032_IV_HeLa_MG132_YFP-AstrinqQ1012_CENPB-dsRed_GFP_mcherry03_R3D_D3D_Z2_C1_T00.tif,18955.198982104746,7994.292069632495,11929.33,4461.925
196,22_13,14287.8,Exp2018_032_IV_HeLa_MG132_YFP-AstrinqQ1012_CENPB-dsRed_GFP_mcherry03_R3D_D3D_Z2_C0_T00.tif,12844.5,Exp2018_032_IV_HeLa_MG132_YFP-AstrinqQ1012_CENPB-dsRed_GFP_mcherry03_R3D_D3D_Z2_C1_T00.tif,18955.198982104746,7994.292069632495,11929.33,4461.925
197,22_14,14506.75,Exp2018_032_IV_HeLa_MG132_YFP-AstrinqQ1012_CENPB-dsRed_GFP_mcherry03_R3D_D3D_Z2_C0_T00.tif,11093.125,Exp2018_032_IV_HeLa_MG132_YFP-AstrinqQ1012_CENPB-dsRed_GFP_mcherry03_R3D_D3D_Z2_C1_T00.tif,18955.198982104746,7994.292069632495,11929.33,4461.925
198,23_1,17278.358974358973,Exp2018_032_IV_HeLa_MG132_YFP-AstrinqQ1012_CENPB-dsRed_GFP_mcherry03_R3D_D3D_Z2_C0_T01.tif,11743.846153846154,Exp2018_032_IV_HeLa_MG132_YFP-AstrinqQ1012_CENPB-dsRed_GFP_mcherry03_R3D_D3D_Z2_C1_T01.tif,18955.198982104746,7994.292069632495,11929.33,4461.925
199,23_2,17921.266666666666,Exp2018_032_IV_HeLa_MG132_YFP-AstrinqQ1012_CENPB-dsRed_GFP_mcherry03_R3D_D3D_Z2_C0_T01.tif,11106.966666666667,Exp2018_032_IV_HeLa_MG132_YFP-AstrinqQ1012_CENPB-dsRed_GFP_mcherry03_R3D_D3D_Z2_C1_T01.tif,18955.198982104746,7994.292069632495,11929.33,4461.925
200,23_3,17004.6,Exp2018_032_IV_HeLa_MG132_YFP-AstrinqQ1012_CENPB-dsRed_GFP_mcherry03_R3D_D3D_Z2_C0_T01.tif,13623.4,Exp2018_032_IV_HeLa_MG132_YFP-AstrinqQ1012_CENPB-dsRed_GFP_mcherry03_R3D_D3D_Z2_C1_T01.tif,18955.198982104746,7994.292069632495,11929.33,4461.925
201,23_4,17721.28125,Exp2018_032_IV_HeLa_MG132_YFP-AstrinqQ1012_CENPB-dsRed_GFP_mcherry03_R3D_D3D_Z2_C0_T01.tif,11330.65625,Exp2018_032_IV_HeLa_MG132_YFP-AstrinqQ1012_CENPB-dsRed_GFP_mcherry03_R3D_D3D_Z2_C1_T01.tif,18955.198982104746,7994.292069632495,11929.33,4461.925
202,23_5,18231.125,Exp2018_032_IV_HeLa_MG132_YFP-AstrinqQ1012_CENPB-dsRed_GFP_mcherry03_R3D_D3D_Z2_C0_T01.tif,13143.75,Exp2018_032_IV_HeLa_MG132_YFP-AstrinqQ1012_CENPB-dsRed_GFP_mcherry03_R3D_D3D_Z2_C1_T01.tif,18955.198982104746,7994.292069632495,11929.33,4461.925
203,23_6,18097.942857142858,Exp2018_032_IV_HeLa_MG132_YFP-AstrinqQ1012_CENPB-dsRed_GFP_mcherry03_R3D_D3D_Z2_C0_T01.tif,11679.228571428572,Exp2018_032_IV_HeLa_MG132_YFP-AstrinqQ1012_CENPB-dsRed_GFP_mcherry03_R3D_D3D_Z2_C1_T01.tif,18955.198982104746,7994.292069632495,11929.33,4461.925
204,23_7,16365.4,Exp2018_032_IV_HeLa_MG132_YFP-AstrinqQ1012_CENPB-dsRed_GFP_mcherry03_R3D_D3D_Z2_C0_T01.tif,12544.2,Exp2018_032_IV_HeLa_MG132_YFP-AstrinqQ1012_CENPB-dsRed_GFP_mcherry03_R3D_D3D_Z2_C1_T01.tif,18955.198982104746,7994.292069632495,11929.33,4461.925
205,23_8,18735.4,Exp2018_032_IV_HeLa_MG132_YFP-AstrinqQ1012_CENPB-dsRed_GFP_mcherry03_R3D_D3D_Z2_C0_T01.tif,11616.2,Exp2018_032_IV_HeLa_MG132_YFP-AstrinqQ1012_CENPB-dsRed_GFP_mcherry03_R3D_D3D_Z2_C1_T01.tif,18955.198982104746,7994.292069632495,11929.33,4461.925
206,23_9,17535.120879120877,Exp2018_032_IV_HeLa_MG132_YFP-AstrinqQ1012_CENPB-dsRed_GFP_mcherry03_R3D_D3D_Z2_C0_T01.tif,12593.813186813188,Exp2018_032_IV_HeLa_MG132_YFP-AstrinqQ1012_CENPB-dsRed_GFP_mcherry03_R3D_D3D_Z2_C1_T01.tif,18955.198982104746,7994.292069632495,11929.33,4461.925
207,23_10,16840.384615384617,Exp2018_032_IV_HeLa_MG132_YFP-AstrinqQ1012_CENPB-dsRed_GFP_mcherry03_R3D_D3D_Z2_C0_T01.tif,10686.615384615385,Exp2018_032_IV_HeLa_MG132_YFP-AstrinqQ1012_CENPB-dsRed_GFP_mcherry03_R3D_D3D_Z2_C1_T01.tif,18955.198982104746,7994.292069632495,11929.33,4461.925
208,23_11,16240.7,Exp2018_032_IV_HeLa_MG132_YFP-AstrinqQ1012_CENPB-dsRed_GFP_mcherry03_R3D_D3D_Z2_C0_T01.tif,12043.8,Exp2018_032_IV_HeLa_MG132_YFP-AstrinqQ1012_CENPB-dsRed_GFP_mcherry03_R3D_D3D_Z2_C1_T01.tif,18955.198982104746,7994.292069632495,11929.33,4461.925
209,24_1,15279.25,Exp2018_032_IV_HeLa_MG132_YFP-AstrinqQ1012_CENPB-dsRed_GFP_mcherry03_R3D_D3D_Z2_C0_T02.tif,11584.75,Exp2018_032_IV_HeLa_MG132_YFP-AstrinqQ1012_CENPB-dsRed_GFP_mcherry03_R3D_D3D_Z2_C1_T02.tif,18955.198982104746,7994.292069632495,11929.33,4461.925
210,24_2,14808.4,Exp2018_032_IV_HeLa_MG132_YFP-AstrinqQ1012_CENPB-dsRed_GFP_mcherry03_R3D_D3D_Z2_C0_T02.tif,12027.4,Exp2018_032_IV_HeLa_MG132_YFP-AstrinqQ1012_CENPB-dsRed_GFP_mcherry03_R3D_D3D_Z2_C1_T02.tif,18955.198982104746,7994.292069632495,11929.33,4461.925
211,24_3,16432.2,Exp2018_032_IV_HeLa_MG132_YFP-AstrinqQ1012_CENPB-dsRed_GFP_mcherry03_R3D_D3D_Z2_C0_T02.tif,9836.7,Exp2018_032_IV_HeLa_MG132_YFP-AstrinqQ1012_CENPB-dsRed_GFP_mcherry03_R3D_D3D_Z2_C1_T02.tif,18955.198982104746,7994.292069632495,11929.33,4461.925
212,24_4,16805.472972972973,Exp2018_032_IV_HeLa_MG132_YFP-AstrinqQ1012_CENPB-dsRed_GFP_mcherry03_R3D_D3D_Z2_C0_T02.tif,13709.283783783783,Exp2018_032_IV_HeLa_MG132_YFP-AstrinqQ1012_CENPB-dsRed_GFP_mcherry03_R3D_D3D_Z2_C1_T02.tif,18955.198982104746,7994.292069632495,11929.33,4461.925
213,24_5,17644.846153846152,Exp2018_032_IV_HeLa_MG132_YFP-AstrinqQ1012_CENPB-dsRed_GFP_mcherry03_R3D_D3D_Z2_C0_T02.tif,11617.307692307691,Exp2018_032_IV_HeLa_MG132_YFP-AstrinqQ1012_CENPB-dsRed_GFP_mcherry03_R3D_D3D_Z2_C1_T02.tif,18955.198982104746,7994.292069632495,11929.33,4461.925
214,24_6,18145.125,Exp2018_032_IV_HeLa_MG132_YFP-AstrinqQ1012_CENPB-dsRed_GFP_mcherry03_R3D_D3D_Z2_C0_T02.tif,12155.0,Exp2018_032_IV_HeLa_MG132_YFP-AstrinqQ1012_CENPB-dsRed_GFP_mcherry03_R3D_D3D_Z2_C1_T02.tif,18955.198982104746,7994.292069632495,11929.33,4461.925
215,24_7,18375.20408163265,Exp2018_032_IV_HeLa_MG132_YFP-AstrinqQ1012_CENPB-dsRed_GFP_mcherry03_R3D_D3D_Z2_C0_T02.tif,12580.061224489797,Exp2018_032_IV_HeLa_MG132_YFP-AstrinqQ1012_CENPB-dsRed_GFP_mcherry03_R3D_D3D_Z2_C1_T02.tif,18955.198982104746,7994.292069632495,11929.33,4461.925
216,24_8,18769.21052631579,Exp2018_032_IV_HeLa_MG132_YFP-AstrinqQ1012_CENPB-dsRed_GFP_mcherry03_R3D_D3D_Z2_C0_T02.tif,11676.21052631579,Exp2018_032_IV_HeLa_MG132_YFP-AstrinqQ1012_CENPB-dsRed_GFP_mcherry03_R3D_D3D_Z2_C1_T02.tif,18955.198982104746,7994.292069632495,11929.33,4461.925
217,24_9,18132.8,Exp2018_032_IV_HeLa_MG132_YFP-AstrinqQ1012_CENPB-dsRed_GFP_mcherry03_R3D_D3D_Z2_C0_T02.tif,10463.8,Exp2018_032_IV_HeLa_MG132_YFP-AstrinqQ1012_CENPB-dsRed_GFP_mcherry03_R3D_D3D_Z2_C1_T02.tif,18955.198982104746,7994.292069632495,11929.33,4461.925
218,24_10,17404.133333333335,Exp2018_032_IV_HeLa_MG132_YFP-AstrinqQ1012_CENPB-dsRed_GFP_mcherry03_R3D_D3D_Z2_C0_T02.tif,12948.533333333333,Exp2018_032_IV_HeLa_MG132_YFP-AstrinqQ1012_CENPB-dsRed_GFP_mcherry03_R3D_D3D_Z2_C1_T02.tif,18955.198982104746,7994.292069632495,11929.33,4461.925
219,24_11,16915.0,Exp2018_032_IV_HeLa_MG132_YFP-AstrinqQ1012_CENPB-dsRed_GFP_mcherry03_R3D_D3D_Z2_C0_T02.tif,9661.0,Exp2018_032_IV_HeLa_MG132_YFP-AstrinqQ1012_CENPB-dsRed_GFP_mcherry03_R3D_D3D_Z2_C1_T02.tif,18955.198982104746,7994.292069632495,11929.33,4461.925
220,24_12,16199.538461538461,Exp2018_032_IV_HeLa_MG132_YFP-AstrinqQ1012_CENPB-dsRed_GFP_mcherry03_R3D_D3D_Z2_C0_T02.tif,12196.615384615385,Exp2018_032_IV_HeLa_MG132_YFP-AstrinqQ1012_CENPB-dsRed_GFP_mcherry03_R3D_D3D_Z2_C1_T02.tif,18955.198982104746,7994.292069632495,11929.33,4461.925
221,25_1,15353.379310344828,Exp2018_032_IV_HeLa_MG132_YFP-AstrinqQ1012_CENPB-dsRed_GFP_mcherry03_R3D_D3D_Z2_C0_T03.tif,10371.965517241379,Exp2018_032_IV_HeLa_MG132_YFP-AstrinqQ1012_CENPB-dsRed_GFP_mcherry03_R3D_D3D_Z2_C1_T03.tif,18955.198982104746,7994.292069632495,11929.33,4461.925
222,25_2,15750.181818181818,Exp2018_032_IV_HeLa_MG132_YFP-AstrinqQ1012_CENPB-dsRed_GFP_mcherry03_R3D_D3D_Z2_C0_T03.tif,11602.636363636364,Exp2018_032_IV_HeLa_MG132_YFP-AstrinqQ1012_CENPB-dsRed_GFP_mcherry03_R3D_D3D_Z2_C1_T03.tif,18955.198982104746,7994.292069632495,11929.33,4461.925
223,25_3,15080.9,Exp2018_032_IV_HeLa_MG132_YFP-AstrinqQ1012_CENPB-dsRed_GFP_mcherry03_R3D_D3D_Z2_C0_T03.tif,11342.6,Exp2018_032_IV_HeLa_MG132_YFP-AstrinqQ1012_CENPB-dsRed_GFP_mcherry03_R3D_D3D_Z2_C1_T03.tif,18955.198982104746,7994.292069632495,11929.33,4461.925
224,25_4,18115.0,Exp2018_032_IV_HeLa_MG132_YFP-AstrinqQ1012_CENPB-dsRed_GFP_mcherry03_R3D_D3D_Z2_C0_T03.tif,10546.8,Exp2018_032_IV_HeLa_MG132_YFP-AstrinqQ1012_CENPB-dsRed_GFP_mcherry03_R3D_D3D_Z2_C1_T03.tif,18955.198982104746,7994.292069632495,11929.33,4461.925
225,25_5,18666.82608695652,Exp2018_032_IV_HeLa_MG132_YFP-AstrinqQ1012_CENPB-dsRed_GFP_mcherry03_R3D_D3D_Z2_C0_T03.tif,11386.652173913044,Exp2018_032_IV_HeLa_MG132_YFP-AstrinqQ1012_CENPB-dsRed_GFP_mcherry03_R3D_D3D_Z2_C1_T03.tif,18955.198982104746,7994.292069632495,11929.33,4461.925
226,25_6,18280.69230769231,Exp2018_032_IV_HeLa_MG132_YFP-AstrinqQ1012_CENPB-dsRed_GFP_mcherry03_R3D_D3D_Z2_C0_T03.tif,11606.076923076924,Exp2018_032_IV_HeLa_MG132_YFP-AstrinqQ1012_CENPB-dsRed_GFP_mcherry03_R3D_D3D_Z2_C1_T03.tif,18955.198982104746,7994.292069632495,11929.33,4461.925
227,25_7,18661.6,Exp2018_032_IV_HeLa_MG132_YFP-AstrinqQ1012_CENPB-dsRed_GFP_mcherry03_R3D_D3D_Z2_C0_T03.tif,9432.6,Exp2018_032_IV_HeLa_MG132_YFP-AstrinqQ1012_CENPB-dsRed_GFP_mcherry03_R3D_D3D_Z2_C1_T03.tif,18955.198982104746,7994.292069632495,11929.33,4461.925
228,25_8,18504.7,Exp2018_032_IV_HeLa_MG132_YFP-AstrinqQ1012_CENPB-dsRed_GFP_mcherry03_R3D_D3D_Z2_C0_T03.tif,12228.9,Exp2018_032_IV_HeLa_MG132_YFP-AstrinqQ1012_CENPB-dsRed_GFP_mcherry03_R3D_D3D_Z2_C1_T03.tif,18955.198982104746,7994.292069632495,11929.33,4461.925
229,25_9,17552.76,Exp2018_032_IV_HeLa_MG132_YFP-AstrinqQ1012_CENPB-dsRed_GFP_mcherry03_R3D_D3D_Z2_C0_T03.tif,12104.96,Exp2018_032_IV_HeLa_MG132_YFP-AstrinqQ1012_CENPB-dsRed_GFP_mcherry03_R3D_D3D_Z2_C1_T03.tif,18955.198982104746,7994.292069632495,11929.33,4461.925
230,25_10,17700.6,Exp2018_032_IV_HeLa_MG132_YFP-AstrinqQ1012_CENPB-dsRed_GFP_mcherry03_R3D_D3D_Z2_C0_T03.tif,12826.0,Exp2018_032_IV_HeLa_MG132_YFP-AstrinqQ1012_CENPB-dsRed_GFP_mcherry03_R3D_D3D_Z2_C1_T03.tif,18955.198982104746,7994.292069632495,11929.33,4461.925
231,25_11,17292.071428571428,Exp2018_032_IV_HeLa_MG132_YFP-AstrinqQ1012_CENPB-dsRed_GFP_mcherry03_R3D_D3D_Z2_C0_T03.tif,13845.261904761905,Exp2018_032_IV_HeLa_MG132_YFP-AstrinqQ1012_CENPB-dsRed_GFP_mcherry03_R3D_D3D_Z2_C1_T03.tif,18955.198982104746,7994.292069632495,11929.33,4461.925
232,25_12,18063.882352941175,Exp2018_032_IV_HeLa_MG132_YFP-AstrinqQ1012_CENPB-dsRed_GFP_mcherry03_R3D_D3D_Z2_C0_T03.tif,12414.29411764706,Exp2018_032_IV_HeLa_MG132_YFP-AstrinqQ1012_CENPB-dsRed_GFP_mcherry03_R3D_D3D_Z2_C1_T03.tif,18955.198982104746,7994.292069632495,11929.33,4461.925
233,25_13,14617.904761904761,Exp2018_032_IV_HeLa_MG132_YFP-AstrinqQ1012_CENPB-dsRed_GFP_mcherry03_R3D_D3D_Z2_C0_T03.tif,12137.380952380952,Exp2018_032_IV_HeLa_MG132_YFP-AstrinqQ1012_CENPB-dsRed_GFP_mcherry03_R3D_D3D_Z2_C1_T03.tif,18955.198982104746,7994.292069632495,11929.33,4461.925
234,26_1,15258.875,Exp2018_032_IV_HeLa_MG132_YFP-AstrinqQ1012_CENPB-dsRed_GFP_mcherry03_R3D_D3D_Z2_C0_T04.tif,10958.375,Exp2018_032_IV_HeLa_MG132_YFP-AstrinqQ1012_CENPB-dsRed_GFP_mcherry03_R3D_D3D_Z2_C1_T04.tif,18955.198982104746,7994.292069632495,11929.33,4461.925
235,26_2,15702.545454545454,Exp2018_032_IV_HeLa_MG132_YFP-AstrinqQ1012_CENPB-dsRed_GFP_mcherry03_R3D_D3D_Z2_C0_T04.tif,13062.5,Exp2018_032_IV_HeLa_MG132_YFP-AstrinqQ1012_CENPB-dsRed_GFP_mcherry03_R3D_D3D_Z2_C1_T04.tif,18955.198982104746,7994.292069632495,11929.33,4461.925
236,26_3,17557.462962962964,Exp2018_032_IV_HeLa_MG132_YFP-AstrinqQ1012_CENPB-dsRed_GFP_mcherry03_R3D_D3D_Z2_C0_T04.tif,9894.092592592593,Exp2018_032_IV_HeLa_MG132_YFP-AstrinqQ1012_CENPB-dsRed_GFP_mcherry03_R3D_D3D_Z2_C1_T04.tif,18955.198982104746,7994.292069632495,11929.33,4461.925
237,26_4,18166.267605633802,Exp2018_032_IV_HeLa_MG132_YFP-AstrinqQ1012_CENPB-dsRed_GFP_mcherry03_R3D_D3D_Z2_C0_T04.tif,11900.901408450703,Exp2018_032_IV_HeLa_MG132_YFP-AstrinqQ1012_CENPB-dsRed_GFP_mcherry03_R3D_D3D_Z2_C1_T04.tif,18955.198982104746,7994.292069632495,11929.33,4461.925
238,26_5,18892.608695652172,Exp2018_032_IV_HeLa_MG132_YFP-AstrinqQ1012_CENPB-dsRed_GFP_mcherry03_R3D_D3D_Z2_C0_T04.tif,9442.608695652174,Exp2018_032_IV_HeLa_MG132_YFP-AstrinqQ1012_CENPB-dsRed_GFP_mcherry03_R3D_D3D_Z2_C1_T04.tif,18955.198982104746,7994.292069632495,11929.33,4461.925
239,26_6,17796.0625,Exp2018_032_IV_HeLa_MG132_YFP-AstrinqQ1012_CENPB-dsRed_GFP_mcherry03_R3D_D3D_Z2_C0_T04.tif,11636.125,Exp2018_032_IV_HeLa_MG132_YFP-AstrinqQ1012_CENPB-dsRed_GFP_mcherry03_R3D_D3D_Z2_C1_T04.tif,18955.198982104746,7994.292069632495,11929.33,4461.925
240,26_7,19064.095238095237,Exp2018_032_IV_HeLa_MG132_YFP-AstrinqQ1012_CENPB-dsRed_GFP_mcherry03_R3D_D3D_Z2_C0_T04.tif,10410.952380952382,Exp2018_032_IV_HeLa_MG132_YFP-AstrinqQ1012_CENPB-dsRed_GFP_mcherry03_R3D_D3D_Z2_C1_T04.tif,18955.198982104746,7994.292069632495,11929.33,4461.925
241,26_8,16598.2,Exp2018_032_IV_HeLa_MG132_YFP-AstrinqQ1012_CENPB-dsRed_GFP_mcherry03_R3D_D3D_Z2_C0_T04.tif,12021.45,Exp2018_032_IV_HeLa_MG132_YFP-AstrinqQ1012_CENPB-dsRed_GFP_mcherry03_R3D_D3D_Z2_C1_T04.tif,18955.198982104746,7994.292069632495,11929.33,4461.925
242,26_9,20176.2,Exp2018_032_IV_HeLa_MG132_YFP-AstrinqQ1012_CENPB-dsRed_GFP_mcherry03_R3D_D3D_Z2_C0_T04.tif,10894.6,Exp2018_032_IV_HeLa_MG132_YFP-AstrinqQ1012_CENPB-dsRed_GFP_mcherry03_R3D_D3D_Z2_C1_T04.tif,18955.198982104746,7994.292069632495,11929.33,4461.925
243,26_10,17760.371428571427,Exp2018_032_IV_HeLa_MG132_YFP-AstrinqQ1012_CENPB-dsRed_GFP_mcherry03_R3D_D3D_Z2_C0_T04.tif,12405.628571428571,Exp2018_032_IV_HeLa_MG132_YFP-AstrinqQ1012_CENPB-dsRed_GFP_mcherry03_R3D_D3D_Z2_C1_T04.tif,18955.198982104746,7994.292069632495,11929.33,4461.925
244,26_11,17804.625,Exp2018_032_IV_HeLa_MG132_YFP-AstrinqQ1012_CENPB-dsRed_GFP_mcherry03_R3D_D3D_Z2_C0_T04.tif,11435.375,Exp2018_032_IV_HeLa_MG132_YFP-AstrinqQ1012_CENPB-dsRed_GFP_mcherry03_R3D_D3D_Z2_C1_T04.tif,18955.198982104746,7994.292069632495,11929.33,4461.925
245,26_12,17591.48,Exp2018_032_IV_HeLa_MG132_YFP-AstrinqQ1012_CENPB-dsRed_GFP_mcherry03_R3D_D3D_Z2_C0_T04.tif,12965.12,Exp2018_032_IV_HeLa_MG132_YFP-AstrinqQ1012_CENPB-dsRed_GFP_mcherry03_R3D_D3D_Z2_C1_T04.tif,18955.198982104746,7994.292069632495,11929.33,4461.925
246,26_13,18056.238095238095,Exp2018_032_IV_HeLa_MG132_YFP-AstrinqQ1012_CENPB-dsRed_GFP_mcherry03_R3D_D3D_Z2_C0_T04.tif,11586.285714285714,Exp2018_032_IV_HeLa_MG132_YFP-AstrinqQ1012_CENPB-dsRed_GFP_mcherry03_R3D_D3D_Z2_C1_T04.tif,18955.198982104746,7994.292069632495,11929.33,4461.925
247,26_14,16329.054054054053,Exp2018_032_IV_HeLa_MG132_YFP-AstrinqQ1012_CENPB-dsRed_GFP_mcherry03_R3D_D3D_Z2_C0_T04.tif,11258.162162162162,Exp2018_032_IV_HeLa_MG132_YFP-AstrinqQ1012_CENPB-dsRed_GFP_mcherry03_R3D_D3D_Z2_C1_T04.tif,18955.198982104746,7994.292069632495,11929.33,4461.925
248,26_15,16067.8,Exp2018_032_IV_HeLa_MG132_YFP-AstrinqQ1012_CENPB-dsRed_GFP_mcherry03_R3D_D3D_Z2_C0_T04.tif,9160.0,Exp2018_032_IV_HeLa_MG132_YFP-AstrinqQ1012_CENPB-dsRed_GFP_mcherry03_R3D_D3D_Z2_C1_T04.tif,18955.198982104746,7994.292069632495,11929.33,4461.925
249,27_1,16770.042553191488,Exp2018_032_IV_HeLa_MG132_YFP-AstrinqQ1012_CENPB-dsRed_GFP_mcherry03_R3D_D3D_Z2_C0_T05.tif,11357.468085106382,Exp2018_032_IV_HeLa_MG132_YFP-AstrinqQ1012_CENPB-dsRed_GFP_mcherry03_R3D_D3D_Z2_C1_T05.tif,18955.198982104746,7994.292069632495,11929.33,4461.925
250,27_2,16694.6,Exp2018_032_IV_HeLa_MG132_YFP-AstrinqQ1012_CENPB-dsRed_GFP_mcherry03_R3D_D3D_Z2_C0_T05.tif,12342.6,Exp2018_032_IV_HeLa_MG132_YFP-AstrinqQ1012_CENPB-dsRed_GFP_mcherry03_R3D_D3D_Z2_C1_T05.tif,18955.198982104746,7994.292069632495,11929.33,4461.925
251,27_3,17877.77049180328,Exp2018_032_IV_HeLa_MG132_YFP-AstrinqQ1012_CENPB-dsRed_GFP_mcherry03_R3D_D3D_Z2_C0_T05.tif,13177.868852459016,Exp2018_032_IV_HeLa_MG132_YFP-AstrinqQ1012_CENPB-dsRed_GFP_mcherry03_R3D_D3D_Z2_C1_T05.tif,18955.198982104746,7994.292069632495,11929.33,4461.925
252,27_4,18635.32,Exp2018_032_IV_HeLa_MG132_YFP-AstrinqQ1012_CENPB-dsRed_GFP_mcherry03_R3D_D3D_Z2_C0_T05.tif,11476.52,Exp2018_032_IV_HeLa_MG132_YFP-AstrinqQ1012_CENPB-dsRed_GFP_mcherry03_R3D_D3D_Z2_C1_T05.tif,18955.198982104746,7994.292069632495,11929.33,4461.925
253,27_5,18167.625,Exp2018_032_IV_HeLa_MG132_YFP-AstrinqQ1012_CENPB-dsRed_GFP_mcherry03_R3D_D3D_Z2_C0_T05.tif,12319.3125,Exp2018_032_IV_HeLa_MG132_YFP-AstrinqQ1012_CENPB-dsRed_GFP_mcherry03_R3D_D3D_Z2_C1_T05.tif,18955.198982104746,7994.292069632495,11929.33,4461.925
254,27_6,16263.2,Exp2018_032_IV_HeLa_MG132_YFP-AstrinqQ1012_CENPB-dsRed_GFP_mcherry03_R3D_D3D_Z2_C0_T05.tif,10855.8,Exp2018_032_IV_HeLa_MG132_YFP-AstrinqQ1012_CENPB-dsRed_GFP_mcherry03_R3D_D3D_Z2_C1_T05.tif,18955.198982104746,7994.292069632495,11929.33,4461.925
255,27_7,16556.0,Exp2018_032_IV_HeLa_MG132_YFP-AstrinqQ1012_CENPB-dsRed_GFP_mcherry03_R3D_D3D_Z2_C0_T05.tif,11456.0,Exp2018_032_IV_HeLa_MG132_YFP-AstrinqQ1012_CENPB-dsRed_GFP_mcherry03_R3D_D3D_Z2_C1_T05.tif,18955.198982104746,7994.292069632495,11929.33,4461.925
256,27_8,17586.583333333332,Exp2018_032_IV_HeLa_MG132_YFP-AstrinqQ1012_CENPB-dsRed_GFP_mcherry03_R3D_D3D_Z2_C0_T05.tif,11596.833333333334,Exp2018_032_IV_HeLa_MG132_YFP-AstrinqQ1012_CENPB-dsRed_GFP_mcherry03_R3D_D3D_Z2_C1_T05.tif,18955.198982104746,7994.292069632495,11929.33,4461.925
257,27_9,19933.153846153848,Exp2018_032_IV_HeLa_MG132_YFP-AstrinqQ1012_CENPB-dsRed_GFP_mcherry03_R3D_D3D_Z2_C0_T05.tif,10670.846153846154,Exp2018_032_IV_HeLa_MG132_YFP-AstrinqQ1012_CENPB-dsRed_GFP_mcherry03_R3D_D3D_Z2_C1_T05.tif,18955.198982104746,7994.292069632495,11929.33,4461.925
258,27_10,17786.662162162163,Exp2018_032_IV_HeLa_MG132_YFP-AstrinqQ1012_CENPB-dsRed_GFP_mcherry03_R3D_D3D_Z2_C0_T05.tif,12792.364864864865,Exp2018_032_IV_HeLa_MG132_YFP-AstrinqQ1012_CENPB-dsRed_GFP_mcherry03_R3D_D3D_Z2_C1_T05.tif,18955.198982104746,7994.292069632495,11929.33,4461.925
259,27_11,16702.375,Exp2018_032_IV_HeLa_MG132_YFP-AstrinqQ1012_CENPB-dsRed_GFP_mcherry03_R3D_D3D_Z2_C0_T05.tif,12129.75,Exp2018_032_IV_HeLa_MG132_YFP-AstrinqQ1012_CENPB-dsRed_GFP_mcherry03_R3D_D3D_Z2_C1_T05.tif,18955.198982104746,7994.292069632495,11929.33,4461.925
260,27_12,16986.428571428572,Exp2018_032_IV_HeLa_MG132_YFP-AstrinqQ1012_CENPB-dsRed_GFP_mcherry03_R3D_D3D_Z2_C0_T05.tif,11826.392857142857,Exp2018_032_IV_HeLa_MG132_YFP-AstrinqQ1012_CENPB-dsRed_GFP_mcherry03_R3D_D3D_Z2_C1_T05.tif,18955.198982104746,7994.292069632495,11929.33,4461.925
261,28_1,15494.0,Exp2018_032_IV_HeLa_MG132_YFP-AstrinqQ1012_CENPB-dsRed_GFP_mcherry03_R3D_D3D_Z2_C0_T06.tif,11326.4,Exp2018_032_IV_HeLa_MG132_YFP-AstrinqQ1012_CENPB-dsRed_GFP_mcherry03_R3D_D3D_Z2_C1_T06.tif,18955.198982104746,7994.292069632495,11929.33,4461.925
262,28_2,15537.470588235294,Exp2018_032_IV_HeLa_MG132_YFP-AstrinqQ1012_CENPB-dsRed_GFP_mcherry03_R3D_D3D_Z2_C0_T06.tif,11279.882352941177,Exp2018_032_IV_HeLa_MG132_YFP-AstrinqQ1012_CENPB-dsRed_GFP_mcherry03_R3D_D3D_Z2_C1_T06.tif,18955.198982104746,7994.292069632495,11929.33,4461.925
263,28_3,16018.7,Exp2018_032_IV_HeLa_MG132_YFP-AstrinqQ1012_CENPB-dsRed_GFP_mcherry03_R3D_D3D_Z2_C0_T06.tif,12276.7,Exp2018_032_IV_HeLa_MG132_YFP-AstrinqQ1012_CENPB-dsRed_GFP_mcherry03_R3D_D3D_Z2_C1_T06.tif,18955.198982104746,7994.292069632495,11929.33,4461.925
264,28_4,17572.386363636364,Exp2018_032_IV_HeLa_MG132_YFP-AstrinqQ1012_CENPB-dsRed_GFP_mcherry03_R3D_D3D_Z2_C0_T06.tif,12757.181818181818,Exp2018_032_IV_HeLa_MG132_YFP-AstrinqQ1012_CENPB-dsRed_GFP_mcherry03_R3D_D3D_Z2_C1_T06.tif,18955.198982104746,7994.292069632495,11929.33,4461.925
265,28_5,19122.125,Exp2018_032_IV_HeLa_MG132_YFP-AstrinqQ1012_CENPB-dsRed_GFP_mcherry03_R3D_D3D_Z2_C0_T06.tif,11962.625,Exp2018_032_IV_HeLa_MG132_YFP-AstrinqQ1012_CENPB-dsRed_GFP_mcherry03_R3D_D3D_Z2_C1_T06.tif,18955.198982104746,7994.292069632495,11929.33,4461.925
266,28_6,19236.76923076923,Exp2018_032_IV_HeLa_MG132_YFP-AstrinqQ1012_CENPB-dsRed_GFP_mcherry03_R3D_D3D_Z2_C0_T06.tif,10139.0,Exp2018_032_IV_HeLa_MG132_YFP-AstrinqQ1012_CENPB-dsRed_GFP_mcherry03_R3D_D3D_Z2_C1_T06.tif,18955.198982104746,7994.292069632495,11929.33,4461.925
267,28_7,18179.955555555556,Exp2018_032_IV_HeLa_MG132_YFP-AstrinqQ1012_CENPB-dsRed_GFP_mcherry03_R3D_D3D_Z2_C0_T06.tif,11708.977777777778,Exp2018_032_IV_HeLa_MG132_YFP-AstrinqQ1012_CENPB-dsRed_GFP_mcherry03_R3D_D3D_Z2_C1_T06.tif,18955.198982104746,7994.292069632495,11929.33,4461.925
268,28_8,17651.0,Exp2018_032_IV_HeLa_MG132_YFP-AstrinqQ1012_CENPB-dsRed_GFP_mcherry03_R3D_D3D_Z2_C0_T06.tif,12545.121212121212,Exp2018_032_IV_HeLa_MG132_YFP-AstrinqQ1012_CENPB-dsRed_GFP_mcherry03_R3D_D3D_Z2_C1_T06.tif,18955.198982104746,7994.292069632495,11929.33,4461.925
269,28_9,17801.527027027027,Exp2018_032_IV_HeLa_MG132_YFP-AstrinqQ1012_CENPB-dsRed_GFP_mcherry03_R3D_D3D_Z2_C0_T06.tif,13253.513513513513,Exp2018_032_IV_HeLa_MG132_YFP-AstrinqQ1012_CENPB-dsRed_GFP_mcherry03_R3D_D3D_Z2_C1_T06.tif,18955.198982104746,7994.292069632495,11929.33,4461.925
270,28_10,18928.619047619046,Exp2018_032_IV_HeLa_MG132_YFP-AstrinqQ1012_CENPB-dsRed_GFP_mcherry03_R3D_D3D_Z2_C0_T06.tif,10916.714285714286,Exp2018_032_IV_HeLa_MG132_YFP-AstrinqQ1012_CENPB-dsRed_GFP_mcherry03_R3D_D3D_Z2_C1_T06.tif,18955.198982104746,7994.292069632495,11929.33,4461.925
271,28_11,16735.333333333332,Exp2018_032_IV_HeLa_MG132_YFP-AstrinqQ1012_CENPB-dsRed_GFP_mcherry03_R3D_D3D_Z2_C0_T06.tif,11209.8,Exp2018_032_IV_HeLa_MG132_YFP-AstrinqQ1012_CENPB-dsRed_GFP_mcherry03_R3D_D3D_Z2_C1_T06.tif,18955.198982104746,7994.292069632495,11929.33,4461.925
272,28_12,13738.0,Exp2018_032_IV_HeLa_MG132_YFP-AstrinqQ1012_CENPB-dsRed_GFP_mcherry03_R3D_D3D_Z2_C0_T06.tif,11878.4,Exp2018_032_IV_HeLa_MG132_YFP-AstrinqQ1012_CENPB-dsRed_GFP_mcherry03_R3D_D3D_Z2_C1_T06.tif,18955.198982104746,7994.292069632495,11929.33,4461.925
273,29_1,16528.4,Exp2018_032_IV_HeLa_MG132_YFP-AstrinqQ1012_CENPB-dsRed_GFP_mcherry03_R3D_D3D_Z2_C0_T07.tif,12481.2,Exp2018_032_IV_HeLa_MG132_YFP-AstrinqQ1012_CENPB-dsRed_GFP_mcherry03_R3D_D3D_Z2_C1_T07.tif,18955.198982104746,7994.292069632495,11929.33,4461.925
274,29_2,15847.625,Exp2018_032_IV_HeLa_MG132_YFP-AstrinqQ1012_CENPB-dsRed_GFP_mcherry03_R3D_D3D_Z2_C0_T07.tif,12368.5,Exp2018_032_IV_HeLa_MG132_YFP-AstrinqQ1012_CENPB-dsRed_GFP_mcherry03_R3D_D3D_Z2_C1_T07.tif,18955.198982104746,7994.292069632495,11929.33,4461.925
275,29_3,16975.11111111111,Exp2018_032_IV_HeLa_MG132_YFP-AstrinqQ1012_CENPB-dsRed_GFP_mcherry03_R3D_D3D_Z2_C0_T07.tif,14096.962962962964,Exp2018_032_IV_HeLa_MG132_YFP-AstrinqQ1012_CENPB-dsRed_GFP_mcherry03_R3D_D3D_Z2_C1_T07.tif,18955.198982104746,7994.292069632495,11929.33,4461.925
276,29_4,17230.15,Exp2018_032_IV_HeLa_MG132_YFP-AstrinqQ1012_CENPB-dsRed_GFP_mcherry03_R3D_D3D_Z2_C0_T07.tif,13875.9,Exp2018_032_IV_HeLa_MG132_YFP-AstrinqQ1012_CENPB-dsRed_GFP_mcherry03_R3D_D3D_Z2_C1_T07.tif,18955.198982104746,7994.292069632495,11929.33,4461.925
277,29_5,16079.0,Exp2018_032_IV_HeLa_MG132_YFP-AstrinqQ1012_CENPB-dsRed_GFP_mcherry03_R3D_D3D_Z2_C0_T07.tif,11820.739130434782,Exp2018_032_IV_HeLa_MG132_YFP-AstrinqQ1012_CENPB-dsRed_GFP_mcherry03_R3D_D3D_Z2_C1_T07.tif,18955.198982104746,7994.292069632495,11929.33,4461.925
278,29_6,19292.48275862069,Exp2018_032_IV_HeLa_MG132_YFP-AstrinqQ1012_CENPB-dsRed_GFP_mcherry03_R3D_D3D_Z2_C0_T07.tif,11373.206896551725,Exp2018_032_IV_HeLa_MG132_YFP-AstrinqQ1012_CENPB-dsRed_GFP_mcherry03_R3D_D3D_Z2_C1_T07.tif,18955.198982104746,7994.292069632495,11929.33,4461.925
279,29_7,16967.8,Exp2018_032_IV_HeLa_MG132_YFP-AstrinqQ1012_CENPB-dsRed_GFP_mcherry03_R3D_D3D_Z2_C0_T07.tif,13690.0,Exp2018_032_IV_HeLa_MG132_YFP-AstrinqQ1012_CENPB-dsRed_GFP_mcherry03_R3D_D3D_Z2_C1_T07.tif,18955.198982104746,7994.292069632495,11929.33,4461.925
280,29_8,17059.196721311477,Exp2018_032_IV_HeLa_MG132_YFP-AstrinqQ1012_CENPB-dsRed_GFP_mcherry03_R3D_D3D_Z2_C0_T07.tif,13831.737704918032,Exp2018_032_IV_HeLa_MG132_YFP-AstrinqQ1012_CENPB-dsRed_GFP_mcherry03_R3D_D3D_Z2_C1_T07.tif,18955.198982104746,7994.292069632495,11929.33,4461.925
281,29_9,16681.0,Exp2018_032_IV_HeLa_MG132_YFP-AstrinqQ1012_CENPB-dsRed_GFP_mcherry03_R3D_D3D_Z2_C0_T07.tif,11757.5,Exp2018_032_IV_HeLa_MG132_YFP-AstrinqQ1012_CENPB-dsRed_GFP_mcherry03_R3D_D3D_Z2_C1_T07.tif,18955.198982104746,7994.292069632495,11929.33,4461.925
282,29_10,18703.2,Exp2018_032_IV_HeLa_MG132_YFP-AstrinqQ1012_CENPB-dsRed_GFP_mcherry03_R3D_D3D_Z2_C0_T07.tif,10323.2,Exp2018_032_IV_HeLa_MG132_YFP-AstrinqQ1012_CENPB-dsRed_GFP_mcherry03_R3D_D3D_Z2_C1_T07.tif,18955.198982104746,7994.292069632495,11929.33,4461.925
283,29_11,15184.55,Exp2018_032_IV_HeLa_MG132_YFP-AstrinqQ1012_CENPB-dsRed_GFP_mcherry03_R3D_D3D_Z2_C0_T07.tif,10804.95,Exp2018_032_IV_HeLa_MG132_YFP-AstrinqQ1012_CENPB-dsRed_GFP_mcherry03_R3D_D3D_Z2_C1_T07.tif,18955.198982104746,7994.292069632495,11929.33,4461.925
284,30_1,15943.523255813954,Exp2018_032_IV_HeLa_MG132_YFP-AstrinqQ1012_CENPB-dsRed_GFP_mcherry03_R3D_D3D_Z2_C0_T08.tif,12148.279069767443,Exp2018_032_IV_HeLa_MG132_YFP-AstrinqQ1012_CENPB-dsRed_GFP_mcherry03_R3D_D3D_Z2_C1_T08.tif,18955.198982104746,7994.292069632495,11929.33,4461.925
285,30_2,17034.337837837837,Exp2018_032_IV_HeLa_MG132_YFP-AstrinqQ1012_CENPB-dsRed_GFP_mcherry03_R3D_D3D_Z2_C0_T08.tif,13250.864864864865,Exp2018_032_IV_HeLa_MG132_YFP-AstrinqQ1012_CENPB-dsRed_GFP_mcherry03_R3D_D3D_Z2_C1_T08.tif,18955.198982104746,7994.292069632495,11929.33,4461.925
286,30_3,18344.657894736843,Exp2018_032_IV_HeLa_MG132_YFP-AstrinqQ1012_CENPB-dsRed_GFP_mcherry03_R3D_D3D_Z2_C0_T08.tif,10400.315789473685,Exp2018_032_IV_HeLa_MG132_YFP-AstrinqQ1012_CENPB-dsRed_GFP_mcherry03_R3D_D3D_Z2_C1_T08.tif,18955.198982104746,7994.292069632495,11929.33,4461.925
287,30_4,16570.85714285714,Exp2018_032_IV_HeLa_MG132_YFP-AstrinqQ1012_CENPB-dsRed_GFP_mcherry03_R3D_D3D_Z2_C0_T08.tif,12542.214285714286,Exp2018_032_IV_HeLa_MG132_YFP-AstrinqQ1012_CENPB-dsRed_GFP_mcherry03_R3D_D3D_Z2_C1_T08.tif,18955.198982104746,7994.292069632495,11929.33,4461.925
288,30_5,17415.8,Exp2018_032_IV_HeLa_MG132_YFP-AstrinqQ1012_CENPB-dsRed_GFP_mcherry03_R3D_D3D_Z2_C0_T08.tif,12043.6,Exp2018_032_IV_HeLa_MG132_YFP-AstrinqQ1012_CENPB-dsRed_GFP_mcherry03_R3D_D3D_Z2_C1_T08.tif,18955.198982104746,7994.292069632495,11929.33,4461.925
289,30_6,17257.761904761905,Exp2018_032_IV_HeLa_MG132_YFP-AstrinqQ1012_CENPB-dsRed_GFP_mcherry03_R3D_D3D_Z2_C0_T08.tif,12778.222222222223,Exp2018_032_IV_HeLa_MG132_YFP-AstrinqQ1012_CENPB-dsRed_GFP_mcherry03_R3D_D3D_Z2_C1_T08.tif,18955.198982104746,7994.292069632495,11929.33,4461.925
290,30_7,16149.666666666666,Exp2018_032_IV_HeLa_MG132_YFP-AstrinqQ1012_CENPB-dsRed_GFP_mcherry03_R3D_D3D_Z2_C0_T08.tif,10273.777777777777,Exp2018_032_IV_HeLa_MG132_YFP-AstrinqQ1012_CENPB-dsRed_GFP_mcherry03_R3D_D3D_Z2_C1_T08.tif,18955.198982104746,7994.292069632495,11929.33,4461.925
291,30_8,18433.8,Exp2018_032_IV_HeLa_MG132_YFP-AstrinqQ1012_CENPB-dsRed_GFP_mcherry03_R3D_D3D_Z2_C0_T08.tif,10318.2,Exp2018_032_IV_HeLa_MG132_YFP-AstrinqQ1012_CENPB-dsRed_GFP_mcherry03_R3D_D3D_Z2_C1_T08.tif,18955.198982104746,7994.292069632495,11929.33,4461.925
292,30_9,15602.323529411764,Exp2018_032_IV_HeLa_MG132_YFP-AstrinqQ1012_CENPB-dsRed_GFP_mcherry03_R3D_D3D_Z2_C0_T08.tif,11200.529411764706,Exp2018_032_IV_HeLa_MG132_YFP-AstrinqQ1012_CENPB-dsRed_GFP_mcherry03_R3D_D3D_Z2_C1_T08.tif,18955.198982104746,7994.292069632495,11929.33,4461.925
293,30_10,18223.6,Exp2018_032_IV_HeLa_MG132_YFP-AstrinqQ1012_CENPB-dsRed_GFP_mcherry03_R3D_D3D_Z2_C0_T08.tif,8536.4,Exp2018_032_IV_HeLa_MG132_YFP-AstrinqQ1012_CENPB-dsRed_GFP_mcherry03_R3D_D3D_Z2_C1_T08.tif,18955.198982104746,7994.292069632495,11929.33,4461.925
294,31_1,15971.589552238805,Exp2018_032_IV_HeLa_MG132_YFP-AstrinqQ1012_CENPB-dsRed_GFP_mcherry03_R3D_D3D_Z2_C0_T09.tif,13152.955223880597,Exp2018_032_IV_HeLa_MG132_YFP-AstrinqQ1012_CENPB-dsRed_GFP_mcherry03_R3D_D3D_Z2_C1_T09.tif,18955.198982104746,7994.292069632495,11929.33,4461.925
295,31_2,18212.36842105263,Exp2018_032_IV_HeLa_MG132_YFP-AstrinqQ1012_CENPB-dsRed_GFP_mcherry03_R3D_D3D_Z2_C0_T09.tif,13757.473684210527,Exp2018_032_IV_HeLa_MG132_YFP-AstrinqQ1012_CENPB-dsRed_GFP_mcherry03_R3D_D3D_Z2_C1_T09.tif,18955.198982104746,7994.292069632495,11929.33,4461.925
296,31_3,17306.56,Exp2018_032_IV_HeLa_MG132_YFP-AstrinqQ1012_CENPB-dsRed_GFP_mcherry03_R3D_D3D_Z2_C0_T09.tif,11921.92,Exp2018_032_IV_HeLa_MG132_YFP-AstrinqQ1012_CENPB-dsRed_GFP_mcherry03_R3D_D3D_Z2_C1_T09.tif,18955.198982104746,7994.292069632495,11929.33,4461.925
297,31_4,18964.375,Exp2018_032_IV_HeLa_MG132_YFP-AstrinqQ1012_CENPB-dsRed_GFP_mcherry03_R3D_D3D_Z2_C0_T09.tif,10946.875,Exp2018_032_IV_HeLa_MG132_YFP-AstrinqQ1012_CENPB-dsRed_GFP_mcherry03_R3D_D3D_Z2_C1_T09.tif,18955.198982104746,7994.292069632495,11929.33,4461.925
298,31_5,18495.5625,Exp2018_032_IV_HeLa_MG132_YFP-AstrinqQ1012_CENPB-dsRed_GFP_mcherry03_R3D_D3D_Z2_C0_T09.tif,12561.625,Exp2018_032_IV_HeLa_MG132_YFP-AstrinqQ1012_CENPB-dsRed_GFP_mcherry03_R3D_D3D_Z2_C1_T09.tif,18955.198982104746,7994.292069632495,11929.33,4461.925
299,31_6,16248.4,Exp2018_032_IV_HeLa_MG132_YFP-AstrinqQ1012_CENPB-dsRed_GFP_mcherry03_R3D_D3D_Z2_C0_T09.tif,11741.4,Exp2018_032_IV_HeLa_MG132_YFP-AstrinqQ1012_CENPB-dsRed_GFP_mcherry03_R3D_D3D_Z2_C1_T09.tif,18955.198982104746,7994.292069632495,11929.33,4461.925
300,31_7,15383.357142857143,Exp2018_032_IV_HeLa_MG132_YFP-AstrinqQ1012_CENPB-dsRed_GFP_mcherry03_R3D_D3D_Z2_C0_T09.tif,11806.785714285714,Exp2018_032_IV_HeLa_MG132_YFP-AstrinqQ1012_CENPB-dsRed_GFP_mcherry03_R3D_D3D_Z2_C1_T09.tif,18955.198982104746,7994.292069632495,11929.33,4461.925
301,31_8,17329.44927536232,Exp2018_032_IV_HeLa_MG132_YFP-AstrinqQ1012_CENPB-dsRed_GFP_mcherry03_R3D_D3D_Z2_C0_T09.tif,12941.565217391304,Exp2018_032_IV_HeLa_MG132_YFP-AstrinqQ1012_CENPB-dsRed_GFP_mcherry03_R3D_D3D_Z2_C1_T09.tif,18955.198982104746,7994.292069632495,11929.33,4461.925
302,31_9,17481.0,Exp2018_032_IV_HeLa_MG132_YFP-AstrinqQ1012_CENPB-dsRed_GFP_mcherry03_R3D_D3D_Z2_C0_T09.tif,11460.0,Exp2018_032_IV_HeLa_MG132_YFP-AstrinqQ1012_CENPB-dsRed_GFP_mcherry03_R3D_D3D_Z2_C1_T09.tif,18955.198982104746,7994.292069632495,11929.33,4461.925
303,31_10,15869.727272727272,Exp2018_032_IV_HeLa_MG132_YFP-AstrinqQ1012_CENPB-dsRed_GFP_mcherry03_R3D_D3D_Z2_C0_T09.tif,10457.0,Exp2018_032_IV_HeLa_MG132_YFP-AstrinqQ1012_CENPB-dsRed_GFP_mcherry03_R3D_D3D_Z2_C1_T09.tif,18955.198982104746,7994.292069632495,11929.33,4461.925
304,32_1,16329.338129496404,Exp2018_032_IV_HeLa_MG132_YFP-AstrinqQ1012_CENPB-dsRed_GFP_mcherry03_R3D_D3D_Z2_C0_T10.tif,12616.338129496404,Exp2018_032_IV_HeLa_MG132_YFP-AstrinqQ1012_CENPB-dsRed_GFP_mcherry03_R3D_D3D_Z2_C1_T10.tif,18955.198982104746,7994.292069632495,11929.33,4461.925
305,32_2,14336.2,Exp2018_032_IV_HeLa_MG132_YFP-AstrinqQ1012_CENPB-dsRed_GFP_mcherry03_R3D_D3D_Z2_C0_T10.tif,8691.8,Exp2018_032_IV_HeLa_MG132_YFP-AstrinqQ1012_CENPB-dsRed_GFP_mcherry03_R3D_D3D_Z2_C1_T10.tif,18955.198982104746,7994.292069632495,11929.33,4461.925
306,32_3,18071.0,Exp2018_032_IV_HeLa_MG132_YFP-AstrinqQ1012_CENPB-dsRed_GFP_mcherry03_R3D_D3D_Z2_C0_T10.tif,11418.125,Exp2018_032_IV_HeLa_MG132_YFP-AstrinqQ1012_CENPB-dsRed_GFP_mcherry03_R3D_D3D_Z2_C1_T10.tif,18955.198982104746,7994.292069632495,11929.33,4461.925
307,32_4,17473.090909090908,Exp2018_032_IV_HeLa_MG132_YFP-AstrinqQ1012_CENPB-dsRed_GFP_mcherry03_R3D_D3D_Z2_C0_T10.tif,10325.454545454546,Exp2018_032_IV_HeLa_MG132_YFP-AstrinqQ1012_CENPB-dsRed_GFP_mcherry03_R3D_D3D_Z2_C1_T10.tif,18955.198982104746,7994.292069632495,11929.33,4461.925
308,32_5,17651.0,Exp2018_032_IV_HeLa_MG132_YFP-AstrinqQ1012_CENPB-dsRed_GFP_mcherry03_R3D_D3D_Z2_C0_T10.tif,10306.0,Exp2018_032_IV_HeLa_MG132_YFP-AstrinqQ1012_CENPB-dsRed_GFP_mcherry03_R3D_D3D_Z2_C1_T10.tif,18955.198982104746,7994.292069632495,11929.33,4461.925
309,32_6,17209.1,Exp2018_032_IV_HeLa_MG132_YFP-AstrinqQ1012_CENPB-dsRed_GFP_mcherry03_R3D_D3D_Z2_C0_T10.tif,11304.3,Exp2018_032_IV_HeLa_MG132_YFP-AstrinqQ1012_CENPB-dsRed_GFP_mcherry03_R3D_D3D_Z2_C1_T10.tif,18955.198982104746,7994.292069632495,11929.33,4461.925
310,32_7,18062.225806451614,Exp2018_032_IV_HeLa_MG132_YFP-AstrinqQ1012_CENPB-dsRed_GFP_mcherry03_R3D_D3D_Z2_C0_T10.tif,11047.290322580646,Exp2018_032_IV_HeLa_MG132_YFP-AstrinqQ1012_CENPB-dsRed_GFP_mcherry03_R3D_D3D_Z2_C1_T10.tif,18955.198982104746,7994.292069632495,11929.33,4461.925
311,32_8,18018.333333333332,Exp2018_032_IV_HeLa_MG132_YFP-AstrinqQ1012_CENPB-dsRed_GFP_mcherry03_R3D_D3D_Z2_C0_T10.tif,10459.666666666666,Exp2018_032_IV_HeLa_MG132_YFP-AstrinqQ1012_CENPB-dsRed_GFP_mcherry03_R3D_D3D_Z2_C1_T10.tif,18955.198982104746,7994.292069632495,11929.33,4461.925
312,32_9,17343.89230769231,Exp2018_032_IV_HeLa_MG132_YFP-AstrinqQ1012_CENPB-dsRed_GFP_mcherry03_R3D_D3D_Z2_C0_T10.tif,13148.784615384615,Exp2018_032_IV_HeLa_MG132_YFP-AstrinqQ1012_CENPB-dsRed_GFP_mcherry03_R3D_D3D_Z2_C1_T10.tif,18955.198982104746,7994.292069632495,11929.33,4461.925
313,32_10,18379.3,Exp2018_032_IV_HeLa_MG132_YFP-AstrinqQ1012_CENPB-dsRed_GFP_mcherry03_R3D_D3D_Z2_C0_T10.tif,10406.2,Exp2018_032_IV_HeLa_MG132_YFP-AstrinqQ1012_CENPB-dsRed_GFP_mcherry03_R3D_D3D_Z2_C1_T10.tif,18955.198982104746,7994.292069632495,11929.33,4461.925
314,32_11,15661.0,Exp2018_032_IV_HeLa_MG132_YFP-AstrinqQ1012_CENPB-dsRed_GFP_mcherry03_R3D_D3D_Z2_C0_T10.tif,12683.444444444445,Exp2018_032_IV_HeLa_MG132_YFP-AstrinqQ1012_CENPB-dsRed_GFP_mcherry03_R3D_D3D_Z2_C1_T10.tif,18955.198982104746,7994.292069632495,11929.33,4461.925
315,32_12,17029.4,Exp2018_032_IV_HeLa_MG132_YFP-AstrinqQ1012_CENPB-dsRed_GFP_mcherry03_R3D_D3D_Z2_C0_T10.tif,11362.6,Exp2018_032_IV_HeLa_MG132_YFP-AstrinqQ1012_CENPB-dsRed_GFP_mcherry03_R3D_D3D_Z2_C1_T10.tif,18955.198982104746,7994.292069632495,11929.33,4461.925
