,label,area,mean_intensity_YFP_astrin,fname_YFP_astrin,YFP_astrin_cyto,YFP_astrin_bg,mean_intensity_CENP_B_ds_red,fname_CENP_B_ds_red,CENP_B_ds_red_cyto,CENP_B_ds_red_bg
0,0_1,4.0,32816.5,Exp2018_032_setVI_HeLa_YFP-AstrinWT_CENPBdsRed_GFP_mcherry_01_R3D_D3D_Z0_C0_T00.tif,39297.74505649717,25701.965,37247.75,Exp2018_032_setVI_HeLa_YFP-AstrinWT_CENPBdsRed_GFP_mcherry_01_R3D_D3D_Z0_C1_T00.tif,27131.772691240585,13333.905
1,0_2,5.0,58943.6,Exp2018_032_setVI_HeLa_YFP-AstrinWT_CENPBdsRed_GFP_mcherry_01_R3D_D3D_Z0_C0_T00.tif,39297.74505649717,25701.965,38933.0,Exp2018_032_setVI_HeLa_YFP-AstrinWT_CENPBdsRed_GFP_mcherry_01_R3D_D3D_Z0_C1_T00.tif,27131.772691240585,13333.905
2,0_3,8.0,43735.75,Exp2018_032_setVI_HeLa_YFP-AstrinWT_CENPBdsRed_GFP_mcherry_01_R3D_D3D_Z0_C0_T00.tif,39297.74505649717,25701.965,36951.75,Exp2018_032_setVI_HeLa_YFP-AstrinWT_CENPBdsRed_GFP_mcherry_01_R3D_D3D_Z0_C1_T00.tif,27131.772691240585,13333.905
3,0_4,28.0,50786.892857142855,Exp2018_032_setVI_HeLa_YFP-AstrinWT_CENPBdsRed_GFP_mcherry_01_R3D_D3D_Z0_C0_T00.tif,39297.74505649717,25701.965,42790.67857142857,Exp2018_032_setVI_HeLa_YFP-AstrinWT_CENPBdsRed_GFP_mcherry_01_R3D_D3D_Z0_C1_T00.tif,27131.772691240585,13333.905
4,0_5,22.0,49049.954545454544,Exp2018_032_setVI_HeLa_YFP-AstrinWT_CENPBdsRed_GFP_mcherry_01_R3D_D3D_Z0_C0_T00.tif,39297.74505649717,25701.965,44823.818181818184,Exp2018_032_setVI_HeLa_YFP-AstrinWT_CENPBdsRed_GFP_mcherry_01_R3D_D3D_Z0_C1_T00.tif,27131.772691240585,13333.905
5,0_6,5.0,53412.4,Exp2018_032_setVI_HeLa_YFP-AstrinWT_CENPBdsRed_GFP_mcherry_01_R3D_D3D_Z0_C0_T00.tif,39297.74505649717,25701.965,36775.6,Exp2018_032_setVI_HeLa_YFP-AstrinWT_CENPBdsRed_GFP_mcherry_01_R3D_D3D_Z0_C1_T00.tif,27131.772691240585,13333.905
6,0_7,5.0,60832.8,Exp2018_032_setVI_HeLa_YFP-AstrinWT_CENPBdsRed_GFP_mcherry_01_R3D_D3D_Z0_C0_T00.tif,39297.74505649717,25701.965,38516.6,Exp2018_032_setVI_HeLa_YFP-AstrinWT_CENPBdsRed_GFP_mcherry_01_R3D_D3D_Z0_C1_T00.tif,27131.772691240585,13333.905
7,0_8,18.0,44357.77777777778,Exp2018_032_setVI_HeLa_YFP-AstrinWT_CENPBdsRed_GFP_mcherry_01_R3D_D3D_Z0_C0_T00.tif,39297.74505649717,25701.965,33528.444444444445,Exp2018_032_setVI_HeLa_YFP-AstrinWT_CENPBdsRed_GFP_mcherry_01_R3D_D3D_Z0_C1_T00.tif,27131.772691240585,13333.905
8,0_9,16.0,46707.3125,Exp2018_032_setVI_HeLa_YFP-AstrinWT_CENPBdsRed_GFP_mcherry_01_R3D_D3D_Z0_C0_T00.tif,39297.74505649717,25701.965,36830.4375,Exp2018_032_setVI_HeLa_YFP-AstrinWT_CENPBdsRed_GFP_mcherry_01_R3D_D3D_Z0_C1_T00.tif,27131.772691240585,13333.905
10,1_1,6.0,27530.0,Exp2018_032_setVI_HeLa_YFP-AstrinWT_CENPBdsRed_GFP_mcherry_01_R3D_D3D_Z0_C0_T01.tif,39600.009845501365,26157.38,39145.0,Exp2018_032_setVI_HeLa_YFP-AstrinWT_CENPBdsRed_GFP_mcherry_01_R3D_D3D_Z0_C1_T01.tif,26885.018591200165,13207.1825
11,1_2,8.0,52836.5,Exp2018_032_setVI_HeLa_YFP-AstrinWT_CENPBdsRed_GFP_mcherry_01_R3D_D3D_Z0_C0_T01.tif,39600.009845501365,26157.38,41555.375,Exp2018_032_setVI_HeLa_YFP-AstrinWT_CENPBdsRed_GFP_mcherry_01_R3D_D3D_Z0_C1_T01.tif,26885.018591200165,13207.1825
12,1_3,5.0,57055.2,Exp2018_032_setVI_HeLa_YFP-AstrinWT_CENPBdsRed_GFP_mcherry_01_R3D_D3D_Z0_C0_T01.tif,39600.009845501365,26157.38,37785.8,Exp2018_032_setVI_HeLa_YFP-AstrinWT_CENPBdsRed_GFP_mcherry_01_R3D_D3D_Z0_C1_T01.tif,26885.018591200165,13207.1825
13,1_4,5.0,38223.6,Exp2018_032_setVI_HeLa_YFP-AstrinWT_CENPBdsRed_GFP_mcherry_01_R3D_D3D_Z0_C0_T01.tif,39600.009845501365,26157.38,44482.8,Exp2018_032_setVI_HeLa_YFP-AstrinWT_CENPBdsRed_GFP_mcherry_01_R3D_D3D_Z0_C1_T01.tif,26885.018591200165,13207.1825
14,1_5,8.0,39364.25,Exp2018_032_setVI_HeLa_YFP-AstrinWT_CENPBdsRed_GFP_mcherry_01_R3D_D3D_Z0_C0_T01.tif,39600.009845501365,26157.38,44830.75,Exp2018_032_setVI_HeLa_YFP-AstrinWT_CENPBdsRed_GFP_mcherry_01_R3D_D3D_Z0_C1_T01.tif,26885.018591200165,13207.1825
15,1_6,5.0,41885.0,Exp2018_032_setVI_HeLa_YFP-AstrinWT_CENPBdsRed_GFP_mcherry_01_R3D_D3D_Z0_C0_T01.tif,39600.009845501365,26157.38,52112.2,Exp2018_032_setVI_HeLa_YFP-AstrinWT_CENPBdsRed_GFP_mcherry_01_R3D_D3D_Z0_C1_T01.tif,26885.018591200165,13207.1825
16,1_7,9.0,40812.666666666664,Exp2018_032_setVI_HeLa_YFP-AstrinWT_CENPBdsRed_GFP_mcherry_01_R3D_D3D_Z0_C0_T01.tif,39600.009845501365,26157.38,35897.11111111111,Exp2018_032_setVI_HeLa_YFP-AstrinWT_CENPBdsRed_GFP_mcherry_01_R3D_D3D_Z0_C1_T01.tif,26885.018591200165,13207.1825
17,1_8,30.0,48740.53333333333,Exp2018_032_setVI_HeLa_YFP-AstrinWT_CENPBdsRed_GFP_mcherry_01_R3D_D3D_Z0_C0_T01.tif,39600.009845501365,26157.38,41644.53333333333,Exp2018_032_setVI_HeLa_YFP-AstrinWT_CENPBdsRed_GFP_mcherry_01_R3D_D3D_Z0_C1_T01.tif,26885.018591200165,13207.1825
18,1_9,5.0,51635.2,Exp2018_032_setVI_HeLa_YFP-AstrinWT_CENPBdsRed_GFP_mcherry_01_R3D_D3D_Z0_C0_T01.tif,39600.009845501365,26157.38,35612.8,Exp2018_032_setVI_HeLa_YFP-AstrinWT_CENPBdsRed_GFP_mcherry_01_R3D_D3D_Z0_C1_T01.tif,26885.018591200165,13207.1825
19,1_10,5.0,40859.2,Exp2018_032_setVI_HeLa_YFP-AstrinWT_CENPBdsRed_GFP_mcherry_01_R3D_D3D_Z0_C0_T01.tif,39600.009845501365,26157.38,44050.8,Exp2018_032_setVI_HeLa_YFP-AstrinWT_CENPBdsRed_GFP_mcherry_01_R3D_D3D_Z0_C1_T01.tif,26885.018591200165,13207.1825
20,1_11,5.0,44098.8,Exp2018_032_setVI_HeLa_YFP-AstrinWT_CENPBdsRed_GFP_mcherry_01_R3D_D3D_Z0_C0_T01.tif,39600.009845501365,26157.38,31703.6,Exp2018_032_setVI_HeLa_YFP-AstrinWT_CENPBdsRed_GFP_mcherry_01_R3D_D3D_Z0_C1_T01.tif,26885.018591200165,13207.1825
21,1_12,8.0,37148.5,Exp2018_032_setVI_HeLa_YFP-AstrinWT_CENPBdsRed_GFP_mcherry_01_R3D_D3D_Z0_C0_T01.tif,39600.009845501365,26157.38,29825.5,Exp2018_032_setVI_HeLa_YFP-AstrinWT_CENPBdsRed_GFP_mcherry_01_R3D_D3D_Z0_C1_T01.tif,26885.018591200165,13207.1825
22,2_1,5.0,57919.0,Exp2018_032_setVI_HeLa_YFP-AstrinWT_CENPBdsRed_GFP_mcherry_01_R3D_D3D_Z0_C0_T02.tif,40044.97479790775,27368.4725,34802.8,Exp2018_032_setVI_HeLa_YFP-AstrinWT_CENPBdsRed_GFP_mcherry_01_R3D_D3D_Z0_C1_T02.tif,27535.618811881188,13697.2375
23,2_2,26.0,46229.61538461538,Exp2018_032_setVI_HeLa_YFP-AstrinWT_CENPBdsRed_GFP_mcherry_01_R3D_D3D_Z0_C0_T02.tif,40044.97479790775,27368.4725,43473.11538461538,Exp2018_032_setVI_HeLa_YFP-AstrinWT_CENPBdsRed_GFP_mcherry_01_R3D_D3D_Z0_C1_T02.tif,27535.618811881188,13697.2375
24,2_3,5.0,47837.0,Exp2018_032_setVI_HeLa_YFP-AstrinWT_CENPBdsRed_GFP_mcherry_01_R3D_D3D_Z0_C0_T02.tif,40044.97479790775,27368.4725,53919.8,Exp2018_032_setVI_HeLa_YFP-AstrinWT_CENPBdsRed_GFP_mcherry_01_R3D_D3D_Z0_C1_T02.tif,27535.618811881188,13697.2375
25,2_4,5.0,44475.0,Exp2018_032_setVI_HeLa_YFP-AstrinWT_CENPBdsRed_GFP_mcherry_01_R3D_D3D_Z0_C0_T02.tif,40044.97479790775,27368.4725,48846.4,Exp2018_032_setVI_HeLa_YFP-AstrinWT_CENPBdsRed_GFP_mcherry_01_R3D_D3D_Z0_C1_T02.tif,27535.618811881188,13697.2375
26,2_5,35.0,46861.74285714285,Exp2018_032_setVI_HeLa_YFP-AstrinWT_CENPBdsRed_GFP_mcherry_01_R3D_D3D_Z0_C0_T02.tif,40044.97479790775,27368.4725,47613.02857142857,Exp2018_032_setVI_HeLa_YFP-AstrinWT_CENPBdsRed_GFP_mcherry_01_R3D_D3D_Z0_C1_T02.tif,27535.618811881188,13697.2375
27,2_6,23.0,51215.82608695652,Exp2018_032_setVI_HeLa_YFP-AstrinWT_CENPBdsRed_GFP_mcherry_01_R3D_D3D_Z0_C0_T02.tif,40044.97479790775,27368.4725,43894.391304347824,Exp2018_032_setVI_HeLa_YFP-AstrinWT_CENPBdsRed_GFP_mcherry_01_R3D_D3D_Z0_C1_T02.tif,27535.618811881188,13697.2375
28,2_7,18.0,48385.333333333336,Exp2018_032_setVI_HeLa_YFP-AstrinWT_CENPBdsRed_GFP_mcherry_01_R3D_D3D_Z0_C0_T02.tif,40044.97479790775,27368.4725,40685.38888888889,Exp2018_032_setVI_HeLa_YFP-AstrinWT_CENPBdsRed_GFP_mcherry_01_R3D_D3D_Z0_C1_T02.tif,27535.618811881188,13697.2375
29,2_8,5.0,36174.6,Exp2018_032_setVI_HeLa_YFP-AstrinWT_CENPBdsRed_GFP_mcherry_01_R3D_D3D_Z0_C0_T02.tif,40044.97479790775,27368.4725,31495.6,Exp2018_032_setVI_HeLa_YFP-AstrinWT_CENPBdsRed_GFP_mcherry_01_R3D_D3D_Z0_C1_T02.tif,27535.618811881188,13697.2375
46,4_1,5.0,41001.6,Exp2018_032_setVI_HeLa_YFP-AstrinWT_CENPBdsRed_GFP_mcherry_01_R3D_D3D_Z0_C0_T04.tif,39636.02890267799,26953.9475,43488.8,Exp2018_032_setVI_HeLa_YFP-AstrinWT_CENPBdsRed_GFP_mcherry_01_R3D_D3D_Z0_C1_T04.tif,26431.60842651757,13127.2225
47,4_2,5.0,39986.8,Exp2018_032_setVI_HeLa_YFP-AstrinWT_CENPBdsRed_GFP_mcherry_01_R3D_D3D_Z0_C0_T04.tif,39636.02890267799,26953.9475,35424.0,Exp2018_032_setVI_HeLa_YFP-AstrinWT_CENPBdsRed_GFP_mcherry_01_R3D_D3D_Z0_C1_T04.tif,26431.60842651757,13127.2225
48,4_3,35.0,49850.71428571428,Exp2018_032_setVI_HeLa_YFP-AstrinWT_CENPBdsRed_GFP_mcherry_01_R3D_D3D_Z0_C0_T04.tif,39636.02890267799,26953.9475,40861.94285714286,Exp2018_032_setVI_HeLa_YFP-AstrinWT_CENPBdsRed_GFP_mcherry_01_R3D_D3D_Z0_C1_T04.tif,26431.60842651757,13127.2225
49,4_4,5.0,40934.2,Exp2018_032_setVI_HeLa_YFP-AstrinWT_CENPBdsRed_GFP_mcherry_01_R3D_D3D_Z0_C0_T04.tif,39636.02890267799,26953.9475,37468.4,Exp2018_032_setVI_HeLa_YFP-AstrinWT_CENPBdsRed_GFP_mcherry_01_R3D_D3D_Z0_C1_T04.tif,26431.60842651757,13127.2225
50,4_5,5.0,45328.2,Exp2018_032_setVI_HeLa_YFP-AstrinWT_CENPBdsRed_GFP_mcherry_01_R3D_D3D_Z0_C0_T04.tif,39636.02890267799,26953.9475,38774.6,Exp2018_032_setVI_HeLa_YFP-AstrinWT_CENPBdsRed_GFP_mcherry_01_R3D_D3D_Z0_C1_T04.tif,26431.60842651757,13127.2225
51,4_6,5.0,49582.6,Exp2018_032_setVI_HeLa_YFP-AstrinWT_CENPBdsRed_GFP_mcherry_01_R3D_D3D_Z0_C0_T04.tif,39636.02890267799,26953.9475,37305.2,Exp2018_032_setVI_HeLa_YFP-AstrinWT_CENPBdsRed_GFP_mcherry_01_R3D_D3D_Z0_C1_T04.tif,26431.60842651757,13127.2225
52,4_7,5.0,35180.4,Exp2018_032_setVI_HeLa_YFP-AstrinWT_CENPBdsRed_GFP_mcherry_01_R3D_D3D_Z0_C0_T04.tif,39636.02890267799,26953.9475,36421.2,Exp2018_032_setVI_HeLa_YFP-AstrinWT_CENPBdsRed_GFP_mcherry_01_R3D_D3D_Z0_C1_T04.tif,26431.60842651757,13127.2225
53,4_8,21.0,38689.09523809524,Exp2018_032_setVI_HeLa_YFP-AstrinWT_CENPBdsRed_GFP_mcherry_01_R3D_D3D_Z0_C0_T04.tif,39636.02890267799,26953.9475,42458.95238095238,Exp2018_032_setVI_HeLa_YFP-AstrinWT_CENPBdsRed_GFP_mcherry_01_R3D_D3D_Z0_C1_T04.tif,26431.60842651757,13127.2225
54,5_1,5.0,51316.2,Exp2018_032_setVI_HeLa_YFP-AstrinWT_CENPBdsRed_GFP_mcherry_01_R3D_D3D_Z0_C0_T05.tif,39628.17373962986,26739.275,36759.2,Exp2018_032_setVI_HeLa_YFP-AstrinWT_CENPBdsRed_GFP_mcherry_01_R3D_D3D_Z0_C1_T05.tif,26652.077893472167,13259.72
55,5_2,17.0,33788.23529411765,Exp2018_032_setVI_HeLa_YFP-AstrinWT_CENPBdsRed_GFP_mcherry_01_R3D_D3D_Z0_C0_T05.tif,39628.17373962986,26739.275,45109.35294117647,Exp2018_032_setVI_HeLa_YFP-AstrinWT_CENPBdsRed_GFP_mcherry_01_R3D_D3D_Z0_C1_T05.tif,26652.077893472167,13259.72
56,5_3,5.0,32924.6,Exp2018_032_setVI_HeLa_YFP-AstrinWT_CENPBdsRed_GFP_mcherry_01_R3D_D3D_Z0_C0_T05.tif,39628.17373962986,26739.275,47867.2,Exp2018_032_setVI_HeLa_YFP-AstrinWT_CENPBdsRed_GFP_mcherry_01_R3D_D3D_Z0_C1_T05.tif,26652.077893472167,13259.72
57,5_4,11.0,42947.63636363636,Exp2018_032_setVI_HeLa_YFP-AstrinWT_CENPBdsRed_GFP_mcherry_01_R3D_D3D_Z0_C0_T05.tif,39628.17373962986,26739.275,43318.181818181816,Exp2018_032_setVI_HeLa_YFP-AstrinWT_CENPBdsRed_GFP_mcherry_01_R3D_D3D_Z0_C1_T05.tif,26652.077893472167,13259.72
58,5_5,40.0,42544.025,Exp2018_032_setVI_HeLa_YFP-AstrinWT_CENPBdsRed_GFP_mcherry_01_R3D_D3D_Z0_C0_T05.tif,39628.17373962986,26739.275,43526.05,Exp2018_032_setVI_HeLa_YFP-AstrinWT_CENPBdsRed_GFP_mcherry_01_R3D_D3D_Z0_C1_T05.tif,26652.077893472167,13259.72
59,5_6,12.0,45701.25,Exp2018_032_setVI_HeLa_YFP-AstrinWT_CENPBdsRed_GFP_mcherry_01_R3D_D3D_Z0_C0_T05.tif,39628.17373962986,26739.275,41784.25,Exp2018_032_setVI_HeLa_YFP-AstrinWT_CENPBdsRed_GFP_mcherry_01_R3D_D3D_Z0_C1_T05.tif,26652.077893472167,13259.72
60,5_7,5.0,43609.2,Exp2018_032_setVI_HeLa_YFP-AstrinWT_CENPBdsRed_GFP_mcherry_01_R3D_D3D_Z0_C0_T05.tif,39628.17373962986,26739.275,27541.6,Exp2018_032_setVI_HeLa_YFP-AstrinWT_CENPBdsRed_GFP_mcherry_01_R3D_D3D_Z0_C1_T05.tif,26652.077893472167,13259.72
61,6_1,4.0,29425.75,Exp2018_032_setVI_HeLa_YFP-AstrinWT_CENPBdsRed_GFP_mcherry_01_R3D_D3D_Z0_C0_T06.tif,40052.23967449716,26777.9925,36089.25,Exp2018_032_setVI_HeLa_YFP-AstrinWT_CENPBdsRed_GFP_mcherry_01_R3D_D3D_Z0_C1_T06.tif,26662.130460565328,13482.7125
62,6_2,4.0,25818.25,Exp2018_032_setVI_HeLa_YFP-AstrinWT_CENPBdsRed_GFP_mcherry_01_R3D_D3D_Z0_C0_T06.tif,40052.23967449716,26777.9925,29088.0,Exp2018_032_setVI_HeLa_YFP-AstrinWT_CENPBdsRed_GFP_mcherry_01_R3D_D3D_Z0_C1_T06.tif,26662.130460565328,13482.7125
63,6_3,10.0,46756.2,Exp2018_032_setVI_HeLa_YFP-AstrinWT_CENPBdsRed_GFP_mcherry_01_R3D_D3D_Z0_C0_T06.tif,40052.23967449716,26777.9925,39239.0,Exp2018_032_setVI_HeLa_YFP-AstrinWT_CENPBdsRed_GFP_mcherry_01_R3D_D3D_Z0_C1_T06.tif,26662.130460565328,13482.7125
64,6_4,19.0,52433.15789473684,Exp2018_032_setVI_HeLa_YFP-AstrinWT_CENPBdsRed_GFP_mcherry_01_R3D_D3D_Z0_C0_T06.tif,40052.23967449716,26777.9925,45550.10526315789,Exp2018_032_setVI_HeLa_YFP-AstrinWT_CENPBdsRed_GFP_mcherry_01_R3D_D3D_Z0_C1_T06.tif,26662.130460565328,13482.7125
65,6_5,28.0,40617.28571428572,Exp2018_032_setVI_HeLa_YFP-AstrinWT_CENPBdsRed_GFP_mcherry_01_R3D_D3D_Z0_C0_T06.tif,40052.23967449716,26777.9925,48761.28571428572,Exp2018_032_setVI_HeLa_YFP-AstrinWT_CENPBdsRed_GFP_mcherry_01_R3D_D3D_Z0_C1_T06.tif,26662.130460565328,13482.7125
66,6_6,11.0,50136.72727272727,Exp2018_032_setVI_HeLa_YFP-AstrinWT_CENPBdsRed_GFP_mcherry_01_R3D_D3D_Z0_C0_T06.tif,40052.23967449716,26777.9925,37552.36363636364,Exp2018_032_setVI_HeLa_YFP-AstrinWT_CENPBdsRed_GFP_mcherry_01_R3D_D3D_Z0_C1_T06.tif,26662.130460565328,13482.7125
67,6_7,5.0,58640.0,Exp2018_032_setVI_HeLa_YFP-AstrinWT_CENPBdsRed_GFP_mcherry_01_R3D_D3D_Z0_C0_T06.tif,40052.23967449716,26777.9925,34536.8,Exp2018_032_setVI_HeLa_YFP-AstrinWT_CENPBdsRed_GFP_mcherry_01_R3D_D3D_Z0_C1_T06.tif,26662.130460565328,13482.7125
68,6_8,5.0,49580.8,Exp2018_032_setVI_HeLa_YFP-AstrinWT_CENPBdsRed_GFP_mcherry_01_R3D_D3D_Z0_C0_T06.tif,40052.23967449716,26777.9925,42041.6,Exp2018_032_setVI_HeLa_YFP-AstrinWT_CENPBdsRed_GFP_mcherry_01_R3D_D3D_Z0_C1_T06.tif,26662.130460565328,13482.7125
69,6_9,8.0,43641.5,Exp2018_032_setVI_HeLa_YFP-AstrinWT_CENPBdsRed_GFP_mcherry_01_R3D_D3D_Z0_C0_T06.tif,40052.23967449716,26777.9925,38961.125,Exp2018_032_setVI_HeLa_YFP-AstrinWT_CENPBdsRed_GFP_mcherry_01_R3D_D3D_Z0_C1_T06.tif,26662.130460565328,13482.7125
70,6_10,21.0,45245.0,Exp2018_032_setVI_HeLa_YFP-AstrinWT_CENPBdsRed_GFP_mcherry_01_R3D_D3D_Z0_C0_T06.tif,40052.23967449716,26777.9925,33432.142857142855,Exp2018_032_setVI_HeLa_YFP-AstrinWT_CENPBdsRed_GFP_mcherry_01_R3D_D3D_Z0_C1_T06.tif,26662.130460565328,13482.7125
71,6_11,5.0,56573.8,Exp2018_032_setVI_HeLa_YFP-AstrinWT_CENPBdsRed_GFP_mcherry_01_R3D_D3D_Z0_C0_T06.tif,40052.23967449716,26777.9925,36258.4,Exp2018_032_setVI_HeLa_YFP-AstrinWT_CENPBdsRed_GFP_mcherry_01_R3D_D3D_Z0_C1_T06.tif,26662.130460565328,13482.7125
72,6_12,5.0,39584.8,Exp2018_032_setVI_HeLa_YFP-AstrinWT_CENPBdsRed_GFP_mcherry_01_R3D_D3D_Z0_C0_T06.tif,40052.23967449716,26777.9925,30137.0,Exp2018_032_setVI_HeLa_YFP-AstrinWT_CENPBdsRed_GFP_mcherry_01_R3D_D3D_Z0_C1_T06.tif,26662.130460565328,13482.7125
73,6_13,18.0,47505.11111111111,Exp2018_032_setVI_HeLa_YFP-AstrinWT_CENPBdsRed_GFP_mcherry_01_R3D_D3D_Z0_C0_T06.tif,40052.23967449716,26777.9925,31642.166666666668,Exp2018_032_setVI_HeLa_YFP-AstrinWT_CENPBdsRed_GFP_mcherry_01_R3D_D3D_Z0_C1_T06.tif,26662.130460565328,13482.7125
74,6_14,5.0,51774.0,Exp2018_032_setVI_HeLa_YFP-AstrinWT_CENPBdsRed_GFP_mcherry_01_R3D_D3D_Z0_C0_T06.tif,40052.23967449716,26777.9925,37692.2,Exp2018_032_setVI_HeLa_YFP-AstrinWT_CENPBdsRed_GFP_mcherry_01_R3D_D3D_Z0_C1_T06.tif,26662.130460565328,13482.7125
75,7_1,18.0,36550.0,Exp2018_032_setVI_HeLa_YFP-AstrinWT_CENPBdsRed_GFP_mcherry_01_R3D_D3D_Z0_C0_T07.tif,38251.09366804046,26291.3475,45045.166666666664,Exp2018_032_setVI_HeLa_YFP-AstrinWT_CENPBdsRed_GFP_mcherry_01_R3D_D3D_Z0_C1_T07.tif,26917.159067249635,13322.52
76,7_2,5.0,60504.6,Exp2018_032_setVI_HeLa_YFP-AstrinWT_CENPBdsRed_GFP_mcherry_01_R3D_D3D_Z0_C0_T07.tif,38251.09366804046,26291.3475,39418.6,Exp2018_032_setVI_HeLa_YFP-AstrinWT_CENPBdsRed_GFP_mcherry_01_R3D_D3D_Z0_C1_T07.tif,26917.159067249635,13322.52
77,7_3,5.0,53833.2,Exp2018_032_setVI_HeLa_YFP-AstrinWT_CENPBdsRed_GFP_mcherry_01_R3D_D3D_Z0_C0_T07.tif,38251.09366804046,26291.3475,39235.6,Exp2018_032_setVI_HeLa_YFP-AstrinWT_CENPBdsRed_GFP_mcherry_01_R3D_D3D_Z0_C1_T07.tif,26917.159067249635,13322.52
78,7_4,5.0,38528.2,Exp2018_032_setVI_HeLa_YFP-AstrinWT_CENPBdsRed_GFP_mcherry_01_R3D_D3D_Z0_C0_T07.tif,38251.09366804046,26291.3475,44328.6,Exp2018_032_setVI_HeLa_YFP-AstrinWT_CENPBdsRed_GFP_mcherry_01_R3D_D3D_Z0_C1_T07.tif,26917.159067249635,13322.52
79,7_5,9.0,42274.555555555555,Exp2018_032_setVI_HeLa_YFP-AstrinWT_CENPBdsRed_GFP_mcherry_01_R3D_D3D_Z0_C0_T07.tif,38251.09366804046,26291.3475,38593.0,Exp2018_032_setVI_HeLa_YFP-AstrinWT_CENPBdsRed_GFP_mcherry_01_R3D_D3D_Z0_C1_T07.tif,26917.159067249635,13322.52
80,7_6,16.0,42258.1875,Exp2018_032_setVI_HeLa_YFP-AstrinWT_CENPBdsRed_GFP_mcherry_01_R3D_D3D_Z0_C0_T07.tif,38251.09366804046,26291.3475,41618.6875,Exp2018_032_setVI_HeLa_YFP-AstrinWT_CENPBdsRed_GFP_mcherry_01_R3D_D3D_Z0_C1_T07.tif,26917.159067249635,13322.52
81,7_7,5.0,41457.4,Exp2018_032_setVI_HeLa_YFP-AstrinWT_CENPBdsRed_GFP_mcherry_01_R3D_D3D_Z0_C0_T07.tif,38251.09366804046,26291.3475,42747.8,Exp2018_032_setVI_HeLa_YFP-AstrinWT_CENPBdsRed_GFP_mcherry_01_R3D_D3D_Z0_C1_T07.tif,26917.159067249635,13322.52
82,7_8,5.0,37051.0,Exp2018_032_setVI_HeLa_YFP-AstrinWT_CENPBdsRed_GFP_mcherry_01_R3D_D3D_Z0_C0_T07.tif,38251.09366804046,26291.3475,32103.4,Exp2018_032_setVI_HeLa_YFP-AstrinWT_CENPBdsRed_GFP_mcherry_01_R3D_D3D_Z0_C1_T07.tif,26917.159067249635,13322.52
83,7_9,35.0,38152.2,Exp2018_032_setVI_HeLa_YFP-AstrinWT_CENPBdsRed_GFP_mcherry_01_R3D_D3D_Z0_C0_T07.tif,38251.09366804046,26291.3475,42130.28571428572,Exp2018_032_setVI_HeLa_YFP-AstrinWT_CENPBdsRed_GFP_mcherry_01_R3D_D3D_Z0_C1_T07.tif,26917.159067249635,13322.52
84,7_10,5.0,44238.4,Exp2018_032_setVI_HeLa_YFP-AstrinWT_CENPBdsRed_GFP_mcherry_01_R3D_D3D_Z0_C0_T07.tif,38251.09366804046,26291.3475,38692.6,Exp2018_032_setVI_HeLa_YFP-AstrinWT_CENPBdsRed_GFP_mcherry_01_R3D_D3D_Z0_C1_T07.tif,26917.159067249635,13322.52
85,7_11,8.0,39866.0,Exp2018_032_setVI_HeLa_YFP-AstrinWT_CENPBdsRed_GFP_mcherry_01_R3D_D3D_Z0_C0_T07.tif,38251.09366804046,26291.3475,46224.75,Exp2018_032_setVI_HeLa_YFP-AstrinWT_CENPBdsRed_GFP_mcherry_01_R3D_D3D_Z0_C1_T07.tif,26917.159067249635,13322.52
86,7_12,5.0,43935.6,Exp2018_032_setVI_HeLa_YFP-AstrinWT_CENPBdsRed_GFP_mcherry_01_R3D_D3D_Z0_C0_T07.tif,38251.09366804046,26291.3475,31409.0,Exp2018_032_setVI_HeLa_YFP-AstrinWT_CENPBdsRed_GFP_mcherry_01_R3D_D3D_Z0_C1_T07.tif,26917.159067249635,13322.52
87,8_1,4.0,28302.75,Exp2018_032_setVI_HeLa_YFP-AstrinWT_CENPBdsRed_GFP_mcherry_01_R3D_D3D_Z0_C0_T08.tif,37966.67018248786,26456.12,37457.0,Exp2018_032_setVI_HeLa_YFP-AstrinWT_CENPBdsRed_GFP_mcherry_01_R3D_D3D_Z0_C1_T08.tif,27195.250733752622,14333.82
88,8_2,4.0,30619.25,Exp2018_032_setVI_HeLa_YFP-AstrinWT_CENPBdsRed_GFP_mcherry_01_R3D_D3D_Z0_C0_T08.tif,37966.67018248786,26456.12,32424.5,Exp2018_032_setVI_HeLa_YFP-AstrinWT_CENPBdsRed_GFP_mcherry_01_R3D_D3D_Z0_C1_T08.tif,27195.250733752622,14333.82
89,8_3,5.0,32252.0,Exp2018_032_setVI_HeLa_YFP-AstrinWT_CENPBdsRed_GFP_mcherry_01_R3D_D3D_Z0_C0_T08.tif,37966.67018248786,26456.12,39797.0,Exp2018_032_setVI_HeLa_YFP-AstrinWT_CENPBdsRed_GFP_mcherry_01_R3D_D3D_Z0_C1_T08.tif,27195.250733752622,14333.82
90,8_4,10.0,43845.6,Exp2018_032_setVI_HeLa_YFP-AstrinWT_CENPBdsRed_GFP_mcherry_01_R3D_D3D_Z0_C0_T08.tif,37966.67018248786,26456.12,43316.3,Exp2018_032_setVI_HeLa_YFP-AstrinWT_CENPBdsRed_GFP_mcherry_01_R3D_D3D_Z0_C1_T08.tif,27195.250733752622,14333.82
91,8_5,5.0,43137.0,Exp2018_032_setVI_HeLa_YFP-AstrinWT_CENPBdsRed_GFP_mcherry_01_R3D_D3D_Z0_C0_T08.tif,37966.67018248786,26456.12,35523.8,Exp2018_032_setVI_HeLa_YFP-AstrinWT_CENPBdsRed_GFP_mcherry_01_R3D_D3D_Z0_C1_T08.tif,27195.250733752622,14333.82
92,8_6,5.0,44969.6,Exp2018_032_setVI_HeLa_YFP-AstrinWT_CENPBdsRed_GFP_mcherry_01_R3D_D3D_Z0_C0_T08.tif,37966.67018248786,26456.12,40993.6,Exp2018_032_setVI_HeLa_YFP-AstrinWT_CENPBdsRed_GFP_mcherry_01_R3D_D3D_Z0_C1_T08.tif,27195.250733752622,14333.82
93,8_7,23.0,45155.86956521739,Exp2018_032_setVI_HeLa_YFP-AstrinWT_CENPBdsRed_GFP_mcherry_01_R3D_D3D_Z0_C0_T08.tif,37966.67018248786,26456.12,32850.04347826087,Exp2018_032_setVI_HeLa_YFP-AstrinWT_CENPBdsRed_GFP_mcherry_01_R3D_D3D_Z0_C1_T08.tif,27195.250733752622,14333.82
94,8_8,39.0,41341.230769230766,Exp2018_032_setVI_HeLa_YFP-AstrinWT_CENPBdsRed_GFP_mcherry_01_R3D_D3D_Z0_C0_T08.tif,37966.67018248786,26456.12,43207.666666666664,Exp2018_032_setVI_HeLa_YFP-AstrinWT_CENPBdsRed_GFP_mcherry_01_R3D_D3D_Z0_C1_T08.tif,27195.250733752622,14333.82
95,8_9,5.0,41309.8,Exp2018_032_setVI_HeLa_YFP-AstrinWT_CENPBdsRed_GFP_mcherry_01_R3D_D3D_Z0_C0_T08.tif,37966.67018248786,26456.12,27896.6,Exp2018_032_setVI_HeLa_YFP-AstrinWT_CENPBdsRed_GFP_mcherry_01_R3D_D3D_Z0_C1_T08.tif,27195.250733752622,14333.82
96,9_1,4.0,27753.25,Exp2018_032_setVI_HeLa_YFP-AstrinWT_CENPBdsRed_GFP_mcherry_01_R3D_D3D_Z0_C0_T09.tif,38448.77770720864,26354.9725,38206.0,Exp2018_032_setVI_HeLa_YFP-AstrinWT_CENPBdsRed_GFP_mcherry_01_R3D_D3D_Z0_C1_T09.tif,26677.137674053734,13651.58
97,9_2,10.0,48724.3,Exp2018_032_setVI_HeLa_YFP-AstrinWT_CENPBdsRed_GFP_mcherry_01_R3D_D3D_Z0_C0_T09.tif,38448.77770720864,26354.9725,40333.9,Exp2018_032_setVI_HeLa_YFP-AstrinWT_CENPBdsRed_GFP_mcherry_01_R3D_D3D_Z0_C1_T09.tif,26677.137674053734,13651.58
98,9_3,9.0,51195.444444444445,Exp2018_032_setVI_HeLa_YFP-AstrinWT_CENPBdsRed_GFP_mcherry_01_R3D_D3D_Z0_C0_T09.tif,38448.77770720864,26354.9725,38867.444444444445,Exp2018_032_setVI_HeLa_YFP-AstrinWT_CENPBdsRed_GFP_mcherry_01_R3D_D3D_Z0_C1_T09.tif,26677.137674053734,13651.58
99,9_4,17.0,42006.294117647056,Exp2018_032_setVI_HeLa_YFP-AstrinWT_CENPBdsRed_GFP_mcherry_01_R3D_D3D_Z0_C0_T09.tif,38448.77770720864,26354.9725,42745.41176470588,Exp2018_032_setVI_HeLa_YFP-AstrinWT_CENPBdsRed_GFP_mcherry_01_R3D_D3D_Z0_C1_T09.tif,26677.137674053734,13651.58
100,9_5,5.0,55852.4,Exp2018_032_setVI_HeLa_YFP-AstrinWT_CENPBdsRed_GFP_mcherry_01_R3D_D3D_Z0_C0_T09.tif,38448.77770720864,26354.9725,36530.6,Exp2018_032_setVI_HeLa_YFP-AstrinWT_CENPBdsRed_GFP_mcherry_01_R3D_D3D_Z0_C1_T09.tif,26677.137674053734,13651.58
101,9_6,13.0,47993.92307692308,Exp2018_032_setVI_HeLa_YFP-AstrinWT_CENPBdsRed_GFP_mcherry_01_R3D_D3D_Z0_C0_T09.tif,38448.77770720864,26354.9725,31944.53846153846,Exp2018_032_setVI_HeLa_YFP-AstrinWT_CENPBdsRed_GFP_mcherry_01_R3D_D3D_Z0_C1_T09.tif,26677.137674053734,13651.58
102,9_7,5.0,40962.6,Exp2018_032_setVI_HeLa_YFP-AstrinWT_CENPBdsRed_GFP_mcherry_01_R3D_D3D_Z0_C0_T09.tif,38448.77770720864,26354.9725,37680.0,Exp2018_032_setVI_HeLa_YFP-AstrinWT_CENPBdsRed_GFP_mcherry_01_R3D_D3D_Z0_C1_T09.tif,26677.137674053734,13651.58
103,9_8,13.0,41371.692307692305,Exp2018_032_setVI_HeLa_YFP-AstrinWT_CENPBdsRed_GFP_mcherry_01_R3D_D3D_Z0_C0_T09.tif,38448.77770720864,26354.9725,36832.846153846156,Exp2018_032_setVI_HeLa_YFP-AstrinWT_CENPBdsRed_GFP_mcherry_01_R3D_D3D_Z0_C1_T09.tif,26677.137674053734,13651.58
104,9_9,9.0,32770.444444444445,Exp2018_032_setVI_HeLa_YFP-AstrinWT_CENPBdsRed_GFP_mcherry_01_R3D_D3D_Z0_C0_T09.tif,38448.77770720864,26354.9725,35912.666666666664,Exp2018_032_setVI_HeLa_YFP-AstrinWT_CENPBdsRed_GFP_mcherry_01_R3D_D3D_Z0_C1_T09.tif,26677.137674053734,13651.58
105,9_10,27.0,37446.555555555555,Exp2018_032_setVI_HeLa_YFP-AstrinWT_CENPBdsRed_GFP_mcherry_01_R3D_D3D_Z0_C0_T09.tif,38448.77770720864,26354.9725,33762.74074074074,Exp2018_032_setVI_HeLa_YFP-AstrinWT_CENPBdsRed_GFP_mcherry_01_R3D_D3D_Z0_C1_T09.tif,26677.137674053734,13651.58
106,10_1,4.0,32939.25,Exp2018_032_setVI_HeLa_YFP-AstrinWT_CENPBdsRed_GFP_mcherry_01_R3D_D3D_Z0_C0_T10.tif,38531.985886803435,26356.25,32531.25,Exp2018_032_setVI_HeLa_YFP-AstrinWT_CENPBdsRed_GFP_mcherry_01_R3D_D3D_Z0_C1_T10.tif,27448.76616288833,14070.3875
107,10_2,8.0,48293.375,Exp2018_032_setVI_HeLa_YFP-AstrinWT_CENPBdsRed_GFP_mcherry_01_R3D_D3D_Z0_C0_T10.tif,38531.985886803435,26356.25,45856.0,Exp2018_032_setVI_HeLa_YFP-AstrinWT_CENPBdsRed_GFP_mcherry_01_R3D_D3D_Z0_C1_T10.tif,27448.76616288833,14070.3875
108,10_3,8.0,47302.625,Exp2018_032_setVI_HeLa_YFP-AstrinWT_CENPBdsRed_GFP_mcherry_01_R3D_D3D_Z0_C0_T10.tif,38531.985886803435,26356.25,35684.5,Exp2018_032_setVI_HeLa_YFP-AstrinWT_CENPBdsRed_GFP_mcherry_01_R3D_D3D_Z0_C1_T10.tif,27448.76616288833,14070.3875
109,10_4,14.0,43360.21428571428,Exp2018_032_setVI_HeLa_YFP-AstrinWT_CENPBdsRed_GFP_mcherry_01_R3D_D3D_Z0_C0_T10.tif,38531.985886803435,26356.25,38886.42857142857,Exp2018_032_setVI_HeLa_YFP-AstrinWT_CENPBdsRed_GFP_mcherry_01_R3D_D3D_Z0_C1_T10.tif,27448.76616288833,14070.3875
110,10_5,53.0,43826.84905660377,Exp2018_032_setVI_HeLa_YFP-AstrinWT_CENPBdsRed_GFP_mcherry_01_R3D_D3D_Z0_C0_T10.tif,38531.985886803435,26356.25,37919.71698113208,Exp2018_032_setVI_HeLa_YFP-AstrinWT_CENPBdsRed_GFP_mcherry_01_R3D_D3D_Z0_C1_T10.tif,27448.76616288833,14070.3875
111,10_6,5.0,38588.8,Exp2018_032_setVI_HeLa_YFP-AstrinWT_CENPBdsRed_GFP_mcherry_01_R3D_D3D_Z0_C0_T10.tif,38531.985886803435,26356.25,30592.6,Exp2018_032_setVI_HeLa_YFP-AstrinWT_CENPBdsRed_GFP_mcherry_01_R3D_D3D_Z0_C1_T10.tif,27448.76616288833,14070.3875
112,10_7,5.0,34634.2,Exp2018_032_setVI_HeLa_YFP-AstrinWT_CENPBdsRed_GFP_mcherry_01_R3D_D3D_Z0_C0_T10.tif,38531.985886803435,26356.25,34758.0,Exp2018_032_setVI_HeLa_YFP-AstrinWT_CENPBdsRed_GFP_mcherry_01_R3D_D3D_Z0_C1_T10.tif,27448.76616288833,14070.3875
113,10_8,27.0,49255.444444444445,Exp2018_032_setVI_HeLa_YFP-AstrinWT_CENPBdsRed_GFP_mcherry_01_R3D_D3D_Z0_C0_T10.tif,38531.985886803435,26356.25,37430.96296296296,Exp2018_032_setVI_HeLa_YFP-AstrinWT_CENPBdsRed_GFP_mcherry_01_R3D_D3D_Z0_C1_T10.tif,27448.76616288833,14070.3875
114,10_9,5.0,34542.0,Exp2018_032_setVI_HeLa_YFP-AstrinWT_CENPBdsRed_GFP_mcherry_01_R3D_D3D_Z0_C0_T10.tif,38531.985886803435,26356.25,31921.6,Exp2018_032_setVI_HeLa_YFP-AstrinWT_CENPBdsRed_GFP_mcherry_01_R3D_D3D_Z0_C1_T10.tif,27448.76616288833,14070.3875
115,10_10,8.0,45672.25,Exp2018_032_setVI_HeLa_YFP-AstrinWT_CENPBdsRed_GFP_mcherry_01_R3D_D3D_Z0_C0_T10.tif,38531.985886803435,26356.25,28439.125,Exp2018_032_setVI_HeLa_YFP-AstrinWT_CENPBdsRed_GFP_mcherry_01_R3D_D3D_Z0_C1_T10.tif,27448.76616288833,14070.3875
116,10_11,9.0,46525.77777777778,Exp2018_032_setVI_HeLa_YFP-AstrinWT_CENPBdsRed_GFP_mcherry_01_R3D_D3D_Z0_C0_T10.tif,38531.985886803435,26356.25,34382.0,Exp2018_032_setVI_HeLa_YFP-AstrinWT_CENPBdsRed_GFP_mcherry_01_R3D_D3D_Z0_C1_T10.tif,27448.76616288833,14070.3875
117,11_1,65.0,48565.63076923077,Exp2018_032_setVI_HeLa_YFP-AstrinWT_CENPBdsRed_GFP_mcherry_01_R3D_D3D_Z1_C0_T00.tif,39244.89387928592,24857.8025,45031.36923076923,Exp2018_032_setVI_HeLa_YFP-AstrinWT_CENPBdsRed_GFP_mcherry_01_R3D_D3D_Z1_C1_T00.tif,26375.744965104685,13594.3675
118,11_2,5.0,35212.6,Exp2018_032_setVI_HeLa_YFP-AstrinWT_CENPBdsRed_GFP_mcherry_01_R3D_D3D_Z1_C0_T00.tif,39244.89387928592,24857.8025,36348.4,Exp2018_032_setVI_HeLa_YFP-AstrinWT_CENPBdsRed_GFP_mcherry_01_R3D_D3D_Z1_C1_T00.tif,26375.744965104685,13594.3675
119,11_3,17.0,50893.58823529412,Exp2018_032_setVI_HeLa_YFP-AstrinWT_CENPBdsRed_GFP_mcherry_01_R3D_D3D_Z1_C0_T00.tif,39244.89387928592,24857.8025,34882.05882352941,Exp2018_032_setVI_HeLa_YFP-AstrinWT_CENPBdsRed_GFP_mcherry_01_R3D_D3D_Z1_C1_T00.tif,26375.744965104685,13594.3675
120,11_4,27.0,41300.59259259259,Exp2018_032_setVI_HeLa_YFP-AstrinWT_CENPBdsRed_GFP_mcherry_01_R3D_D3D_Z1_C0_T00.tif,39244.89387928592,24857.8025,33804.37037037037,Exp2018_032_setVI_HeLa_YFP-AstrinWT_CENPBdsRed_GFP_mcherry_01_R3D_D3D_Z1_C1_T00.tif,26375.744965104685,13594.3675
121,11_5,5.0,38233.4,Exp2018_032_setVI_HeLa_YFP-AstrinWT_CENPBdsRed_GFP_mcherry_01_R3D_D3D_Z1_C0_T00.tif,39244.89387928592,24857.8025,38146.4,Exp2018_032_setVI_HeLa_YFP-AstrinWT_CENPBdsRed_GFP_mcherry_01_R3D_D3D_Z1_C1_T00.tif,26375.744965104685,13594.3675
122,11_6,5.0,38589.2,Exp2018_032_setVI_HeLa_YFP-AstrinWT_CENPBdsRed_GFP_mcherry_01_R3D_D3D_Z1_C0_T00.tif,39244.89387928592,24857.8025,38109.2,Exp2018_032_setVI_HeLa_YFP-AstrinWT_CENPBdsRed_GFP_mcherry_01_R3D_D3D_Z1_C1_T00.tif,26375.744965104685,13594.3675
123,11_7,8.0,32487.875,Exp2018_032_setVI_HeLa_YFP-AstrinWT_CENPBdsRed_GFP_mcherry_01_R3D_D3D_Z1_C0_T00.tif,39244.89387928592,24857.8025,25133.125,Exp2018_032_setVI_HeLa_YFP-AstrinWT_CENPBdsRed_GFP_mcherry_01_R3D_D3D_Z1_C1_T00.tif,26375.744965104685,13594.3675
124,12_1,5.0,43768.0,Exp2018_032_setVI_HeLa_YFP-AstrinWT_CENPBdsRed_GFP_mcherry_01_R3D_D3D_Z1_C0_T01.tif,39317.59411516261,25512.52,31887.0,Exp2018_032_setVI_HeLa_YFP-AstrinWT_CENPBdsRed_GFP_mcherry_01_R3D_D3D_Z1_C1_T01.tif,25586.25472657044,12814.2925
125,12_2,5.0,59552.6,Exp2018_032_setVI_HeLa_YFP-AstrinWT_CENPBdsRed_GFP_mcherry_01_R3D_D3D_Z1_C0_T01.tif,39317.59411516261,25512.52,31685.6,Exp2018_032_setVI_HeLa_YFP-AstrinWT_CENPBdsRed_GFP_mcherry_01_R3D_D3D_Z1_C1_T01.tif,25586.25472657044,12814.2925
126,12_3,12.0,35385.166666666664,Exp2018_032_setVI_HeLa_YFP-AstrinWT_CENPBdsRed_GFP_mcherry_01_R3D_D3D_Z1_C0_T01.tif,39317.59411516261,25512.52,34925.75,Exp2018_032_setVI_HeLa_YFP-AstrinWT_CENPBdsRed_GFP_mcherry_01_R3D_D3D_Z1_C1_T01.tif,25586.25472657044,12814.2925
127,12_4,11.0,47278.09090909091,Exp2018_032_setVI_HeLa_YFP-AstrinWT_CENPBdsRed_GFP_mcherry_01_R3D_D3D_Z1_C0_T01.tif,39317.59411516261,25512.52,34896.27272727273,Exp2018_032_setVI_HeLa_YFP-AstrinWT_CENPBdsRed_GFP_mcherry_01_R3D_D3D_Z1_C1_T01.tif,25586.25472657044,12814.2925
128,12_5,13.0,45387.153846153844,Exp2018_032_setVI_HeLa_YFP-AstrinWT_CENPBdsRed_GFP_mcherry_01_R3D_D3D_Z1_C0_T01.tif,39317.59411516261,25512.52,39871.38461538462,Exp2018_032_setVI_HeLa_YFP-AstrinWT_CENPBdsRed_GFP_mcherry_01_R3D_D3D_Z1_C1_T01.tif,25586.25472657044,12814.2925
129,12_6,5.0,36275.4,Exp2018_032_setVI_HeLa_YFP-AstrinWT_CENPBdsRed_GFP_mcherry_01_R3D_D3D_Z1_C0_T01.tif,39317.59411516261,25512.52,38609.4,Exp2018_032_setVI_HeLa_YFP-AstrinWT_CENPBdsRed_GFP_mcherry_01_R3D_D3D_Z1_C1_T01.tif,25586.25472657044,12814.2925
130,12_7,61.0,45060.86885245902,Exp2018_032_setVI_HeLa_YFP-AstrinWT_CENPBdsRed_GFP_mcherry_01_R3D_D3D_Z1_C0_T01.tif,39317.59411516261,25512.52,39021.29508196721,Exp2018_032_setVI_HeLa_YFP-AstrinWT_CENPBdsRed_GFP_mcherry_01_R3D_D3D_Z1_C1_T01.tif,25586.25472657044,12814.2925
131,12_8,14.0,54259.71428571428,Exp2018_032_setVI_HeLa_YFP-AstrinWT_CENPBdsRed_GFP_mcherry_01_R3D_D3D_Z1_C0_T01.tif,39317.59411516261,25512.52,36723.142857142855,Exp2018_032_setVI_HeLa_YFP-AstrinWT_CENPBdsRed_GFP_mcherry_01_R3D_D3D_Z1_C1_T01.tif,25586.25472657044,12814.2925
132,12_9,16.0,41886.0,Exp2018_032_setVI_HeLa_YFP-AstrinWT_CENPBdsRed_GFP_mcherry_01_R3D_D3D_Z1_C0_T01.tif,39317.59411516261,25512.52,39378.75,Exp2018_032_setVI_HeLa_YFP-AstrinWT_CENPBdsRed_GFP_mcherry_01_R3D_D3D_Z1_C1_T01.tif,25586.25472657044,12814.2925
133,12_10,32.0,43472.75,Exp2018_032_setVI_HeLa_YFP-AstrinWT_CENPBdsRed_GFP_mcherry_01_R3D_D3D_Z1_C0_T01.tif,39317.59411516261,25512.52,35013.625,Exp2018_032_setVI_HeLa_YFP-AstrinWT_CENPBdsRed_GFP_mcherry_01_R3D_D3D_Z1_C1_T01.tif,25586.25472657044,12814.2925
134,12_11,8.0,51709.25,Exp2018_032_setVI_HeLa_YFP-AstrinWT_CENPBdsRed_GFP_mcherry_01_R3D_D3D_Z1_C0_T01.tif,39317.59411516261,25512.52,36886.625,Exp2018_032_setVI_HeLa_YFP-AstrinWT_CENPBdsRed_GFP_mcherry_01_R3D_D3D_Z1_C1_T01.tif,25586.25472657044,12814.2925
135,12_12,11.0,38540.09090909091,Exp2018_032_setVI_HeLa_YFP-AstrinWT_CENPBdsRed_GFP_mcherry_01_R3D_D3D_Z1_C0_T01.tif,39317.59411516261,25512.52,35938.454545454544,Exp2018_032_setVI_HeLa_YFP-AstrinWT_CENPBdsRed_GFP_mcherry_01_R3D_D3D_Z1_C1_T01.tif,25586.25472657044,12814.2925
136,12_13,5.0,35220.2,Exp2018_032_setVI_HeLa_YFP-AstrinWT_CENPBdsRed_GFP_mcherry_01_R3D_D3D_Z1_C0_T01.tif,39317.59411516261,25512.52,30084.4,Exp2018_032_setVI_HeLa_YFP-AstrinWT_CENPBdsRed_GFP_mcherry_01_R3D_D3D_Z1_C1_T01.tif,25586.25472657044,12814.2925
137,12_14,23.0,40710.30434782609,Exp2018_032_setVI_HeLa_YFP-AstrinWT_CENPBdsRed_GFP_mcherry_01_R3D_D3D_Z1_C0_T01.tif,39317.59411516261,25512.52,29495.652173913044,Exp2018_032_setVI_HeLa_YFP-AstrinWT_CENPBdsRed_GFP_mcherry_01_R3D_D3D_Z1_C1_T01.tif,25586.25472657044,12814.2925
138,12_15,5.0,49150.0,Exp2018_032_setVI_HeLa_YFP-AstrinWT_CENPBdsRed_GFP_mcherry_01_R3D_D3D_Z1_C0_T01.tif,39317.59411516261,25512.52,31394.0,Exp2018_032_setVI_HeLa_YFP-AstrinWT_CENPBdsRed_GFP_mcherry_01_R3D_D3D_Z1_C1_T01.tif,25586.25472657044,12814.2925
139,12_16,5.0,29024.8,Exp2018_032_setVI_HeLa_YFP-AstrinWT_CENPBdsRed_GFP_mcherry_01_R3D_D3D_Z1_C0_T01.tif,39317.59411516261,25512.52,28403.6,Exp2018_032_setVI_HeLa_YFP-AstrinWT_CENPBdsRed_GFP_mcherry_01_R3D_D3D_Z1_C1_T01.tif,25586.25472657044,12814.2925
140,12_17,8.0,31964.25,Exp2018_032_setVI_HeLa_YFP-AstrinWT_CENPBdsRed_GFP_mcherry_01_R3D_D3D_Z1_C0_T01.tif,39317.59411516261,25512.52,29339.875,Exp2018_032_setVI_HeLa_YFP-AstrinWT_CENPBdsRed_GFP_mcherry_01_R3D_D3D_Z1_C1_T01.tif,25586.25472657044,12814.2925
141,12_18,26.0,31474.19230769231,Exp2018_032_setVI_HeLa_YFP-AstrinWT_CENPBdsRed_GFP_mcherry_01_R3D_D3D_Z1_C0_T01.tif,39317.59411516261,25512.52,24310.73076923077,Exp2018_032_setVI_HeLa_YFP-AstrinWT_CENPBdsRed_GFP_mcherry_01_R3D_D3D_Z1_C1_T01.tif,25586.25472657044,12814.2925
142,12_19,5.0,29224.6,Exp2018_032_setVI_HeLa_YFP-AstrinWT_CENPBdsRed_GFP_mcherry_01_R3D_D3D_Z1_C0_T01.tif,39317.59411516261,25512.52,23338.6,Exp2018_032_setVI_HeLa_YFP-AstrinWT_CENPBdsRed_GFP_mcherry_01_R3D_D3D_Z1_C1_T01.tif,25586.25472657044,12814.2925
143,13_1,6.0,32113.333333333332,Exp2018_032_setVI_HeLa_YFP-AstrinWT_CENPBdsRed_GFP_mcherry_01_R3D_D3D_Z1_C0_T02.tif,39874.05289492495,26336.685,36112.666666666664,Exp2018_032_setVI_HeLa_YFP-AstrinWT_CENPBdsRed_GFP_mcherry_01_R3D_D3D_Z1_C1_T02.tif,26614.710779501278,13131.21
144,13_2,5.0,33840.8,Exp2018_032_setVI_HeLa_YFP-AstrinWT_CENPBdsRed_GFP_mcherry_01_R3D_D3D_Z1_C0_T02.tif,39874.05289492495,26336.685,36701.0,Exp2018_032_setVI_HeLa_YFP-AstrinWT_CENPBdsRed_GFP_mcherry_01_R3D_D3D_Z1_C1_T02.tif,26614.710779501278,13131.21
145,13_3,11.0,53878.72727272727,Exp2018_032_setVI_HeLa_YFP-AstrinWT_CENPBdsRed_GFP_mcherry_01_R3D_D3D_Z1_C0_T02.tif,39874.05289492495,26336.685,41654.818181818184,Exp2018_032_setVI_HeLa_YFP-AstrinWT_CENPBdsRed_GFP_mcherry_01_R3D_D3D_Z1_C1_T02.tif,26614.710779501278,13131.21
146,13_4,36.0,49569.166666666664,Exp2018_032_setVI_HeLa_YFP-AstrinWT_CENPBdsRed_GFP_mcherry_01_R3D_D3D_Z1_C0_T02.tif,39874.05289492495,26336.685,42011.805555555555,Exp2018_032_setVI_HeLa_YFP-AstrinWT_CENPBdsRed_GFP_mcherry_01_R3D_D3D_Z1_C1_T02.tif,26614.710779501278,13131.21
147,13_5,5.0,36704.0,Exp2018_032_setVI_HeLa_YFP-AstrinWT_CENPBdsRed_GFP_mcherry_01_R3D_D3D_Z1_C0_T02.tif,39874.05289492495,26336.685,36960.2,Exp2018_032_setVI_HeLa_YFP-AstrinWT_CENPBdsRed_GFP_mcherry_01_R3D_D3D_Z1_C1_T02.tif,26614.710779501278,13131.21
148,13_6,8.0,54134.625,Exp2018_032_setVI_HeLa_YFP-AstrinWT_CENPBdsRed_GFP_mcherry_01_R3D_D3D_Z1_C0_T02.tif,39874.05289492495,26336.685,35021.5,Exp2018_032_setVI_HeLa_YFP-AstrinWT_CENPBdsRed_GFP_mcherry_01_R3D_D3D_Z1_C1_T02.tif,26614.710779501278,13131.21
149,13_7,57.0,45828.63157894737,Exp2018_032_setVI_HeLa_YFP-AstrinWT_CENPBdsRed_GFP_mcherry_01_R3D_D3D_Z1_C0_T02.tif,39874.05289492495,26336.685,41180.78947368421,Exp2018_032_setVI_HeLa_YFP-AstrinWT_CENPBdsRed_GFP_mcherry_01_R3D_D3D_Z1_C1_T02.tif,26614.710779501278,13131.21
150,13_8,11.0,41927.63636363636,Exp2018_032_setVI_HeLa_YFP-AstrinWT_CENPBdsRed_GFP_mcherry_01_R3D_D3D_Z1_C0_T02.tif,39874.05289492495,26336.685,38788.09090909091,Exp2018_032_setVI_HeLa_YFP-AstrinWT_CENPBdsRed_GFP_mcherry_01_R3D_D3D_Z1_C1_T02.tif,26614.710779501278,13131.21
151,13_9,13.0,49188.230769230766,Exp2018_032_setVI_HeLa_YFP-AstrinWT_CENPBdsRed_GFP_mcherry_01_R3D_D3D_Z1_C0_T02.tif,39874.05289492495,26336.685,37770.307692307695,Exp2018_032_setVI_HeLa_YFP-AstrinWT_CENPBdsRed_GFP_mcherry_01_R3D_D3D_Z1_C1_T02.tif,26614.710779501278,13131.21
152,13_10,11.0,48281.72727272727,Exp2018_032_setVI_HeLa_YFP-AstrinWT_CENPBdsRed_GFP_mcherry_01_R3D_D3D_Z1_C0_T02.tif,39874.05289492495,26336.685,30556.545454545456,Exp2018_032_setVI_HeLa_YFP-AstrinWT_CENPBdsRed_GFP_mcherry_01_R3D_D3D_Z1_C1_T02.tif,26614.710779501278,13131.21
153,14_1,32.0,47458.34375,Exp2018_032_setVI_HeLa_YFP-AstrinWT_CENPBdsRed_GFP_mcherry_01_R3D_D3D_Z1_C0_T03.tif,40084.875568354044,25756.895,45754.875,Exp2018_032_setVI_HeLa_YFP-AstrinWT_CENPBdsRed_GFP_mcherry_01_R3D_D3D_Z1_C1_T03.tif,25670.64514229637,12865.835
154,14_2,17.0,56232.41176470588,Exp2018_032_setVI_HeLa_YFP-AstrinWT_CENPBdsRed_GFP_mcherry_01_R3D_D3D_Z1_C0_T03.tif,40084.875568354044,25756.895,40236.0,Exp2018_032_setVI_HeLa_YFP-AstrinWT_CENPBdsRed_GFP_mcherry_01_R3D_D3D_Z1_C1_T03.tif,25670.64514229637,12865.835
155,14_3,80.0,45124.7,Exp2018_032_setVI_HeLa_YFP-AstrinWT_CENPBdsRed_GFP_mcherry_01_R3D_D3D_Z1_C0_T03.tif,40084.875568354044,25756.895,38815.55,Exp2018_032_setVI_HeLa_YFP-AstrinWT_CENPBdsRed_GFP_mcherry_01_R3D_D3D_Z1_C1_T03.tif,25670.64514229637,12865.835
156,14_4,18.0,49122.944444444445,Exp2018_032_setVI_HeLa_YFP-AstrinWT_CENPBdsRed_GFP_mcherry_01_R3D_D3D_Z1_C0_T03.tif,40084.875568354044,25756.895,31613.277777777777,Exp2018_032_setVI_HeLa_YFP-AstrinWT_CENPBdsRed_GFP_mcherry_01_R3D_D3D_Z1_C1_T03.tif,25670.64514229637,12865.835
157,14_5,5.0,37814.8,Exp2018_032_setVI_HeLa_YFP-AstrinWT_CENPBdsRed_GFP_mcherry_01_R3D_D3D_Z1_C0_T03.tif,40084.875568354044,25756.895,22039.0,Exp2018_032_setVI_HeLa_YFP-AstrinWT_CENPBdsRed_GFP_mcherry_01_R3D_D3D_Z1_C1_T03.tif,25670.64514229637,12865.835
158,14_6,5.0,29827.4,Exp2018_032_setVI_HeLa_YFP-AstrinWT_CENPBdsRed_GFP_mcherry_01_R3D_D3D_Z1_C0_T03.tif,40084.875568354044,25756.895,37689.2,Exp2018_032_setVI_HeLa_YFP-AstrinWT_CENPBdsRed_GFP_mcherry_01_R3D_D3D_Z1_C1_T03.tif,25670.64514229637,12865.835
159,15_1,4.0,29610.0,Exp2018_032_setVI_HeLa_YFP-AstrinWT_CENPBdsRed_GFP_mcherry_01_R3D_D3D_Z1_C0_T04.tif,39224.13801738106,25784.555,39456.0,Exp2018_032_setVI_HeLa_YFP-AstrinWT_CENPBdsRed_GFP_mcherry_01_R3D_D3D_Z1_C1_T04.tif,25820.055787174904,12890.42
160,15_2,8.0,46934.375,Exp2018_032_setVI_HeLa_YFP-AstrinWT_CENPBdsRed_GFP_mcherry_01_R3D_D3D_Z1_C0_T04.tif,39224.13801738106,25784.555,31341.625,Exp2018_032_setVI_HeLa_YFP-AstrinWT_CENPBdsRed_GFP_mcherry_01_R3D_D3D_Z1_C1_T04.tif,25820.055787174904,12890.42
161,15_3,29.0,46261.275862068964,Exp2018_032_setVI_HeLa_YFP-AstrinWT_CENPBdsRed_GFP_mcherry_01_R3D_D3D_Z1_C0_T04.tif,39224.13801738106,25784.555,38714.275862068964,Exp2018_032_setVI_HeLa_YFP-AstrinWT_CENPBdsRed_GFP_mcherry_01_R3D_D3D_Z1_C1_T04.tif,25820.055787174904,12890.42
162,15_4,27.0,50013.22222222222,Exp2018_032_setVI_HeLa_YFP-AstrinWT_CENPBdsRed_GFP_mcherry_01_R3D_D3D_Z1_C0_T04.tif,39224.13801738106,25784.555,37254.62962962963,Exp2018_032_setVI_HeLa_YFP-AstrinWT_CENPBdsRed_GFP_mcherry_01_R3D_D3D_Z1_C1_T04.tif,25820.055787174904,12890.42
163,15_5,5.0,43244.2,Exp2018_032_setVI_HeLa_YFP-AstrinWT_CENPBdsRed_GFP_mcherry_01_R3D_D3D_Z1_C0_T04.tif,39224.13801738106,25784.555,40461.0,Exp2018_032_setVI_HeLa_YFP-AstrinWT_CENPBdsRed_GFP_mcherry_01_R3D_D3D_Z1_C1_T04.tif,25820.055787174904,12890.42
164,15_6,23.0,52798.13043478261,Exp2018_032_setVI_HeLa_YFP-AstrinWT_CENPBdsRed_GFP_mcherry_01_R3D_D3D_Z1_C0_T04.tif,39224.13801738106,25784.555,36519.65217391304,Exp2018_032_setVI_HeLa_YFP-AstrinWT_CENPBdsRed_GFP_mcherry_01_R3D_D3D_Z1_C1_T04.tif,25820.055787174904,12890.42
165,15_7,5.0,43172.2,Exp2018_032_setVI_HeLa_YFP-AstrinWT_CENPBdsRed_GFP_mcherry_01_R3D_D3D_Z1_C0_T04.tif,39224.13801738106,25784.555,42312.4,Exp2018_032_setVI_HeLa_YFP-AstrinWT_CENPBdsRed_GFP_mcherry_01_R3D_D3D_Z1_C1_T04.tif,25820.055787174904,12890.42
166,15_8,5.0,53140.4,Exp2018_032_setVI_HeLa_YFP-AstrinWT_CENPBdsRed_GFP_mcherry_01_R3D_D3D_Z1_C0_T04.tif,39224.13801738106,25784.555,26755.0,Exp2018_032_setVI_HeLa_YFP-AstrinWT_CENPBdsRed_GFP_mcherry_01_R3D_D3D_Z1_C1_T04.tif,25820.055787174904,12890.42
167,15_9,24.0,48511.125,Exp2018_032_setVI_HeLa_YFP-AstrinWT_CENPBdsRed_GFP_mcherry_01_R3D_D3D_Z1_C0_T04.tif,39224.13801738106,25784.555,41956.458333333336,Exp2018_032_setVI_HeLa_YFP-AstrinWT_CENPBdsRed_GFP_mcherry_01_R3D_D3D_Z1_C1_T04.tif,25820.055787174904,12890.42
168,15_10,5.0,37677.8,Exp2018_032_setVI_HeLa_YFP-AstrinWT_CENPBdsRed_GFP_mcherry_01_R3D_D3D_Z1_C0_T04.tif,39224.13801738106,25784.555,25551.4,Exp2018_032_setVI_HeLa_YFP-AstrinWT_CENPBdsRed_GFP_mcherry_01_R3D_D3D_Z1_C1_T04.tif,25820.055787174904,12890.42
169,15_11,5.0,42879.4,Exp2018_032_setVI_HeLa_YFP-AstrinWT_CENPBdsRed_GFP_mcherry_01_R3D_D3D_Z1_C0_T04.tif,39224.13801738106,25784.555,29906.0,Exp2018_032_setVI_HeLa_YFP-AstrinWT_CENPBdsRed_GFP_mcherry_01_R3D_D3D_Z1_C1_T04.tif,25820.055787174904,12890.42
170,15_12,5.0,47115.6,Exp2018_032_setVI_HeLa_YFP-AstrinWT_CENPBdsRed_GFP_mcherry_01_R3D_D3D_Z1_C0_T04.tif,39224.13801738106,25784.555,30575.0,Exp2018_032_setVI_HeLa_YFP-AstrinWT_CENPBdsRed_GFP_mcherry_01_R3D_D3D_Z1_C1_T04.tif,25820.055787174904,12890.42
171,15_13,10.0,44056.9,Exp2018_032_setVI_HeLa_YFP-AstrinWT_CENPBdsRed_GFP_mcherry_01_R3D_D3D_Z1_C0_T04.tif,39224.13801738106,25784.555,27346.5,Exp2018_032_setVI_HeLa_YFP-AstrinWT_CENPBdsRed_GFP_mcherry_01_R3D_D3D_Z1_C1_T04.tif,25820.055787174904,12890.42
172,16_1,4.0,35664.25,Exp2018_032_setVI_HeLa_YFP-AstrinWT_CENPBdsRed_GFP_mcherry_01_R3D_D3D_Z1_C0_T05.tif,39617.33893386284,25988.73,40156.25,Exp2018_032_setVI_HeLa_YFP-AstrinWT_CENPBdsRed_GFP_mcherry_01_R3D_D3D_Z1_C1_T05.tif,26045.737152143003,13359.9275
173,16_2,6.0,32839.833333333336,Exp2018_032_setVI_HeLa_YFP-AstrinWT_CENPBdsRed_GFP_mcherry_01_R3D_D3D_Z1_C0_T05.tif,39617.33893386284,25988.73,29899.666666666668,Exp2018_032_setVI_HeLa_YFP-AstrinWT_CENPBdsRed_GFP_mcherry_01_R3D_D3D_Z1_C1_T05.tif,26045.737152143003,13359.9275
174,16_3,8.0,57686.875,Exp2018_032_setVI_HeLa_YFP-AstrinWT_CENPBdsRed_GFP_mcherry_01_R3D_D3D_Z1_C0_T05.tif,39617.33893386284,25988.73,33618.375,Exp2018_032_setVI_HeLa_YFP-AstrinWT_CENPBdsRed_GFP_mcherry_01_R3D_D3D_Z1_C1_T05.tif,26045.737152143003,13359.9275
175,16_4,13.0,41639.61538461538,Exp2018_032_setVI_HeLa_YFP-AstrinWT_CENPBdsRed_GFP_mcherry_01_R3D_D3D_Z1_C0_T05.tif,39617.33893386284,25988.73,38690.153846153844,Exp2018_032_setVI_HeLa_YFP-AstrinWT_CENPBdsRed_GFP_mcherry_01_R3D_D3D_Z1_C1_T05.tif,26045.737152143003,13359.9275
176,16_5,5.0,57818.0,Exp2018_032_setVI_HeLa_YFP-AstrinWT_CENPBdsRed_GFP_mcherry_01_R3D_D3D_Z1_C0_T05.tif,39617.33893386284,25988.73,37727.2,Exp2018_032_setVI_HeLa_YFP-AstrinWT_CENPBdsRed_GFP_mcherry_01_R3D_D3D_Z1_C1_T05.tif,26045.737152143003,13359.9275
177,16_6,63.0,40574.269841269845,Exp2018_032_setVI_HeLa_YFP-AstrinWT_CENPBdsRed_GFP_mcherry_01_R3D_D3D_Z1_C0_T05.tif,39617.33893386284,25988.73,42751.09523809524,Exp2018_032_setVI_HeLa_YFP-AstrinWT_CENPBdsRed_GFP_mcherry_01_R3D_D3D_Z1_C1_T05.tif,26045.737152143003,13359.9275
178,16_7,5.0,39284.2,Exp2018_032_setVI_HeLa_YFP-AstrinWT_CENPBdsRed_GFP_mcherry_01_R3D_D3D_Z1_C0_T05.tif,39617.33893386284,25988.73,36123.4,Exp2018_032_setVI_HeLa_YFP-AstrinWT_CENPBdsRed_GFP_mcherry_01_R3D_D3D_Z1_C1_T05.tif,26045.737152143003,13359.9275
179,16_8,5.0,41166.4,Exp2018_032_setVI_HeLa_YFP-AstrinWT_CENPBdsRed_GFP_mcherry_01_R3D_D3D_Z1_C0_T05.tif,39617.33893386284,25988.73,41365.8,Exp2018_032_setVI_HeLa_YFP-AstrinWT_CENPBdsRed_GFP_mcherry_01_R3D_D3D_Z1_C1_T05.tif,26045.737152143003,13359.9275
180,16_9,39.0,46763.8717948718,Exp2018_032_setVI_HeLa_YFP-AstrinWT_CENPBdsRed_GFP_mcherry_01_R3D_D3D_Z1_C0_T05.tif,39617.33893386284,25988.73,40509.51282051282,Exp2018_032_setVI_HeLa_YFP-AstrinWT_CENPBdsRed_GFP_mcherry_01_R3D_D3D_Z1_C1_T05.tif,26045.737152143003,13359.9275
181,16_10,37.0,43207.83783783784,Exp2018_032_setVI_HeLa_YFP-AstrinWT_CENPBdsRed_GFP_mcherry_01_R3D_D3D_Z1_C0_T05.tif,39617.33893386284,25988.73,40727.27027027027,Exp2018_032_setVI_HeLa_YFP-AstrinWT_CENPBdsRed_GFP_mcherry_01_R3D_D3D_Z1_C1_T05.tif,26045.737152143003,13359.9275
182,16_11,18.0,40527.833333333336,Exp2018_032_setVI_HeLa_YFP-AstrinWT_CENPBdsRed_GFP_mcherry_01_R3D_D3D_Z1_C0_T05.tif,39617.33893386284,25988.73,31763.333333333332,Exp2018_032_setVI_HeLa_YFP-AstrinWT_CENPBdsRed_GFP_mcherry_01_R3D_D3D_Z1_C1_T05.tif,26045.737152143003,13359.9275
183,16_12,26.0,42592.269230769234,Exp2018_032_setVI_HeLa_YFP-AstrinWT_CENPBdsRed_GFP_mcherry_01_R3D_D3D_Z1_C0_T05.tif,39617.33893386284,25988.73,29884.576923076922,Exp2018_032_setVI_HeLa_YFP-AstrinWT_CENPBdsRed_GFP_mcherry_01_R3D_D3D_Z1_C1_T05.tif,26045.737152143003,13359.9275
184,16_13,8.0,33392.875,Exp2018_032_setVI_HeLa_YFP-AstrinWT_CENPBdsRed_GFP_mcherry_01_R3D_D3D_Z1_C0_T05.tif,39617.33893386284,25988.73,27602.125,Exp2018_032_setVI_HeLa_YFP-AstrinWT_CENPBdsRed_GFP_mcherry_01_R3D_D3D_Z1_C1_T05.tif,26045.737152143003,13359.9275
185,17_1,5.0,57381.6,Exp2018_032_setVI_HeLa_YFP-AstrinWT_CENPBdsRed_GFP_mcherry_01_R3D_D3D_Z1_C0_T06.tif,40082.13165266106,26424.195,41639.8,Exp2018_032_setVI_HeLa_YFP-AstrinWT_CENPBdsRed_GFP_mcherry_01_R3D_D3D_Z1_C1_T06.tif,26398.03111024694,13462.6575
186,17_2,34.0,40122.73529411765,Exp2018_032_setVI_HeLa_YFP-AstrinWT_CENPBdsRed_GFP_mcherry_01_R3D_D3D_Z1_C0_T06.tif,40082.13165266106,26424.195,45523.882352941175,Exp2018_032_setVI_HeLa_YFP-AstrinWT_CENPBdsRed_GFP_mcherry_01_R3D_D3D_Z1_C1_T06.tif,26398.03111024694,13462.6575
187,17_3,5.0,48213.6,Exp2018_032_setVI_HeLa_YFP-AstrinWT_CENPBdsRed_GFP_mcherry_01_R3D_D3D_Z1_C0_T06.tif,40082.13165266106,26424.195,37498.4,Exp2018_032_setVI_HeLa_YFP-AstrinWT_CENPBdsRed_GFP_mcherry_01_R3D_D3D_Z1_C1_T06.tif,26398.03111024694,13462.6575
188,17_4,5.0,41066.0,Exp2018_032_setVI_HeLa_YFP-AstrinWT_CENPBdsRed_GFP_mcherry_01_R3D_D3D_Z1_C0_T06.tif,40082.13165266106,26424.195,38477.4,Exp2018_032_setVI_HeLa_YFP-AstrinWT_CENPBdsRed_GFP_mcherry_01_R3D_D3D_Z1_C1_T06.tif,26398.03111024694,13462.6575
189,17_5,17.0,49566.35294117647,Exp2018_032_setVI_HeLa_YFP-AstrinWT_CENPBdsRed_GFP_mcherry_01_R3D_D3D_Z1_C0_T06.tif,40082.13165266106,26424.195,35549.17647058824,Exp2018_032_setVI_HeLa_YFP-AstrinWT_CENPBdsRed_GFP_mcherry_01_R3D_D3D_Z1_C1_T06.tif,26398.03111024694,13462.6575
190,17_6,5.0,54011.6,Exp2018_032_setVI_HeLa_YFP-AstrinWT_CENPBdsRed_GFP_mcherry_01_R3D_D3D_Z1_C0_T06.tif,40082.13165266106,26424.195,43419.0,Exp2018_032_setVI_HeLa_YFP-AstrinWT_CENPBdsRed_GFP_mcherry_01_R3D_D3D_Z1_C1_T06.tif,26398.03111024694,13462.6575
191,17_7,24.0,49701.25,Exp2018_032_setVI_HeLa_YFP-AstrinWT_CENPBdsRed_GFP_mcherry_01_R3D_D3D_Z1_C0_T06.tif,40082.13165266106,26424.195,40246.625,Exp2018_032_setVI_HeLa_YFP-AstrinWT_CENPBdsRed_GFP_mcherry_01_R3D_D3D_Z1_C1_T06.tif,26398.03111024694,13462.6575
192,17_8,5.0,37695.6,Exp2018_032_setVI_HeLa_YFP-AstrinWT_CENPBdsRed_GFP_mcherry_01_R3D_D3D_Z1_C0_T06.tif,40082.13165266106,26424.195,37960.6,Exp2018_032_setVI_HeLa_YFP-AstrinWT_CENPBdsRed_GFP_mcherry_01_R3D_D3D_Z1_C1_T06.tif,26398.03111024694,13462.6575
193,18_1,4.0,30904.75,Exp2018_032_setVI_HeLa_YFP-AstrinWT_CENPBdsRed_GFP_mcherry_01_R3D_D3D_Z1_C0_T07.tif,37663.37515743073,24966.285,35909.5,Exp2018_032_setVI_HeLa_YFP-AstrinWT_CENPBdsRed_GFP_mcherry_01_R3D_D3D_Z1_C1_T07.tif,25832.550443573346,13589.5675
194,18_2,4.0,28059.75,Exp2018_032_setVI_HeLa_YFP-AstrinWT_CENPBdsRed_GFP_mcherry_01_R3D_D3D_Z1_C0_T07.tif,37663.37515743073,24966.285,33668.75,Exp2018_032_setVI_HeLa_YFP-AstrinWT_CENPBdsRed_GFP_mcherry_01_R3D_D3D_Z1_C1_T07.tif,25832.550443573346,13589.5675
195,18_3,8.0,39064.25,Exp2018_032_setVI_HeLa_YFP-AstrinWT_CENPBdsRed_GFP_mcherry_01_R3D_D3D_Z1_C0_T07.tif,37663.37515743073,24966.285,39470.75,Exp2018_032_setVI_HeLa_YFP-AstrinWT_CENPBdsRed_GFP_mcherry_01_R3D_D3D_Z1_C1_T07.tif,25832.550443573346,13589.5675
196,18_4,10.0,44673.7,Exp2018_032_setVI_HeLa_YFP-AstrinWT_CENPBdsRed_GFP_mcherry_01_R3D_D3D_Z1_C0_T07.tif,37663.37515743073,24966.285,34372.9,Exp2018_032_setVI_HeLa_YFP-AstrinWT_CENPBdsRed_GFP_mcherry_01_R3D_D3D_Z1_C1_T07.tif,25832.550443573346,13589.5675
197,18_5,11.0,34478.63636363636,Exp2018_032_setVI_HeLa_YFP-AstrinWT_CENPBdsRed_GFP_mcherry_01_R3D_D3D_Z1_C0_T07.tif,37663.37515743073,24966.285,37678.545454545456,Exp2018_032_setVI_HeLa_YFP-AstrinWT_CENPBdsRed_GFP_mcherry_01_R3D_D3D_Z1_C1_T07.tif,25832.550443573346,13589.5675
198,18_6,5.0,52565.6,Exp2018_032_setVI_HeLa_YFP-AstrinWT_CENPBdsRed_GFP_mcherry_01_R3D_D3D_Z1_C0_T07.tif,37663.37515743073,24966.285,35808.2,Exp2018_032_setVI_HeLa_YFP-AstrinWT_CENPBdsRed_GFP_mcherry_01_R3D_D3D_Z1_C1_T07.tif,25832.550443573346,13589.5675
199,18_7,29.0,45017.55172413793,Exp2018_032_setVI_HeLa_YFP-AstrinWT_CENPBdsRed_GFP_mcherry_01_R3D_D3D_Z1_C0_T07.tif,37663.37515743073,24966.285,37655.44827586207,Exp2018_032_setVI_HeLa_YFP-AstrinWT_CENPBdsRed_GFP_mcherry_01_R3D_D3D_Z1_C1_T07.tif,25832.550443573346,13589.5675
200,18_8,38.0,50354.84210526316,Exp2018_032_setVI_HeLa_YFP-AstrinWT_CENPBdsRed_GFP_mcherry_01_R3D_D3D_Z1_C0_T07.tif,37663.37515743073,24966.285,38653.13157894737,Exp2018_032_setVI_HeLa_YFP-AstrinWT_CENPBdsRed_GFP_mcherry_01_R3D_D3D_Z1_C1_T07.tif,25832.550443573346,13589.5675
201,18_9,33.0,39115.72727272727,Exp2018_032_setVI_HeLa_YFP-AstrinWT_CENPBdsRed_GFP_mcherry_01_R3D_D3D_Z1_C0_T07.tif,37663.37515743073,24966.285,43277.36363636364,Exp2018_032_setVI_HeLa_YFP-AstrinWT_CENPBdsRed_GFP_mcherry_01_R3D_D3D_Z1_C1_T07.tif,25832.550443573346,13589.5675
202,18_10,63.0,42826.68253968254,Exp2018_032_setVI_HeLa_YFP-AstrinWT_CENPBdsRed_GFP_mcherry_01_R3D_D3D_Z1_C0_T07.tif,37663.37515743073,24966.285,38829.88888888889,Exp2018_032_setVI_HeLa_YFP-AstrinWT_CENPBdsRed_GFP_mcherry_01_R3D_D3D_Z1_C1_T07.tif,25832.550443573346,13589.5675
203,18_11,5.0,52160.8,Exp2018_032_setVI_HeLa_YFP-AstrinWT_CENPBdsRed_GFP_mcherry_01_R3D_D3D_Z1_C0_T07.tif,37663.37515743073,24966.285,30632.0,Exp2018_032_setVI_HeLa_YFP-AstrinWT_CENPBdsRed_GFP_mcherry_01_R3D_D3D_Z1_C1_T07.tif,25832.550443573346,13589.5675
204,18_12,32.0,45098.125,Exp2018_032_setVI_HeLa_YFP-AstrinWT_CENPBdsRed_GFP_mcherry_01_R3D_D3D_Z1_C0_T07.tif,37663.37515743073,24966.285,29725.90625,Exp2018_032_setVI_HeLa_YFP-AstrinWT_CENPBdsRed_GFP_mcherry_01_R3D_D3D_Z1_C1_T07.tif,25832.550443573346,13589.5675
205,18_13,5.0,60517.6,Exp2018_032_setVI_HeLa_YFP-AstrinWT_CENPBdsRed_GFP_mcherry_01_R3D_D3D_Z1_C0_T07.tif,37663.37515743073,24966.285,33678.6,Exp2018_032_setVI_HeLa_YFP-AstrinWT_CENPBdsRed_GFP_mcherry_01_R3D_D3D_Z1_C1_T07.tif,25832.550443573346,13589.5675
206,18_14,5.0,32939.0,Exp2018_032_setVI_HeLa_YFP-AstrinWT_CENPBdsRed_GFP_mcherry_01_R3D_D3D_Z1_C0_T07.tif,37663.37515743073,24966.285,29327.8,Exp2018_032_setVI_HeLa_YFP-AstrinWT_CENPBdsRed_GFP_mcherry_01_R3D_D3D_Z1_C1_T07.tif,25832.550443573346,13589.5675
207,18_15,8.0,34055.0,Exp2018_032_setVI_HeLa_YFP-AstrinWT_CENPBdsRed_GFP_mcherry_01_R3D_D3D_Z1_C0_T07.tif,37663.37515743073,24966.285,31453.0,Exp2018_032_setVI_HeLa_YFP-AstrinWT_CENPBdsRed_GFP_mcherry_01_R3D_D3D_Z1_C1_T07.tif,25832.550443573346,13589.5675
208,18_16,39.0,44157.692307692305,Exp2018_032_setVI_HeLa_YFP-AstrinWT_CENPBdsRed_GFP_mcherry_01_R3D_D3D_Z1_C0_T07.tif,37663.37515743073,24966.285,29948.51282051282,Exp2018_032_setVI_HeLa_YFP-AstrinWT_CENPBdsRed_GFP_mcherry_01_R3D_D3D_Z1_C1_T07.tif,25832.550443573346,13589.5675
209,18_17,5.0,39470.4,Exp2018_032_setVI_HeLa_YFP-AstrinWT_CENPBdsRed_GFP_mcherry_01_R3D_D3D_Z1_C0_T07.tif,37663.37515743073,24966.285,33589.8,Exp2018_032_setVI_HeLa_YFP-AstrinWT_CENPBdsRed_GFP_mcherry_01_R3D_D3D_Z1_C1_T07.tif,25832.550443573346,13589.5675
210,18_18,15.0,51755.666666666664,Exp2018_032_setVI_HeLa_YFP-AstrinWT_CENPBdsRed_GFP_mcherry_01_R3D_D3D_Z1_C0_T07.tif,37663.37515743073,24966.285,27559.866666666665,Exp2018_032_setVI_HeLa_YFP-AstrinWT_CENPBdsRed_GFP_mcherry_01_R3D_D3D_Z1_C1_T07.tif,25832.550443573346,13589.5675
211,18_19,8.0,35430.25,Exp2018_032_setVI_HeLa_YFP-AstrinWT_CENPBdsRed_GFP_mcherry_01_R3D_D3D_Z1_C0_T07.tif,37663.37515743073,24966.285,32030.375,Exp2018_032_setVI_HeLa_YFP-AstrinWT_CENPBdsRed_GFP_mcherry_01_R3D_D3D_Z1_C1_T07.tif,25832.550443573346,13589.5675
212,18_20,16.0,46089.375,Exp2018_032_setVI_HeLa_YFP-AstrinWT_CENPBdsRed_GFP_mcherry_01_R3D_D3D_Z1_C0_T07.tif,37663.37515743073,24966.285,27635.8125,Exp2018_032_setVI_HeLa_YFP-AstrinWT_CENPBdsRed_GFP_mcherry_01_R3D_D3D_Z1_C1_T07.tif,25832.550443573346,13589.5675
213,18_21,5.0,39430.0,Exp2018_032_setVI_HeLa_YFP-AstrinWT_CENPBdsRed_GFP_mcherry_01_R3D_D3D_Z1_C0_T07.tif,37663.37515743073,24966.285,25678.8,Exp2018_032_setVI_HeLa_YFP-AstrinWT_CENPBdsRed_GFP_mcherry_01_R3D_D3D_Z1_C1_T07.tif,25832.550443573346,13589.5675
214,18_22,5.0,34709.4,Exp2018_032_setVI_HeLa_YFP-AstrinWT_CENPBdsRed_GFP_mcherry_01_R3D_D3D_Z1_C0_T07.tif,37663.37515743073,24966.285,27241.6,Exp2018_032_setVI_HeLa_YFP-AstrinWT_CENPBdsRed_GFP_mcherry_01_R3D_D3D_Z1_C1_T07.tif,25832.550443573346,13589.5675
215,19_1,8.0,36029.625,Exp2018_032_setVI_HeLa_YFP-AstrinWT_CENPBdsRed_GFP_mcherry_01_R3D_D3D_Z1_C0_T08.tif,38065.64682972425,25278.8825,35433.5,Exp2018_032_setVI_HeLa_YFP-AstrinWT_CENPBdsRed_GFP_mcherry_01_R3D_D3D_Z1_C1_T08.tif,26374.732572115383,13710.935
216,19_2,5.0,63484.4,Exp2018_032_setVI_HeLa_YFP-AstrinWT_CENPBdsRed_GFP_mcherry_01_R3D_D3D_Z1_C0_T08.tif,38065.64682972425,25278.8825,40083.6,Exp2018_032_setVI_HeLa_YFP-AstrinWT_CENPBdsRed_GFP_mcherry_01_R3D_D3D_Z1_C1_T08.tif,26374.732572115383,13710.935
217,19_3,5.0,37852.8,Exp2018_032_setVI_HeLa_YFP-AstrinWT_CENPBdsRed_GFP_mcherry_01_R3D_D3D_Z1_C0_T08.tif,38065.64682972425,25278.8825,40108.0,Exp2018_032_setVI_HeLa_YFP-AstrinWT_CENPBdsRed_GFP_mcherry_01_R3D_D3D_Z1_C1_T08.tif,26374.732572115383,13710.935
218,19_4,5.0,42841.2,Exp2018_032_setVI_HeLa_YFP-AstrinWT_CENPBdsRed_GFP_mcherry_01_R3D_D3D_Z1_C0_T08.tif,38065.64682972425,25278.8825,35968.6,Exp2018_032_setVI_HeLa_YFP-AstrinWT_CENPBdsRed_GFP_mcherry_01_R3D_D3D_Z1_C1_T08.tif,26374.732572115383,13710.935
219,19_5,8.0,49015.25,Exp2018_032_setVI_HeLa_YFP-AstrinWT_CENPBdsRed_GFP_mcherry_01_R3D_D3D_Z1_C0_T08.tif,38065.64682972425,25278.8825,36942.25,Exp2018_032_setVI_HeLa_YFP-AstrinWT_CENPBdsRed_GFP_mcherry_01_R3D_D3D_Z1_C1_T08.tif,26374.732572115383,13710.935
220,19_6,8.0,44577.5,Exp2018_032_setVI_HeLa_YFP-AstrinWT_CENPBdsRed_GFP_mcherry_01_R3D_D3D_Z1_C0_T08.tif,38065.64682972425,25278.8825,38021.0,Exp2018_032_setVI_HeLa_YFP-AstrinWT_CENPBdsRed_GFP_mcherry_01_R3D_D3D_Z1_C1_T08.tif,26374.732572115383,13710.935
221,19_7,46.0,44855.217391304344,Exp2018_032_setVI_HeLa_YFP-AstrinWT_CENPBdsRed_GFP_mcherry_01_R3D_D3D_Z1_C0_T08.tif,38065.64682972425,25278.8825,40989.13043478261,Exp2018_032_setVI_HeLa_YFP-AstrinWT_CENPBdsRed_GFP_mcherry_01_R3D_D3D_Z1_C1_T08.tif,26374.732572115383,13710.935
222,19_8,12.0,49000.833333333336,Exp2018_032_setVI_HeLa_YFP-AstrinWT_CENPBdsRed_GFP_mcherry_01_R3D_D3D_Z1_C0_T08.tif,38065.64682972425,25278.8825,39307.166666666664,Exp2018_032_setVI_HeLa_YFP-AstrinWT_CENPBdsRed_GFP_mcherry_01_R3D_D3D_Z1_C1_T08.tif,26374.732572115383,13710.935
223,19_9,5.0,42984.6,Exp2018_032_setVI_HeLa_YFP-AstrinWT_CENPBdsRed_GFP_mcherry_01_R3D_D3D_Z1_C0_T08.tif,38065.64682972425,25278.8825,29926.6,Exp2018_032_setVI_HeLa_YFP-AstrinWT_CENPBdsRed_GFP_mcherry_01_R3D_D3D_Z1_C1_T08.tif,26374.732572115383,13710.935
224,19_10,10.0,43192.5,Exp2018_032_setVI_HeLa_YFP-AstrinWT_CENPBdsRed_GFP_mcherry_01_R3D_D3D_Z1_C0_T08.tif,38065.64682972425,25278.8825,33448.5,Exp2018_032_setVI_HeLa_YFP-AstrinWT_CENPBdsRed_GFP_mcherry_01_R3D_D3D_Z1_C1_T08.tif,26374.732572115383,13710.935
225,19_11,5.0,35623.4,Exp2018_032_setVI_HeLa_YFP-AstrinWT_CENPBdsRed_GFP_mcherry_01_R3D_D3D_Z1_C0_T08.tif,38065.64682972425,25278.8825,40157.4,Exp2018_032_setVI_HeLa_YFP-AstrinWT_CENPBdsRed_GFP_mcherry_01_R3D_D3D_Z1_C1_T08.tif,26374.732572115383,13710.935
226,19_12,11.0,42882.09090909091,Exp2018_032_setVI_HeLa_YFP-AstrinWT_CENPBdsRed_GFP_mcherry_01_R3D_D3D_Z1_C0_T08.tif,38065.64682972425,25278.8825,27636.18181818182,Exp2018_032_setVI_HeLa_YFP-AstrinWT_CENPBdsRed_GFP_mcherry_01_R3D_D3D_Z1_C1_T08.tif,26374.732572115383,13710.935
227,19_13,9.0,42495.444444444445,Exp2018_032_setVI_HeLa_YFP-AstrinWT_CENPBdsRed_GFP_mcherry_01_R3D_D3D_Z1_C0_T08.tif,38065.64682972425,25278.8825,39164.77777777778,Exp2018_032_setVI_HeLa_YFP-AstrinWT_CENPBdsRed_GFP_mcherry_01_R3D_D3D_Z1_C1_T08.tif,26374.732572115383,13710.935
228,19_14,5.0,29109.4,Exp2018_032_setVI_HeLa_YFP-AstrinWT_CENPBdsRed_GFP_mcherry_01_R3D_D3D_Z1_C0_T08.tif,38065.64682972425,25278.8825,18816.6,Exp2018_032_setVI_HeLa_YFP-AstrinWT_CENPBdsRed_GFP_mcherry_01_R3D_D3D_Z1_C1_T08.tif,26374.732572115383,13710.935
229,20_1,5.0,39601.6,Exp2018_032_setVI_HeLa_YFP-AstrinWT_CENPBdsRed_GFP_mcherry_01_R3D_D3D_Z1_C0_T09.tif,38629.97727626459,25593.4575,40877.8,Exp2018_032_setVI_HeLa_YFP-AstrinWT_CENPBdsRed_GFP_mcherry_01_R3D_D3D_Z1_C1_T09.tif,25992.85224958341,13683.755
230,20_2,4.0,33258.5,Exp2018_032_setVI_HeLa_YFP-AstrinWT_CENPBdsRed_GFP_mcherry_01_R3D_D3D_Z1_C0_T09.tif,38629.97727626459,25593.4575,38277.0,Exp2018_032_setVI_HeLa_YFP-AstrinWT_CENPBdsRed_GFP_mcherry_01_R3D_D3D_Z1_C1_T09.tif,25992.85224958341,13683.755
231,20_3,5.0,50237.6,Exp2018_032_setVI_HeLa_YFP-AstrinWT_CENPBdsRed_GFP_mcherry_01_R3D_D3D_Z1_C0_T09.tif,38629.97727626459,25593.4575,38951.8,Exp2018_032_setVI_HeLa_YFP-AstrinWT_CENPBdsRed_GFP_mcherry_01_R3D_D3D_Z1_C1_T09.tif,25992.85224958341,13683.755
232,20_4,36.0,40029.916666666664,Exp2018_032_setVI_HeLa_YFP-AstrinWT_CENPBdsRed_GFP_mcherry_01_R3D_D3D_Z1_C0_T09.tif,38629.97727626459,25593.4575,45250.0,Exp2018_032_setVI_HeLa_YFP-AstrinWT_CENPBdsRed_GFP_mcherry_01_R3D_D3D_Z1_C1_T09.tif,25992.85224958341,13683.755
233,20_5,5.0,37446.8,Exp2018_032_setVI_HeLa_YFP-AstrinWT_CENPBdsRed_GFP_mcherry_01_R3D_D3D_Z1_C0_T09.tif,38629.97727626459,25593.4575,38028.4,Exp2018_032_setVI_HeLa_YFP-AstrinWT_CENPBdsRed_GFP_mcherry_01_R3D_D3D_Z1_C1_T09.tif,25992.85224958341,13683.755
234,20_6,8.0,51601.75,Exp2018_032_setVI_HeLa_YFP-AstrinWT_CENPBdsRed_GFP_mcherry_01_R3D_D3D_Z1_C0_T09.tif,38629.97727626459,25593.4575,37687.75,Exp2018_032_setVI_HeLa_YFP-AstrinWT_CENPBdsRed_GFP_mcherry_01_R3D_D3D_Z1_C1_T09.tif,25992.85224958341,13683.755
235,20_7,8.0,46630.625,Exp2018_032_setVI_HeLa_YFP-AstrinWT_CENPBdsRed_GFP_mcherry_01_R3D_D3D_Z1_C0_T09.tif,38629.97727626459,25593.4575,36560.75,Exp2018_032_setVI_HeLa_YFP-AstrinWT_CENPBdsRed_GFP_mcherry_01_R3D_D3D_Z1_C1_T09.tif,25992.85224958341,13683.755
236,20_8,11.0,42780.0,Exp2018_032_setVI_HeLa_YFP-AstrinWT_CENPBdsRed_GFP_mcherry_01_R3D_D3D_Z1_C0_T09.tif,38629.97727626459,25593.4575,36604.72727272727,Exp2018_032_setVI_HeLa_YFP-AstrinWT_CENPBdsRed_GFP_mcherry_01_R3D_D3D_Z1_C1_T09.tif,25992.85224958341,13683.755
237,20_9,15.0,46385.6,Exp2018_032_setVI_HeLa_YFP-AstrinWT_CENPBdsRed_GFP_mcherry_01_R3D_D3D_Z1_C0_T09.tif,38629.97727626459,25593.4575,33102.86666666667,Exp2018_032_setVI_HeLa_YFP-AstrinWT_CENPBdsRed_GFP_mcherry_01_R3D_D3D_Z1_C1_T09.tif,25992.85224958341,13683.755
238,20_10,5.0,41318.2,Exp2018_032_setVI_HeLa_YFP-AstrinWT_CENPBdsRed_GFP_mcherry_01_R3D_D3D_Z1_C0_T09.tif,38629.97727626459,25593.4575,34792.8,Exp2018_032_setVI_HeLa_YFP-AstrinWT_CENPBdsRed_GFP_mcherry_01_R3D_D3D_Z1_C1_T09.tif,25992.85224958341,13683.755
239,20_11,23.0,40333.04347826087,Exp2018_032_setVI_HeLa_YFP-AstrinWT_CENPBdsRed_GFP_mcherry_01_R3D_D3D_Z1_C0_T09.tif,38629.97727626459,25593.4575,42705.391304347824,Exp2018_032_setVI_HeLa_YFP-AstrinWT_CENPBdsRed_GFP_mcherry_01_R3D_D3D_Z1_C1_T09.tif,25992.85224958341,13683.755
240,20_12,26.0,43471.346153846156,Exp2018_032_setVI_HeLa_YFP-AstrinWT_CENPBdsRed_GFP_mcherry_01_R3D_D3D_Z1_C0_T09.tif,38629.97727626459,25593.4575,31038.03846153846,Exp2018_032_setVI_HeLa_YFP-AstrinWT_CENPBdsRed_GFP_mcherry_01_R3D_D3D_Z1_C1_T09.tif,25992.85224958341,13683.755
241,20_13,5.0,45631.8,Exp2018_032_setVI_HeLa_YFP-AstrinWT_CENPBdsRed_GFP_mcherry_01_R3D_D3D_Z1_C0_T09.tif,38629.97727626459,25593.4575,38430.8,Exp2018_032_setVI_HeLa_YFP-AstrinWT_CENPBdsRed_GFP_mcherry_01_R3D_D3D_Z1_C1_T09.tif,25992.85224958341,13683.755
242,20_14,33.0,40397.42424242424,Exp2018_032_setVI_HeLa_YFP-AstrinWT_CENPBdsRed_GFP_mcherry_01_R3D_D3D_Z1_C0_T09.tif,38629.97727626459,25593.4575,29196.121212121212,Exp2018_032_setVI_HeLa_YFP-AstrinWT_CENPBdsRed_GFP_mcherry_01_R3D_D3D_Z1_C1_T09.tif,25992.85224958341,13683.755
243,20_15,5.0,39994.0,Exp2018_032_setVI_HeLa_YFP-AstrinWT_CENPBdsRed_GFP_mcherry_01_R3D_D3D_Z1_C0_T09.tif,38629.97727626459,25593.4575,22953.8,Exp2018_032_setVI_HeLa_YFP-AstrinWT_CENPBdsRed_GFP_mcherry_01_R3D_D3D_Z1_C1_T09.tif,25992.85224958341,13683.755
244,20_16,8.0,32588.625,Exp2018_032_setVI_HeLa_YFP-AstrinWT_CENPBdsRed_GFP_mcherry_01_R3D_D3D_Z1_C0_T09.tif,38629.97727626459,25593.4575,30598.625,Exp2018_032_setVI_HeLa_YFP-AstrinWT_CENPBdsRed_GFP_mcherry_01_R3D_D3D_Z1_C1_T09.tif,25992.85224958341,13683.755
245,21_1,9.0,41630.88888888889,Exp2018_032_setVI_HeLa_YFP-AstrinWT_CENPBdsRed_GFP_mcherry_01_R3D_D3D_Z1_C0_T10.tif,38628.13301832761,25779.565,44112.77777777778,Exp2018_032_setVI_HeLa_YFP-AstrinWT_CENPBdsRed_GFP_mcherry_01_R3D_D3D_Z1_C1_T10.tif,26910.946706586827,13685.9075
246,21_2,4.0,31491.5,Exp2018_032_setVI_HeLa_YFP-AstrinWT_CENPBdsRed_GFP_mcherry_01_R3D_D3D_Z1_C0_T10.tif,38628.13301832761,25779.565,35306.75,Exp2018_032_setVI_HeLa_YFP-AstrinWT_CENPBdsRed_GFP_mcherry_01_R3D_D3D_Z1_C1_T10.tif,26910.946706586827,13685.9075
247,21_3,8.0,49181.125,Exp2018_032_setVI_HeLa_YFP-AstrinWT_CENPBdsRed_GFP_mcherry_01_R3D_D3D_Z1_C0_T10.tif,38628.13301832761,25779.565,34963.75,Exp2018_032_setVI_HeLa_YFP-AstrinWT_CENPBdsRed_GFP_mcherry_01_R3D_D3D_Z1_C1_T10.tif,26910.946706586827,13685.9075
248,21_4,19.0,43995.36842105263,Exp2018_032_setVI_HeLa_YFP-AstrinWT_CENPBdsRed_GFP_mcherry_01_R3D_D3D_Z1_C0_T10.tif,38628.13301832761,25779.565,39484.47368421053,Exp2018_032_setVI_HeLa_YFP-AstrinWT_CENPBdsRed_GFP_mcherry_01_R3D_D3D_Z1_C1_T10.tif,26910.946706586827,13685.9075
249,21_5,13.0,42522.692307692305,Exp2018_032_setVI_HeLa_YFP-AstrinWT_CENPBdsRed_GFP_mcherry_01_R3D_D3D_Z1_C0_T10.tif,38628.13301832761,25779.565,41299.07692307692,Exp2018_032_setVI_HeLa_YFP-AstrinWT_CENPBdsRed_GFP_mcherry_01_R3D_D3D_Z1_C1_T10.tif,26910.946706586827,13685.9075
250,21_6,5.0,49249.6,Exp2018_032_setVI_HeLa_YFP-AstrinWT_CENPBdsRed_GFP_mcherry_01_R3D_D3D_Z1_C0_T10.tif,38628.13301832761,25779.565,33300.4,Exp2018_032_setVI_HeLa_YFP-AstrinWT_CENPBdsRed_GFP_mcherry_01_R3D_D3D_Z1_C1_T10.tif,26910.946706586827,13685.9075
251,21_7,5.0,39386.6,Exp2018_032_setVI_HeLa_YFP-AstrinWT_CENPBdsRed_GFP_mcherry_01_R3D_D3D_Z1_C0_T10.tif,38628.13301832761,25779.565,24743.2,Exp2018_032_setVI_HeLa_YFP-AstrinWT_CENPBdsRed_GFP_mcherry_01_R3D_D3D_Z1_C1_T10.tif,26910.946706586827,13685.9075
252,21_8,5.0,33038.0,Exp2018_032_setVI_HeLa_YFP-AstrinWT_CENPBdsRed_GFP_mcherry_01_R3D_D3D_Z1_C0_T10.tif,38628.13301832761,25779.565,36919.6,Exp2018_032_setVI_HeLa_YFP-AstrinWT_CENPBdsRed_GFP_mcherry_01_R3D_D3D_Z1_C1_T10.tif,26910.946706586827,13685.9075
253,21_9,8.0,49114.875,Exp2018_032_setVI_HeLa_YFP-AstrinWT_CENPBdsRed_GFP_mcherry_01_R3D_D3D_Z1_C0_T10.tif,38628.13301832761,25779.565,26141.0,Exp2018_032_setVI_HeLa_YFP-AstrinWT_CENPBdsRed_GFP_mcherry_01_R3D_D3D_Z1_C1_T10.tif,26910.946706586827,13685.9075
254,21_10,5.0,56343.8,Exp2018_032_setVI_HeLa_YFP-AstrinWT_CENPBdsRed_GFP_mcherry_01_R3D_D3D_Z1_C0_T10.tif,38628.13301832761,25779.565,35145.6,Exp2018_032_setVI_HeLa_YFP-AstrinWT_CENPBdsRed_GFP_mcherry_01_R3D_D3D_Z1_C1_T10.tif,26910.946706586827,13685.9075
255,21_11,5.0,32571.8,Exp2018_032_setVI_HeLa_YFP-AstrinWT_CENPBdsRed_GFP_mcherry_01_R3D_D3D_Z1_C0_T10.tif,38628.13301832761,25779.565,37570.2,Exp2018_032_setVI_HeLa_YFP-AstrinWT_CENPBdsRed_GFP_mcherry_01_R3D_D3D_Z1_C1_T10.tif,26910.946706586827,13685.9075
256,21_12,8.0,53529.0,Exp2018_032_setVI_HeLa_YFP-AstrinWT_CENPBdsRed_GFP_mcherry_01_R3D_D3D_Z1_C0_T10.tif,38628.13301832761,25779.565,31841.875,Exp2018_032_setVI_HeLa_YFP-AstrinWT_CENPBdsRed_GFP_mcherry_01_R3D_D3D_Z1_C1_T10.tif,26910.946706586827,13685.9075
257,22_1,5.0,33075.2,Exp2018_032_setVI_HeLa_YFP-AstrinWT_CENPBdsRed_GFP_mcherry_01_R3D_D3D_Z2_C0_T00.tif,40155.91433121019,25016.9325,36425.8,Exp2018_032_setVI_HeLa_YFP-AstrinWT_CENPBdsRed_GFP_mcherry_01_R3D_D3D_Z2_C1_T00.tif,26607.588247551572,13022.145
258,22_2,9.0,52939.666666666664,Exp2018_032_setVI_HeLa_YFP-AstrinWT_CENPBdsRed_GFP_mcherry_01_R3D_D3D_Z2_C0_T00.tif,40155.91433121019,25016.9325,43483.0,Exp2018_032_setVI_HeLa_YFP-AstrinWT_CENPBdsRed_GFP_mcherry_01_R3D_D3D_Z2_C1_T00.tif,26607.588247551572,13022.145
259,22_3,5.0,36876.8,Exp2018_032_setVI_HeLa_YFP-AstrinWT_CENPBdsRed_GFP_mcherry_01_R3D_D3D_Z2_C0_T00.tif,40155.91433121019,25016.9325,39917.4,Exp2018_032_setVI_HeLa_YFP-AstrinWT_CENPBdsRed_GFP_mcherry_01_R3D_D3D_Z2_C1_T00.tif,26607.588247551572,13022.145
260,22_4,22.0,49741.13636363636,Exp2018_032_setVI_HeLa_YFP-AstrinWT_CENPBdsRed_GFP_mcherry_01_R3D_D3D_Z2_C0_T00.tif,40155.91433121019,25016.9325,38228.72727272727,Exp2018_032_setVI_HeLa_YFP-AstrinWT_CENPBdsRed_GFP_mcherry_01_R3D_D3D_Z2_C1_T00.tif,26607.588247551572,13022.145
261,22_5,10.0,46205.5,Exp2018_032_setVI_HeLa_YFP-AstrinWT_CENPBdsRed_GFP_mcherry_01_R3D_D3D_Z2_C0_T00.tif,40155.91433121019,25016.9325,43584.1,Exp2018_032_setVI_HeLa_YFP-AstrinWT_CENPBdsRed_GFP_mcherry_01_R3D_D3D_Z2_C1_T00.tif,26607.588247551572,13022.145
262,22_6,8.0,55685.125,Exp2018_032_setVI_HeLa_YFP-AstrinWT_CENPBdsRed_GFP_mcherry_01_R3D_D3D_Z2_C0_T00.tif,40155.91433121019,25016.9325,40655.25,Exp2018_032_setVI_HeLa_YFP-AstrinWT_CENPBdsRed_GFP_mcherry_01_R3D_D3D_Z2_C1_T00.tif,26607.588247551572,13022.145
263,22_7,23.0,51271.391304347824,Exp2018_032_setVI_HeLa_YFP-AstrinWT_CENPBdsRed_GFP_mcherry_01_R3D_D3D_Z2_C0_T00.tif,40155.91433121019,25016.9325,43614.0,Exp2018_032_setVI_HeLa_YFP-AstrinWT_CENPBdsRed_GFP_mcherry_01_R3D_D3D_Z2_C1_T00.tif,26607.588247551572,13022.145
264,22_8,8.0,46689.875,Exp2018_032_setVI_HeLa_YFP-AstrinWT_CENPBdsRed_GFP_mcherry_01_R3D_D3D_Z2_C0_T00.tif,40155.91433121019,25016.9325,43946.125,Exp2018_032_setVI_HeLa_YFP-AstrinWT_CENPBdsRed_GFP_mcherry_01_R3D_D3D_Z2_C1_T00.tif,26607.588247551572,13022.145
265,22_9,24.0,42823.208333333336,Exp2018_032_setVI_HeLa_YFP-AstrinWT_CENPBdsRed_GFP_mcherry_01_R3D_D3D_Z2_C0_T00.tif,40155.91433121019,25016.9325,38168.5,Exp2018_032_setVI_HeLa_YFP-AstrinWT_CENPBdsRed_GFP_mcherry_01_R3D_D3D_Z2_C1_T00.tif,26607.588247551572,13022.145
266,22_10,10.0,48769.0,Exp2018_032_setVI_HeLa_YFP-AstrinWT_CENPBdsRed_GFP_mcherry_01_R3D_D3D_Z2_C0_T00.tif,40155.91433121019,25016.9325,32664.8,Exp2018_032_setVI_HeLa_YFP-AstrinWT_CENPBdsRed_GFP_mcherry_01_R3D_D3D_Z2_C1_T00.tif,26607.588247551572,13022.145
267,22_11,5.0,42172.0,Exp2018_032_setVI_HeLa_YFP-AstrinWT_CENPBdsRed_GFP_mcherry_01_R3D_D3D_Z2_C0_T00.tif,40155.91433121019,25016.9325,32657.2,Exp2018_032_setVI_HeLa_YFP-AstrinWT_CENPBdsRed_GFP_mcherry_01_R3D_D3D_Z2_C1_T00.tif,26607.588247551572,13022.145
268,22_12,11.0,41879.09090909091,Exp2018_032_setVI_HeLa_YFP-AstrinWT_CENPBdsRed_GFP_mcherry_01_R3D_D3D_Z2_C0_T00.tif,40155.91433121019,25016.9325,34599.72727272727,Exp2018_032_setVI_HeLa_YFP-AstrinWT_CENPBdsRed_GFP_mcherry_01_R3D_D3D_Z2_C1_T00.tif,26607.588247551572,13022.145
269,22_13,16.0,54545.875,Exp2018_032_setVI_HeLa_YFP-AstrinWT_CENPBdsRed_GFP_mcherry_01_R3D_D3D_Z2_C0_T00.tif,40155.91433121019,25016.9325,31470.875,Exp2018_032_setVI_HeLa_YFP-AstrinWT_CENPBdsRed_GFP_mcherry_01_R3D_D3D_Z2_C1_T00.tif,26607.588247551572,13022.145
270,22_14,5.0,42440.2,Exp2018_032_setVI_HeLa_YFP-AstrinWT_CENPBdsRed_GFP_mcherry_01_R3D_D3D_Z2_C0_T00.tif,40155.91433121019,25016.9325,30383.2,Exp2018_032_setVI_HeLa_YFP-AstrinWT_CENPBdsRed_GFP_mcherry_01_R3D_D3D_Z2_C1_T00.tif,26607.588247551572,13022.145
271,22_15,18.0,39742.27777777778,Exp2018_032_setVI_HeLa_YFP-AstrinWT_CENPBdsRed_GFP_mcherry_01_R3D_D3D_Z2_C0_T00.tif,40155.91433121019,25016.9325,36561.27777777778,Exp2018_032_setVI_HeLa_YFP-AstrinWT_CENPBdsRed_GFP_mcherry_01_R3D_D3D_Z2_C1_T00.tif,26607.588247551572,13022.145
272,23_1,5.0,45182.4,Exp2018_032_setVI_HeLa_YFP-AstrinWT_CENPBdsRed_GFP_mcherry_01_R3D_D3D_Z2_C0_T01.tif,39955.338980575434,24886.365,33240.8,Exp2018_032_setVI_HeLa_YFP-AstrinWT_CENPBdsRed_GFP_mcherry_01_R3D_D3D_Z2_C1_T01.tif,26190.015132408575,12641.3725
273,23_2,15.0,56171.666666666664,Exp2018_032_setVI_HeLa_YFP-AstrinWT_CENPBdsRed_GFP_mcherry_01_R3D_D3D_Z2_C0_T01.tif,39955.338980575434,24886.365,41998.2,Exp2018_032_setVI_HeLa_YFP-AstrinWT_CENPBdsRed_GFP_mcherry_01_R3D_D3D_Z2_C1_T01.tif,26190.015132408575,12641.3725
274,23_3,5.0,37326.6,Exp2018_032_setVI_HeLa_YFP-AstrinWT_CENPBdsRed_GFP_mcherry_01_R3D_D3D_Z2_C0_T01.tif,39955.338980575434,24886.365,39734.0,Exp2018_032_setVI_HeLa_YFP-AstrinWT_CENPBdsRed_GFP_mcherry_01_R3D_D3D_Z2_C1_T01.tif,26190.015132408575,12641.3725
275,23_4,8.0,46503.625,Exp2018_032_setVI_HeLa_YFP-AstrinWT_CENPBdsRed_GFP_mcherry_01_R3D_D3D_Z2_C0_T01.tif,39955.338980575434,24886.365,41546.5,Exp2018_032_setVI_HeLa_YFP-AstrinWT_CENPBdsRed_GFP_mcherry_01_R3D_D3D_Z2_C1_T01.tif,26190.015132408575,12641.3725
276,23_5,5.0,57461.0,Exp2018_032_setVI_HeLa_YFP-AstrinWT_CENPBdsRed_GFP_mcherry_01_R3D_D3D_Z2_C0_T01.tif,39955.338980575434,24886.365,30588.2,Exp2018_032_setVI_HeLa_YFP-AstrinWT_CENPBdsRed_GFP_mcherry_01_R3D_D3D_Z2_C1_T01.tif,26190.015132408575,12641.3725
277,23_6,5.0,47127.0,Exp2018_032_setVI_HeLa_YFP-AstrinWT_CENPBdsRed_GFP_mcherry_01_R3D_D3D_Z2_C0_T01.tif,39955.338980575434,24886.365,38282.0,Exp2018_032_setVI_HeLa_YFP-AstrinWT_CENPBdsRed_GFP_mcherry_01_R3D_D3D_Z2_C1_T01.tif,26190.015132408575,12641.3725
278,23_7,5.0,38225.2,Exp2018_032_setVI_HeLa_YFP-AstrinWT_CENPBdsRed_GFP_mcherry_01_R3D_D3D_Z2_C0_T01.tif,39955.338980575434,24886.365,38552.6,Exp2018_032_setVI_HeLa_YFP-AstrinWT_CENPBdsRed_GFP_mcherry_01_R3D_D3D_Z2_C1_T01.tif,26190.015132408575,12641.3725
279,23_8,10.0,47681.8,Exp2018_032_setVI_HeLa_YFP-AstrinWT_CENPBdsRed_GFP_mcherry_01_R3D_D3D_Z2_C0_T01.tif,39955.338980575434,24886.365,36907.6,Exp2018_032_setVI_HeLa_YFP-AstrinWT_CENPBdsRed_GFP_mcherry_01_R3D_D3D_Z2_C1_T01.tif,26190.015132408575,12641.3725
280,23_9,5.0,43240.6,Exp2018_032_setVI_HeLa_YFP-AstrinWT_CENPBdsRed_GFP_mcherry_01_R3D_D3D_Z2_C0_T01.tif,39955.338980575434,24886.365,39860.8,Exp2018_032_setVI_HeLa_YFP-AstrinWT_CENPBdsRed_GFP_mcherry_01_R3D_D3D_Z2_C1_T01.tif,26190.015132408575,12641.3725
281,23_10,13.0,41780.53846153846,Exp2018_032_setVI_HeLa_YFP-AstrinWT_CENPBdsRed_GFP_mcherry_01_R3D_D3D_Z2_C0_T01.tif,39955.338980575434,24886.365,36887.846153846156,Exp2018_032_setVI_HeLa_YFP-AstrinWT_CENPBdsRed_GFP_mcherry_01_R3D_D3D_Z2_C1_T01.tif,26190.015132408575,12641.3725
282,23_11,15.0,49725.066666666666,Exp2018_032_setVI_HeLa_YFP-AstrinWT_CENPBdsRed_GFP_mcherry_01_R3D_D3D_Z2_C0_T01.tif,39955.338980575434,24886.365,41464.2,Exp2018_032_setVI_HeLa_YFP-AstrinWT_CENPBdsRed_GFP_mcherry_01_R3D_D3D_Z2_C1_T01.tif,26190.015132408575,12641.3725
283,23_12,33.0,38122.818181818184,Exp2018_032_setVI_HeLa_YFP-AstrinWT_CENPBdsRed_GFP_mcherry_01_R3D_D3D_Z2_C0_T01.tif,39955.338980575434,24886.365,35429.121212121216,Exp2018_032_setVI_HeLa_YFP-AstrinWT_CENPBdsRed_GFP_mcherry_01_R3D_D3D_Z2_C1_T01.tif,26190.015132408575,12641.3725
284,23_13,28.0,35649.357142857145,Exp2018_032_setVI_HeLa_YFP-AstrinWT_CENPBdsRed_GFP_mcherry_01_R3D_D3D_Z2_C0_T01.tif,39955.338980575434,24886.365,32643.10714285714,Exp2018_032_setVI_HeLa_YFP-AstrinWT_CENPBdsRed_GFP_mcherry_01_R3D_D3D_Z2_C1_T01.tif,26190.015132408575,12641.3725
285,23_14,8.0,38914.75,Exp2018_032_setVI_HeLa_YFP-AstrinWT_CENPBdsRed_GFP_mcherry_01_R3D_D3D_Z2_C0_T01.tif,39955.338980575434,24886.365,30518.625,Exp2018_032_setVI_HeLa_YFP-AstrinWT_CENPBdsRed_GFP_mcherry_01_R3D_D3D_Z2_C1_T01.tif,26190.015132408575,12641.3725
286,24_1,5.0,41499.2,Exp2018_032_setVI_HeLa_YFP-AstrinWT_CENPBdsRed_GFP_mcherry_01_R3D_D3D_Z2_C0_T02.tif,40309.99369776682,25585.7275,40090.0,Exp2018_032_setVI_HeLa_YFP-AstrinWT_CENPBdsRed_GFP_mcherry_01_R3D_D3D_Z2_C1_T02.tif,26817.720350807256,13207.735
287,24_2,30.0,45859.5,Exp2018_032_setVI_HeLa_YFP-AstrinWT_CENPBdsRed_GFP_mcherry_01_R3D_D3D_Z2_C0_T02.tif,40309.99369776682,25585.7275,43282.26666666667,Exp2018_032_setVI_HeLa_YFP-AstrinWT_CENPBdsRed_GFP_mcherry_01_R3D_D3D_Z2_C1_T02.tif,26817.720350807256,13207.735
288,24_3,5.0,55300.8,Exp2018_032_setVI_HeLa_YFP-AstrinWT_CENPBdsRed_GFP_mcherry_01_R3D_D3D_Z2_C0_T02.tif,40309.99369776682,25585.7275,40674.6,Exp2018_032_setVI_HeLa_YFP-AstrinWT_CENPBdsRed_GFP_mcherry_01_R3D_D3D_Z2_C1_T02.tif,26817.720350807256,13207.735
289,24_4,14.0,43601.92857142857,Exp2018_032_setVI_HeLa_YFP-AstrinWT_CENPBdsRed_GFP_mcherry_01_R3D_D3D_Z2_C0_T02.tif,40309.99369776682,25585.7275,40258.71428571428,Exp2018_032_setVI_HeLa_YFP-AstrinWT_CENPBdsRed_GFP_mcherry_01_R3D_D3D_Z2_C1_T02.tif,26817.720350807256,13207.735
290,24_5,19.0,50050.36842105263,Exp2018_032_setVI_HeLa_YFP-AstrinWT_CENPBdsRed_GFP_mcherry_01_R3D_D3D_Z2_C0_T02.tif,40309.99369776682,25585.7275,30411.78947368421,Exp2018_032_setVI_HeLa_YFP-AstrinWT_CENPBdsRed_GFP_mcherry_01_R3D_D3D_Z2_C1_T02.tif,26817.720350807256,13207.735
291,24_6,5.0,29848.2,Exp2018_032_setVI_HeLa_YFP-AstrinWT_CENPBdsRed_GFP_mcherry_01_R3D_D3D_Z2_C0_T02.tif,40309.99369776682,25585.7275,36709.6,Exp2018_032_setVI_HeLa_YFP-AstrinWT_CENPBdsRed_GFP_mcherry_01_R3D_D3D_Z2_C1_T02.tif,26817.720350807256,13207.735
292,24_7,5.0,30397.8,Exp2018_032_setVI_HeLa_YFP-AstrinWT_CENPBdsRed_GFP_mcherry_01_R3D_D3D_Z2_C0_T02.tif,40309.99369776682,25585.7275,40989.6,Exp2018_032_setVI_HeLa_YFP-AstrinWT_CENPBdsRed_GFP_mcherry_01_R3D_D3D_Z2_C1_T02.tif,26817.720350807256,13207.735
293,24_8,5.0,47338.6,Exp2018_032_setVI_HeLa_YFP-AstrinWT_CENPBdsRed_GFP_mcherry_01_R3D_D3D_Z2_C0_T02.tif,40309.99369776682,25585.7275,29277.2,Exp2018_032_setVI_HeLa_YFP-AstrinWT_CENPBdsRed_GFP_mcherry_01_R3D_D3D_Z2_C1_T02.tif,26817.720350807256,13207.735
294,25_1,5.0,40850.2,Exp2018_032_setVI_HeLa_YFP-AstrinWT_CENPBdsRed_GFP_mcherry_01_R3D_D3D_Z2_C0_T03.tif,40304.275111111114,25733.475,48995.6,Exp2018_032_setVI_HeLa_YFP-AstrinWT_CENPBdsRed_GFP_mcherry_01_R3D_D3D_Z2_C1_T03.tif,26075.87512985664,12789.0025
295,25_2,5.0,48427.8,Exp2018_032_setVI_HeLa_YFP-AstrinWT_CENPBdsRed_GFP_mcherry_01_R3D_D3D_Z2_C0_T03.tif,40304.275111111114,25733.475,44300.6,Exp2018_032_setVI_HeLa_YFP-AstrinWT_CENPBdsRed_GFP_mcherry_01_R3D_D3D_Z2_C1_T03.tif,26075.87512985664,12789.0025
296,25_3,30.0,47113.433333333334,Exp2018_032_setVI_HeLa_YFP-AstrinWT_CENPBdsRed_GFP_mcherry_01_R3D_D3D_Z2_C0_T03.tif,40304.275111111114,25733.475,44936.433333333334,Exp2018_032_setVI_HeLa_YFP-AstrinWT_CENPBdsRed_GFP_mcherry_01_R3D_D3D_Z2_C1_T03.tif,26075.87512985664,12789.0025
297,25_4,5.0,61096.8,Exp2018_032_setVI_HeLa_YFP-AstrinWT_CENPBdsRed_GFP_mcherry_01_R3D_D3D_Z2_C0_T03.tif,40304.275111111114,25733.475,37705.8,Exp2018_032_setVI_HeLa_YFP-AstrinWT_CENPBdsRed_GFP_mcherry_01_R3D_D3D_Z2_C1_T03.tif,26075.87512985664,12789.0025
298,25_5,5.0,60957.0,Exp2018_032_setVI_HeLa_YFP-AstrinWT_CENPBdsRed_GFP_mcherry_01_R3D_D3D_Z2_C0_T03.tif,40304.275111111114,25733.475,30560.4,Exp2018_032_setVI_HeLa_YFP-AstrinWT_CENPBdsRed_GFP_mcherry_01_R3D_D3D_Z2_C1_T03.tif,26075.87512985664,12789.0025
299,25_6,16.0,53666.8125,Exp2018_032_setVI_HeLa_YFP-AstrinWT_CENPBdsRed_GFP_mcherry_01_R3D_D3D_Z2_C0_T03.tif,40304.275111111114,25733.475,38765.375,Exp2018_032_setVI_HeLa_YFP-AstrinWT_CENPBdsRed_GFP_mcherry_01_R3D_D3D_Z2_C1_T03.tif,26075.87512985664,12789.0025
300,25_7,18.0,55294.444444444445,Exp2018_032_setVI_HeLa_YFP-AstrinWT_CENPBdsRed_GFP_mcherry_01_R3D_D3D_Z2_C0_T03.tif,40304.275111111114,25733.475,35904.77777777778,Exp2018_032_setVI_HeLa_YFP-AstrinWT_CENPBdsRed_GFP_mcherry_01_R3D_D3D_Z2_C1_T03.tif,26075.87512985664,12789.0025
301,25_8,17.0,36209.882352941175,Exp2018_032_setVI_HeLa_YFP-AstrinWT_CENPBdsRed_GFP_mcherry_01_R3D_D3D_Z2_C0_T03.tif,40304.275111111114,25733.475,38712.470588235294,Exp2018_032_setVI_HeLa_YFP-AstrinWT_CENPBdsRed_GFP_mcherry_01_R3D_D3D_Z2_C1_T03.tif,26075.87512985664,12789.0025
302,25_9,5.0,51047.4,Exp2018_032_setVI_HeLa_YFP-AstrinWT_CENPBdsRed_GFP_mcherry_01_R3D_D3D_Z2_C0_T03.tif,40304.275111111114,25733.475,33037.4,Exp2018_032_setVI_HeLa_YFP-AstrinWT_CENPBdsRed_GFP_mcherry_01_R3D_D3D_Z2_C1_T03.tif,26075.87512985664,12789.0025
303,25_10,8.0,48905.5,Exp2018_032_setVI_HeLa_YFP-AstrinWT_CENPBdsRed_GFP_mcherry_01_R3D_D3D_Z2_C0_T03.tif,40304.275111111114,25733.475,34153.875,Exp2018_032_setVI_HeLa_YFP-AstrinWT_CENPBdsRed_GFP_mcherry_01_R3D_D3D_Z2_C1_T03.tif,26075.87512985664,12789.0025
304,26_1,4.0,30820.5,Exp2018_032_setVI_HeLa_YFP-AstrinWT_CENPBdsRed_GFP_mcherry_01_R3D_D3D_Z2_C0_T04.tif,39630.24886546626,25155.1575,34981.0,Exp2018_032_setVI_HeLa_YFP-AstrinWT_CENPBdsRed_GFP_mcherry_01_R3D_D3D_Z2_C1_T04.tif,25524.562565499895,13132.8925
305,26_2,10.0,29300.2,Exp2018_032_setVI_HeLa_YFP-AstrinWT_CENPBdsRed_GFP_mcherry_01_R3D_D3D_Z2_C0_T04.tif,39630.24886546626,25155.1575,34032.4,Exp2018_032_setVI_HeLa_YFP-AstrinWT_CENPBdsRed_GFP_mcherry_01_R3D_D3D_Z2_C1_T04.tif,25524.562565499895,13132.8925
306,26_3,5.0,43719.8,Exp2018_032_setVI_HeLa_YFP-AstrinWT_CENPBdsRed_GFP_mcherry_01_R3D_D3D_Z2_C0_T04.tif,39630.24886546626,25155.1575,33427.0,Exp2018_032_setVI_HeLa_YFP-AstrinWT_CENPBdsRed_GFP_mcherry_01_R3D_D3D_Z2_C1_T04.tif,25524.562565499895,13132.8925
307,26_4,5.0,47435.0,Exp2018_032_setVI_HeLa_YFP-AstrinWT_CENPBdsRed_GFP_mcherry_01_R3D_D3D_Z2_C0_T04.tif,39630.24886546626,25155.1575,33641.4,Exp2018_032_setVI_HeLa_YFP-AstrinWT_CENPBdsRed_GFP_mcherry_01_R3D_D3D_Z2_C1_T04.tif,25524.562565499895,13132.8925
308,26_5,5.0,48452.4,Exp2018_032_setVI_HeLa_YFP-AstrinWT_CENPBdsRed_GFP_mcherry_01_R3D_D3D_Z2_C0_T04.tif,39630.24886546626,25155.1575,38647.2,Exp2018_032_setVI_HeLa_YFP-AstrinWT_CENPBdsRed_GFP_mcherry_01_R3D_D3D_Z2_C1_T04.tif,25524.562565499895,13132.8925
309,26_6,5.0,39402.2,Exp2018_032_setVI_HeLa_YFP-AstrinWT_CENPBdsRed_GFP_mcherry_01_R3D_D3D_Z2_C0_T04.tif,39630.24886546626,25155.1575,34904.2,Exp2018_032_setVI_HeLa_YFP-AstrinWT_CENPBdsRed_GFP_mcherry_01_R3D_D3D_Z2_C1_T04.tif,25524.562565499895,13132.8925
310,26_7,5.0,42249.6,Exp2018_032_setVI_HeLa_YFP-AstrinWT_CENPBdsRed_GFP_mcherry_01_R3D_D3D_Z2_C0_T04.tif,39630.24886546626,25155.1575,39948.2,Exp2018_032_setVI_HeLa_YFP-AstrinWT_CENPBdsRed_GFP_mcherry_01_R3D_D3D_Z2_C1_T04.tif,25524.562565499895,13132.8925
311,26_8,60.0,49326.916666666664,Exp2018_032_setVI_HeLa_YFP-AstrinWT_CENPBdsRed_GFP_mcherry_01_R3D_D3D_Z2_C0_T04.tif,39630.24886546626,25155.1575,37092.316666666666,Exp2018_032_setVI_HeLa_YFP-AstrinWT_CENPBdsRed_GFP_mcherry_01_R3D_D3D_Z2_C1_T04.tif,25524.562565499895,13132.8925
312,26_9,5.0,34573.0,Exp2018_032_setVI_HeLa_YFP-AstrinWT_CENPBdsRed_GFP_mcherry_01_R3D_D3D_Z2_C0_T04.tif,39630.24886546626,25155.1575,23387.4,Exp2018_032_setVI_HeLa_YFP-AstrinWT_CENPBdsRed_GFP_mcherry_01_R3D_D3D_Z2_C1_T04.tif,25524.562565499895,13132.8925
313,26_10,17.0,35151.94117647059,Exp2018_032_setVI_HeLa_YFP-AstrinWT_CENPBdsRed_GFP_mcherry_01_R3D_D3D_Z2_C0_T04.tif,39630.24886546626,25155.1575,37597.470588235294,Exp2018_032_setVI_HeLa_YFP-AstrinWT_CENPBdsRed_GFP_mcherry_01_R3D_D3D_Z2_C1_T04.tif,25524.562565499895,13132.8925
314,26_11,19.0,47130.05263157895,Exp2018_032_setVI_HeLa_YFP-AstrinWT_CENPBdsRed_GFP_mcherry_01_R3D_D3D_Z2_C0_T04.tif,39630.24886546626,25155.1575,38761.78947368421,Exp2018_032_setVI_HeLa_YFP-AstrinWT_CENPBdsRed_GFP_mcherry_01_R3D_D3D_Z2_C1_T04.tif,25524.562565499895,13132.8925
315,26_12,19.0,47277.57894736842,Exp2018_032_setVI_HeLa_YFP-AstrinWT_CENPBdsRed_GFP_mcherry_01_R3D_D3D_Z2_C0_T04.tif,39630.24886546626,25155.1575,29187.157894736843,Exp2018_032_setVI_HeLa_YFP-AstrinWT_CENPBdsRed_GFP_mcherry_01_R3D_D3D_Z2_C1_T04.tif,25524.562565499895,13132.8925
316,26_13,60.0,48095.8,Exp2018_032_setVI_HeLa_YFP-AstrinWT_CENPBdsRed_GFP_mcherry_01_R3D_D3D_Z2_C0_T04.tif,39630.24886546626,25155.1575,40249.63333333333,Exp2018_032_setVI_HeLa_YFP-AstrinWT_CENPBdsRed_GFP_mcherry_01_R3D_D3D_Z2_C1_T04.tif,25524.562565499895,13132.8925
317,26_14,5.0,49277.0,Exp2018_032_setVI_HeLa_YFP-AstrinWT_CENPBdsRed_GFP_mcherry_01_R3D_D3D_Z2_C0_T04.tif,39630.24886546626,25155.1575,35330.2,Exp2018_032_setVI_HeLa_YFP-AstrinWT_CENPBdsRed_GFP_mcherry_01_R3D_D3D_Z2_C1_T04.tif,25524.562565499895,13132.8925
318,26_15,24.0,44101.083333333336,Exp2018_032_setVI_HeLa_YFP-AstrinWT_CENPBdsRed_GFP_mcherry_01_R3D_D3D_Z2_C0_T04.tif,39630.24886546626,25155.1575,37915.083333333336,Exp2018_032_setVI_HeLa_YFP-AstrinWT_CENPBdsRed_GFP_mcherry_01_R3D_D3D_Z2_C1_T04.tif,25524.562565499895,13132.8925
319,26_16,5.0,43613.2,Exp2018_032_setVI_HeLa_YFP-AstrinWT_CENPBdsRed_GFP_mcherry_01_R3D_D3D_Z2_C0_T04.tif,39630.24886546626,25155.1575,23764.0,Exp2018_032_setVI_HeLa_YFP-AstrinWT_CENPBdsRed_GFP_mcherry_01_R3D_D3D_Z2_C1_T04.tif,25524.562565499895,13132.8925
320,26_17,5.0,43069.4,Exp2018_032_setVI_HeLa_YFP-AstrinWT_CENPBdsRed_GFP_mcherry_01_R3D_D3D_Z2_C0_T04.tif,39630.24886546626,25155.1575,32870.4,Exp2018_032_setVI_HeLa_YFP-AstrinWT_CENPBdsRed_GFP_mcherry_01_R3D_D3D_Z2_C1_T04.tif,25524.562565499895,13132.8925
321,26_18,10.0,38721.5,Exp2018_032_setVI_HeLa_YFP-AstrinWT_CENPBdsRed_GFP_mcherry_01_R3D_D3D_Z2_C0_T04.tif,39630.24886546626,25155.1575,26163.2,Exp2018_032_setVI_HeLa_YFP-AstrinWT_CENPBdsRed_GFP_mcherry_01_R3D_D3D_Z2_C1_T04.tif,25524.562565499895,13132.8925
322,26_19,5.0,37395.0,Exp2018_032_setVI_HeLa_YFP-AstrinWT_CENPBdsRed_GFP_mcherry_01_R3D_D3D_Z2_C0_T04.tif,39630.24886546626,25155.1575,21669.2,Exp2018_032_setVI_HeLa_YFP-AstrinWT_CENPBdsRed_GFP_mcherry_01_R3D_D3D_Z2_C1_T04.tif,25524.562565499895,13132.8925
323,27_1,4.0,32885.5,Exp2018_032_setVI_HeLa_YFP-AstrinWT_CENPBdsRed_GFP_mcherry_01_R3D_D3D_Z2_C0_T05.tif,40238.12253694581,25998.6125,37676.25,Exp2018_032_setVI_HeLa_YFP-AstrinWT_CENPBdsRed_GFP_mcherry_01_R3D_D3D_Z2_C1_T05.tif,26401.44597088374,13374.44
324,27_2,16.0,55704.3125,Exp2018_032_setVI_HeLa_YFP-AstrinWT_CENPBdsRed_GFP_mcherry_01_R3D_D3D_Z2_C0_T05.tif,40238.12253694581,25998.6125,34055.75,Exp2018_032_setVI_HeLa_YFP-AstrinWT_CENPBdsRed_GFP_mcherry_01_R3D_D3D_Z2_C1_T05.tif,26401.44597088374,13374.44
325,27_3,38.0,43341.07894736842,Exp2018_032_setVI_HeLa_YFP-AstrinWT_CENPBdsRed_GFP_mcherry_01_R3D_D3D_Z2_C0_T05.tif,40238.12253694581,25998.6125,40474.39473684211,Exp2018_032_setVI_HeLa_YFP-AstrinWT_CENPBdsRed_GFP_mcherry_01_R3D_D3D_Z2_C1_T05.tif,26401.44597088374,13374.44
326,27_4,39.0,45338.58974358974,Exp2018_032_setVI_HeLa_YFP-AstrinWT_CENPBdsRed_GFP_mcherry_01_R3D_D3D_Z2_C0_T05.tif,40238.12253694581,25998.6125,44983.02564102564,Exp2018_032_setVI_HeLa_YFP-AstrinWT_CENPBdsRed_GFP_mcherry_01_R3D_D3D_Z2_C1_T05.tif,26401.44597088374,13374.44
327,27_5,27.0,42484.07407407407,Exp2018_032_setVI_HeLa_YFP-AstrinWT_CENPBdsRed_GFP_mcherry_01_R3D_D3D_Z2_C0_T05.tif,40238.12253694581,25998.6125,43352.59259259259,Exp2018_032_setVI_HeLa_YFP-AstrinWT_CENPBdsRed_GFP_mcherry_01_R3D_D3D_Z2_C1_T05.tif,26401.44597088374,13374.44
328,27_6,16.0,48141.4375,Exp2018_032_setVI_HeLa_YFP-AstrinWT_CENPBdsRed_GFP_mcherry_01_R3D_D3D_Z2_C0_T05.tif,40238.12253694581,25998.6125,34937.3125,Exp2018_032_setVI_HeLa_YFP-AstrinWT_CENPBdsRed_GFP_mcherry_01_R3D_D3D_Z2_C1_T05.tif,26401.44597088374,13374.44
329,27_7,11.0,49457.36363636364,Exp2018_032_setVI_HeLa_YFP-AstrinWT_CENPBdsRed_GFP_mcherry_01_R3D_D3D_Z2_C0_T05.tif,40238.12253694581,25998.6125,31700.727272727272,Exp2018_032_setVI_HeLa_YFP-AstrinWT_CENPBdsRed_GFP_mcherry_01_R3D_D3D_Z2_C1_T05.tif,26401.44597088374,13374.44
330,27_8,11.0,34261.72727272727,Exp2018_032_setVI_HeLa_YFP-AstrinWT_CENPBdsRed_GFP_mcherry_01_R3D_D3D_Z2_C0_T05.tif,40238.12253694581,25998.6125,38555.27272727273,Exp2018_032_setVI_HeLa_YFP-AstrinWT_CENPBdsRed_GFP_mcherry_01_R3D_D3D_Z2_C1_T05.tif,26401.44597088374,13374.44
331,27_9,13.0,47078.153846153844,Exp2018_032_setVI_HeLa_YFP-AstrinWT_CENPBdsRed_GFP_mcherry_01_R3D_D3D_Z2_C0_T05.tif,40238.12253694581,25998.6125,26639.46153846154,Exp2018_032_setVI_HeLa_YFP-AstrinWT_CENPBdsRed_GFP_mcherry_01_R3D_D3D_Z2_C1_T05.tif,26401.44597088374,13374.44
332,28_1,4.0,33654.25,Exp2018_032_setVI_HeLa_YFP-AstrinWT_CENPBdsRed_GFP_mcherry_01_R3D_D3D_Z2_C0_T06.tif,40582.633298049295,26205.805,37332.75,Exp2018_032_setVI_HeLa_YFP-AstrinWT_CENPBdsRed_GFP_mcherry_01_R3D_D3D_Z2_C1_T06.tif,26740.64772243508,13157.2475
333,28_2,4.0,30501.5,Exp2018_032_setVI_HeLa_YFP-AstrinWT_CENPBdsRed_GFP_mcherry_01_R3D_D3D_Z2_C0_T06.tif,40582.633298049295,26205.805,40262.0,Exp2018_032_setVI_HeLa_YFP-AstrinWT_CENPBdsRed_GFP_mcherry_01_R3D_D3D_Z2_C1_T06.tif,26740.64772243508,13157.2475
334,28_3,5.0,43983.0,Exp2018_032_setVI_HeLa_YFP-AstrinWT_CENPBdsRed_GFP_mcherry_01_R3D_D3D_Z2_C0_T06.tif,40582.633298049295,26205.805,45934.6,Exp2018_032_setVI_HeLa_YFP-AstrinWT_CENPBdsRed_GFP_mcherry_01_R3D_D3D_Z2_C1_T06.tif,26740.64772243508,13157.2475
335,28_4,5.0,44995.0,Exp2018_032_setVI_HeLa_YFP-AstrinWT_CENPBdsRed_GFP_mcherry_01_R3D_D3D_Z2_C0_T06.tif,40582.633298049295,26205.805,39226.8,Exp2018_032_setVI_HeLa_YFP-AstrinWT_CENPBdsRed_GFP_mcherry_01_R3D_D3D_Z2_C1_T06.tif,26740.64772243508,13157.2475
336,28_5,5.0,47287.0,Exp2018_032_setVI_HeLa_YFP-AstrinWT_CENPBdsRed_GFP_mcherry_01_R3D_D3D_Z2_C0_T06.tif,40582.633298049295,26205.805,35487.6,Exp2018_032_setVI_HeLa_YFP-AstrinWT_CENPBdsRed_GFP_mcherry_01_R3D_D3D_Z2_C1_T06.tif,26740.64772243508,13157.2475
337,28_6,8.0,57092.0,Exp2018_032_setVI_HeLa_YFP-AstrinWT_CENPBdsRed_GFP_mcherry_01_R3D_D3D_Z2_C0_T06.tif,40582.633298049295,26205.805,46516.875,Exp2018_032_setVI_HeLa_YFP-AstrinWT_CENPBdsRed_GFP_mcherry_01_R3D_D3D_Z2_C1_T06.tif,26740.64772243508,13157.2475
338,28_7,5.0,39003.2,Exp2018_032_setVI_HeLa_YFP-AstrinWT_CENPBdsRed_GFP_mcherry_01_R3D_D3D_Z2_C0_T06.tif,40582.633298049295,26205.805,43010.8,Exp2018_032_setVI_HeLa_YFP-AstrinWT_CENPBdsRed_GFP_mcherry_01_R3D_D3D_Z2_C1_T06.tif,26740.64772243508,13157.2475
339,28_8,5.0,54473.4,Exp2018_032_setVI_HeLa_YFP-AstrinWT_CENPBdsRed_GFP_mcherry_01_R3D_D3D_Z2_C0_T06.tif,40582.633298049295,26205.805,33755.4,Exp2018_032_setVI_HeLa_YFP-AstrinWT_CENPBdsRed_GFP_mcherry_01_R3D_D3D_Z2_C1_T06.tif,26740.64772243508,13157.2475
340,28_9,5.0,33972.2,Exp2018_032_setVI_HeLa_YFP-AstrinWT_CENPBdsRed_GFP_mcherry_01_R3D_D3D_Z2_C0_T06.tif,40582.633298049295,26205.805,32327.4,Exp2018_032_setVI_HeLa_YFP-AstrinWT_CENPBdsRed_GFP_mcherry_01_R3D_D3D_Z2_C1_T06.tif,26740.64772243508,13157.2475
341,28_10,8.0,37485.125,Exp2018_032_setVI_HeLa_YFP-AstrinWT_CENPBdsRed_GFP_mcherry_01_R3D_D3D_Z2_C0_T06.tif,40582.633298049295,26205.805,40930.75,Exp2018_032_setVI_HeLa_YFP-AstrinWT_CENPBdsRed_GFP_mcherry_01_R3D_D3D_Z2_C1_T06.tif,26740.64772243508,13157.2475
342,28_11,17.0,47385.41176470588,Exp2018_032_setVI_HeLa_YFP-AstrinWT_CENPBdsRed_GFP_mcherry_01_R3D_D3D_Z2_C0_T06.tif,40582.633298049295,26205.805,36514.17647058824,Exp2018_032_setVI_HeLa_YFP-AstrinWT_CENPBdsRed_GFP_mcherry_01_R3D_D3D_Z2_C1_T06.tif,26740.64772243508,13157.2475
343,28_12,63.0,45284.42857142857,Exp2018_032_setVI_HeLa_YFP-AstrinWT_CENPBdsRed_GFP_mcherry_01_R3D_D3D_Z2_C0_T06.tif,40582.633298049295,26205.805,42770.19047619047,Exp2018_032_setVI_HeLa_YFP-AstrinWT_CENPBdsRed_GFP_mcherry_01_R3D_D3D_Z2_C1_T06.tif,26740.64772243508,13157.2475
344,28_13,5.0,58848.4,Exp2018_032_setVI_HeLa_YFP-AstrinWT_CENPBdsRed_GFP_mcherry_01_R3D_D3D_Z2_C0_T06.tif,40582.633298049295,26205.805,34147.2,Exp2018_032_setVI_HeLa_YFP-AstrinWT_CENPBdsRed_GFP_mcherry_01_R3D_D3D_Z2_C1_T06.tif,26740.64772243508,13157.2475
345,28_14,14.0,50283.5,Exp2018_032_setVI_HeLa_YFP-AstrinWT_CENPBdsRed_GFP_mcherry_01_R3D_D3D_Z2_C0_T06.tif,40582.633298049295,26205.805,33043.07142857143,Exp2018_032_setVI_HeLa_YFP-AstrinWT_CENPBdsRed_GFP_mcherry_01_R3D_D3D_Z2_C1_T06.tif,26740.64772243508,13157.2475
346,28_15,18.0,34532.444444444445,Exp2018_032_setVI_HeLa_YFP-AstrinWT_CENPBdsRed_GFP_mcherry_01_R3D_D3D_Z2_C0_T06.tif,40582.633298049295,26205.805,33654.055555555555,Exp2018_032_setVI_HeLa_YFP-AstrinWT_CENPBdsRed_GFP_mcherry_01_R3D_D3D_Z2_C1_T06.tif,26740.64772243508,13157.2475
347,28_16,5.0,27754.8,Exp2018_032_setVI_HeLa_YFP-AstrinWT_CENPBdsRed_GFP_mcherry_01_R3D_D3D_Z2_C0_T06.tif,40582.633298049295,26205.805,37786.6,Exp2018_032_setVI_HeLa_YFP-AstrinWT_CENPBdsRed_GFP_mcherry_01_R3D_D3D_Z2_C1_T06.tif,26740.64772243508,13157.2475
349,29_1,10.0,53838.0,Exp2018_032_setVI_HeLa_YFP-AstrinWT_CENPBdsRed_GFP_mcherry_01_R3D_D3D_Z2_C0_T07.tif,38368.76897737038,24653.165,41209.4,Exp2018_032_setVI_HeLa_YFP-AstrinWT_CENPBdsRed_GFP_mcherry_01_R3D_D3D_Z2_C1_T07.tif,25850.94959599846,13488.0225
350,29_2,11.0,51078.545454545456,Exp2018_032_setVI_HeLa_YFP-AstrinWT_CENPBdsRed_GFP_mcherry_01_R3D_D3D_Z2_C0_T07.tif,38368.76897737038,24653.165,42826.63636363636,Exp2018_032_setVI_HeLa_YFP-AstrinWT_CENPBdsRed_GFP_mcherry_01_R3D_D3D_Z2_C1_T07.tif,25850.94959599846,13488.0225
351,29_3,8.0,53713.875,Exp2018_032_setVI_HeLa_YFP-AstrinWT_CENPBdsRed_GFP_mcherry_01_R3D_D3D_Z2_C0_T07.tif,38368.76897737038,24653.165,38410.875,Exp2018_032_setVI_HeLa_YFP-AstrinWT_CENPBdsRed_GFP_mcherry_01_R3D_D3D_Z2_C1_T07.tif,25850.94959599846,13488.0225
352,29_4,8.0,30354.625,Exp2018_032_setVI_HeLa_YFP-AstrinWT_CENPBdsRed_GFP_mcherry_01_R3D_D3D_Z2_C0_T07.tif,38368.76897737038,24653.165,40162.0,Exp2018_032_setVI_HeLa_YFP-AstrinWT_CENPBdsRed_GFP_mcherry_01_R3D_D3D_Z2_C1_T07.tif,25850.94959599846,13488.0225
353,29_5,10.0,53513.6,Exp2018_032_setVI_HeLa_YFP-AstrinWT_CENPBdsRed_GFP_mcherry_01_R3D_D3D_Z2_C0_T07.tif,38368.76897737038,24653.165,42430.7,Exp2018_032_setVI_HeLa_YFP-AstrinWT_CENPBdsRed_GFP_mcherry_01_R3D_D3D_Z2_C1_T07.tif,25850.94959599846,13488.0225
354,30_1,5.0,40729.8,Exp2018_032_setVI_HeLa_YFP-AstrinWT_CENPBdsRed_GFP_mcherry_01_R3D_D3D_Z2_C0_T08.tif,38184.57320503331,24992.245,40271.4,Exp2018_032_setVI_HeLa_YFP-AstrinWT_CENPBdsRed_GFP_mcherry_01_R3D_D3D_Z2_C1_T08.tif,25943.140058765915,13638.8375
355,30_2,8.0,35379.375,Exp2018_032_setVI_HeLa_YFP-AstrinWT_CENPBdsRed_GFP_mcherry_01_R3D_D3D_Z2_C0_T08.tif,38184.57320503331,24992.245,40445.875,Exp2018_032_setVI_HeLa_YFP-AstrinWT_CENPBdsRed_GFP_mcherry_01_R3D_D3D_Z2_C1_T08.tif,25943.140058765915,13638.8375
356,30_3,5.0,55345.2,Exp2018_032_setVI_HeLa_YFP-AstrinWT_CENPBdsRed_GFP_mcherry_01_R3D_D3D_Z2_C0_T08.tif,38184.57320503331,24992.245,34547.4,Exp2018_032_setVI_HeLa_YFP-AstrinWT_CENPBdsRed_GFP_mcherry_01_R3D_D3D_Z2_C1_T08.tif,25943.140058765915,13638.8375
357,30_4,5.0,37076.6,Exp2018_032_setVI_HeLa_YFP-AstrinWT_CENPBdsRed_GFP_mcherry_01_R3D_D3D_Z2_C0_T08.tif,38184.57320503331,24992.245,26570.0,Exp2018_032_setVI_HeLa_YFP-AstrinWT_CENPBdsRed_GFP_mcherry_01_R3D_D3D_Z2_C1_T08.tif,25943.140058765915,13638.8375
358,30_5,5.0,54111.6,Exp2018_032_setVI_HeLa_YFP-AstrinWT_CENPBdsRed_GFP_mcherry_01_R3D_D3D_Z2_C0_T08.tif,38184.57320503331,24992.245,35660.8,Exp2018_032_setVI_HeLa_YFP-AstrinWT_CENPBdsRed_GFP_mcherry_01_R3D_D3D_Z2_C1_T08.tif,25943.140058765915,13638.8375
359,30_6,5.0,41312.2,Exp2018_032_setVI_HeLa_YFP-AstrinWT_CENPBdsRed_GFP_mcherry_01_R3D_D3D_Z2_C0_T08.tif,38184.57320503331,24992.245,38745.6,Exp2018_032_setVI_HeLa_YFP-AstrinWT_CENPBdsRed_GFP_mcherry_01_R3D_D3D_Z2_C1_T08.tif,25943.140058765915,13638.8375
360,30_7,5.0,32149.6,Exp2018_032_setVI_HeLa_YFP-AstrinWT_CENPBdsRed_GFP_mcherry_01_R3D_D3D_Z2_C0_T08.tif,38184.57320503331,24992.245,35257.6,Exp2018_032_setVI_HeLa_YFP-AstrinWT_CENPBdsRed_GFP_mcherry_01_R3D_D3D_Z2_C1_T08.tif,25943.140058765915,13638.8375
361,30_8,25.0,35097.08,Exp2018_032_setVI_HeLa_YFP-AstrinWT_CENPBdsRed_GFP_mcherry_01_R3D_D3D_Z2_C0_T08.tif,38184.57320503331,24992.245,44103.72,Exp2018_032_setVI_HeLa_YFP-AstrinWT_CENPBdsRed_GFP_mcherry_01_R3D_D3D_Z2_C1_T08.tif,25943.140058765915,13638.8375
362,30_9,10.0,56406.5,Exp2018_032_setVI_HeLa_YFP-AstrinWT_CENPBdsRed_GFP_mcherry_01_R3D_D3D_Z2_C0_T08.tif,38184.57320503331,24992.245,44962.3,Exp2018_032_setVI_HeLa_YFP-AstrinWT_CENPBdsRed_GFP_mcherry_01_R3D_D3D_Z2_C1_T08.tif,25943.140058765915,13638.8375
363,30_10,5.0,40321.2,Exp2018_032_setVI_HeLa_YFP-AstrinWT_CENPBdsRed_GFP_mcherry_01_R3D_D3D_Z2_C0_T08.tif,38184.57320503331,24992.245,42669.0,Exp2018_032_setVI_HeLa_YFP-AstrinWT_CENPBdsRed_GFP_mcherry_01_R3D_D3D_Z2_C1_T08.tif,25943.140058765915,13638.8375
364,30_11,13.0,46197.92307692308,Exp2018_032_setVI_HeLa_YFP-AstrinWT_CENPBdsRed_GFP_mcherry_01_R3D_D3D_Z2_C0_T08.tif,38184.57320503331,24992.245,38678.230769230766,Exp2018_032_setVI_HeLa_YFP-AstrinWT_CENPBdsRed_GFP_mcherry_01_R3D_D3D_Z2_C1_T08.tif,25943.140058765915,13638.8375
365,30_12,8.0,44206.125,Exp2018_032_setVI_HeLa_YFP-AstrinWT_CENPBdsRed_GFP_mcherry_01_R3D_D3D_Z2_C0_T08.tif,38184.57320503331,24992.245,36268.875,Exp2018_032_setVI_HeLa_YFP-AstrinWT_CENPBdsRed_GFP_mcherry_01_R3D_D3D_Z2_C1_T08.tif,25943.140058765915,13638.8375
366,30_13,5.0,51125.0,Exp2018_032_setVI_HeLa_YFP-AstrinWT_CENPBdsRed_GFP_mcherry_01_R3D_D3D_Z2_C0_T08.tif,38184.57320503331,24992.245,37087.2,Exp2018_032_setVI_HeLa_YFP-AstrinWT_CENPBdsRed_GFP_mcherry_01_R3D_D3D_Z2_C1_T08.tif,25943.140058765915,13638.8375
367,30_14,14.0,34671.857142857145,Exp2018_032_setVI_HeLa_YFP-AstrinWT_CENPBdsRed_GFP_mcherry_01_R3D_D3D_Z2_C0_T08.tif,38184.57320503331,24992.245,41687.78571428572,Exp2018_032_setVI_HeLa_YFP-AstrinWT_CENPBdsRed_GFP_mcherry_01_R3D_D3D_Z2_C1_T08.tif,25943.140058765915,13638.8375
368,30_15,8.0,40842.5,Exp2018_032_setVI_HeLa_YFP-AstrinWT_CENPBdsRed_GFP_mcherry_01_R3D_D3D_Z2_C0_T08.tif,38184.57320503331,24992.245,37050.125,Exp2018_032_setVI_HeLa_YFP-AstrinWT_CENPBdsRed_GFP_mcherry_01_R3D_D3D_Z2_C1_T08.tif,25943.140058765915,13638.8375
369,30_16,5.0,40958.0,Exp2018_032_setVI_HeLa_YFP-AstrinWT_CENPBdsRed_GFP_mcherry_01_R3D_D3D_Z2_C0_T08.tif,38184.57320503331,24992.245,39345.6,Exp2018_032_setVI_HeLa_YFP-AstrinWT_CENPBdsRed_GFP_mcherry_01_R3D_D3D_Z2_C1_T08.tif,25943.140058765915,13638.8375
370,30_17,5.0,42547.6,Exp2018_032_setVI_HeLa_YFP-AstrinWT_CENPBdsRed_GFP_mcherry_01_R3D_D3D_Z2_C0_T08.tif,38184.57320503331,24992.245,30675.0,Exp2018_032_setVI_HeLa_YFP-AstrinWT_CENPBdsRed_GFP_mcherry_01_R3D_D3D_Z2_C1_T08.tif,25943.140058765915,13638.8375
371,30_18,17.0,42535.35294117647,Exp2018_032_setVI_HeLa_YFP-AstrinWT_CENPBdsRed_GFP_mcherry_01_R3D_D3D_Z2_C0_T08.tif,38184.57320503331,24992.245,31886.941176470587,Exp2018_032_setVI_HeLa_YFP-AstrinWT_CENPBdsRed_GFP_mcherry_01_R3D_D3D_Z2_C1_T08.tif,25943.140058765915,13638.8375
372,30_19,14.0,41685.57142857143,Exp2018_032_setVI_HeLa_YFP-AstrinWT_CENPBdsRed_GFP_mcherry_01_R3D_D3D_Z2_C0_T08.tif,38184.57320503331,24992.245,31888.35714285714,Exp2018_032_setVI_HeLa_YFP-AstrinWT_CENPBdsRed_GFP_mcherry_01_R3D_D3D_Z2_C1_T08.tif,25943.140058765915,13638.8375
373,30_20,5.0,27111.8,Exp2018_032_setVI_HeLa_YFP-AstrinWT_CENPBdsRed_GFP_mcherry_01_R3D_D3D_Z2_C0_T08.tif,38184.57320503331,24992.245,24010.6,Exp2018_032_setVI_HeLa_YFP-AstrinWT_CENPBdsRed_GFP_mcherry_01_R3D_D3D_Z2_C1_T08.tif,25943.140058765915,13638.8375
374,31_1,6.0,26908.166666666668,Exp2018_032_setVI_HeLa_YFP-AstrinWT_CENPBdsRed_GFP_mcherry_01_R3D_D3D_Z2_C0_T09.tif,38873.64668064291,25208.355,38826.0,Exp2018_032_setVI_HeLa_YFP-AstrinWT_CENPBdsRed_GFP_mcherry_01_R3D_D3D_Z2_C1_T09.tif,25997.60337161912,13251.2625
375,31_2,5.0,42557.4,Exp2018_032_setVI_HeLa_YFP-AstrinWT_CENPBdsRed_GFP_mcherry_01_R3D_D3D_Z2_C0_T09.tif,38873.64668064291,25208.355,35105.0,Exp2018_032_setVI_HeLa_YFP-AstrinWT_CENPBdsRed_GFP_mcherry_01_R3D_D3D_Z2_C1_T09.tif,25997.60337161912,13251.2625
376,31_3,5.0,60648.2,Exp2018_032_setVI_HeLa_YFP-AstrinWT_CENPBdsRed_GFP_mcherry_01_R3D_D3D_Z2_C0_T09.tif,38873.64668064291,25208.355,44916.0,Exp2018_032_setVI_HeLa_YFP-AstrinWT_CENPBdsRed_GFP_mcherry_01_R3D_D3D_Z2_C1_T09.tif,25997.60337161912,13251.2625
377,31_4,5.0,43745.0,Exp2018_032_setVI_HeLa_YFP-AstrinWT_CENPBdsRed_GFP_mcherry_01_R3D_D3D_Z2_C0_T09.tif,38873.64668064291,25208.355,33742.6,Exp2018_032_setVI_HeLa_YFP-AstrinWT_CENPBdsRed_GFP_mcherry_01_R3D_D3D_Z2_C1_T09.tif,25997.60337161912,13251.2625
378,31_5,12.0,44167.916666666664,Exp2018_032_setVI_HeLa_YFP-AstrinWT_CENPBdsRed_GFP_mcherry_01_R3D_D3D_Z2_C0_T09.tif,38873.64668064291,25208.355,41048.583333333336,Exp2018_032_setVI_HeLa_YFP-AstrinWT_CENPBdsRed_GFP_mcherry_01_R3D_D3D_Z2_C1_T09.tif,25997.60337161912,13251.2625
379,31_6,24.0,43511.041666666664,Exp2018_032_setVI_HeLa_YFP-AstrinWT_CENPBdsRed_GFP_mcherry_01_R3D_D3D_Z2_C0_T09.tif,38873.64668064291,25208.355,36134.0,Exp2018_032_setVI_HeLa_YFP-AstrinWT_CENPBdsRed_GFP_mcherry_01_R3D_D3D_Z2_C1_T09.tif,25997.60337161912,13251.2625
380,31_7,5.0,55650.6,Exp2018_032_setVI_HeLa_YFP-AstrinWT_CENPBdsRed_GFP_mcherry_01_R3D_D3D_Z2_C0_T09.tif,38873.64668064291,25208.355,34357.4,Exp2018_032_setVI_HeLa_YFP-AstrinWT_CENPBdsRed_GFP_mcherry_01_R3D_D3D_Z2_C1_T09.tif,25997.60337161912,13251.2625
381,31_8,20.0,41420.4,Exp2018_032_setVI_HeLa_YFP-AstrinWT_CENPBdsRed_GFP_mcherry_01_R3D_D3D_Z2_C0_T09.tif,38873.64668064291,25208.355,39688.3,Exp2018_032_setVI_HeLa_YFP-AstrinWT_CENPBdsRed_GFP_mcherry_01_R3D_D3D_Z2_C1_T09.tif,25997.60337161912,13251.2625
382,31_9,5.0,31663.4,Exp2018_032_setVI_HeLa_YFP-AstrinWT_CENPBdsRed_GFP_mcherry_01_R3D_D3D_Z2_C0_T09.tif,38873.64668064291,25208.355,31731.6,Exp2018_032_setVI_HeLa_YFP-AstrinWT_CENPBdsRed_GFP_mcherry_01_R3D_D3D_Z2_C1_T09.tif,25997.60337161912,13251.2625
383,31_10,5.0,42737.0,Exp2018_032_setVI_HeLa_YFP-AstrinWT_CENPBdsRed_GFP_mcherry_01_R3D_D3D_Z2_C0_T09.tif,38873.64668064291,25208.355,33725.0,Exp2018_032_setVI_HeLa_YFP-AstrinWT_CENPBdsRed_GFP_mcherry_01_R3D_D3D_Z2_C1_T09.tif,25997.60337161912,13251.2625
384,31_11,10.0,44375.1,Exp2018_032_setVI_HeLa_YFP-AstrinWT_CENPBdsRed_GFP_mcherry_01_R3D_D3D_Z2_C0_T09.tif,38873.64668064291,25208.355,31444.9,Exp2018_032_setVI_HeLa_YFP-AstrinWT_CENPBdsRed_GFP_mcherry_01_R3D_D3D_Z2_C1_T09.tif,25997.60337161912,13251.2625
385,32_1,4.0,43070.25,Exp2018_032_setVI_HeLa_YFP-AstrinWT_CENPBdsRed_GFP_mcherry_01_R3D_D3D_Z2_C0_T10.tif,39021.3786775007,26049.9725,50028.5,Exp2018_032_setVI_HeLa_YFP-AstrinWT_CENPBdsRed_GFP_mcherry_01_R3D_D3D_Z2_C1_T10.tif,27131.549811095647,13592.46
386,32_2,5.0,33494.8,Exp2018_032_setVI_HeLa_YFP-AstrinWT_CENPBdsRed_GFP_mcherry_01_R3D_D3D_Z2_C0_T10.tif,39021.3786775007,26049.9725,43072.2,Exp2018_032_setVI_HeLa_YFP-AstrinWT_CENPBdsRed_GFP_mcherry_01_R3D_D3D_Z2_C1_T10.tif,27131.549811095647,13592.46
387,32_3,5.0,49474.4,Exp2018_032_setVI_HeLa_YFP-AstrinWT_CENPBdsRed_GFP_mcherry_01_R3D_D3D_Z2_C0_T10.tif,39021.3786775007,26049.9725,32627.0,Exp2018_032_setVI_HeLa_YFP-AstrinWT_CENPBdsRed_GFP_mcherry_01_R3D_D3D_Z2_C1_T10.tif,27131.549811095647,13592.46
388,32_4,5.0,57077.0,Exp2018_032_setVI_HeLa_YFP-AstrinWT_CENPBdsRed_GFP_mcherry_01_R3D_D3D_Z2_C0_T10.tif,39021.3786775007,26049.9725,33495.8,Exp2018_032_setVI_HeLa_YFP-AstrinWT_CENPBdsRed_GFP_mcherry_01_R3D_D3D_Z2_C1_T10.tif,27131.549811095647,13592.46
389,32_5,5.0,48101.6,Exp2018_032_setVI_HeLa_YFP-AstrinWT_CENPBdsRed_GFP_mcherry_01_R3D_D3D_Z2_C0_T10.tif,39021.3786775007,26049.9725,37774.8,Exp2018_032_setVI_HeLa_YFP-AstrinWT_CENPBdsRed_GFP_mcherry_01_R3D_D3D_Z2_C1_T10.tif,27131.549811095647,13592.46
390,32_6,5.0,38874.4,Exp2018_032_setVI_HeLa_YFP-AstrinWT_CENPBdsRed_GFP_mcherry_01_R3D_D3D_Z2_C0_T10.tif,39021.3786775007,26049.9725,29418.4,Exp2018_032_setVI_HeLa_YFP-AstrinWT_CENPBdsRed_GFP_mcherry_01_R3D_D3D_Z2_C1_T10.tif,27131.549811095647,13592.46
391,32_7,5.0,39116.4,Exp2018_032_setVI_HeLa_YFP-AstrinWT_CENPBdsRed_GFP_mcherry_01_R3D_D3D_Z2_C0_T10.tif,39021.3786775007,26049.9725,30814.8,Exp2018_032_setVI_HeLa_YFP-AstrinWT_CENPBdsRed_GFP_mcherry_01_R3D_D3D_Z2_C1_T10.tif,27131.549811095647,13592.46
392,32_8,9.0,38789.11111111111,Exp2018_032_setVI_HeLa_YFP-AstrinWT_CENPBdsRed_GFP_mcherry_01_R3D_D3D_Z2_C0_T10.tif,39021.3786775007,26049.9725,32610.88888888889,Exp2018_032_setVI_HeLa_YFP-AstrinWT_CENPBdsRed_GFP_mcherry_01_R3D_D3D_Z2_C1_T10.tif,27131.549811095647,13592.46
