,label,mean_intensity_YFP_astrin,fname_YFP_astrin,mean_intensity_cenpb_ds_red,fname_cenpb_ds_red,YFP_astrin_cyto,cenpb_ds_red_cyto,YFP_astrin_bg,cenpb_ds_red_bg
0,0_1,13947.295530726256,Exp2018_032_IV_HeLa_MG132_YFP-AstrinWT_CENPB-dsRed_GFP_mcherry02_R3D_D3D_Z0_C1_T00.tif,9872.130167597765,Exp2018_032_IV_HeLa_MG132_YFP-AstrinWT_CENPB-dsRed_GFP_mcherry02_R3D_D3D_Z0_C0_T00.tif,8347.982965931864,9523.703286807744,6007.4225,7841.0725
1,0_2,10999.75,Exp2018_032_IV_HeLa_MG132_YFP-AstrinWT_CENPB-dsRed_GFP_mcherry02_R3D_D3D_Z0_C1_T00.tif,11346.75,Exp2018_032_IV_HeLa_MG132_YFP-AstrinWT_CENPB-dsRed_GFP_mcherry02_R3D_D3D_Z0_C0_T00.tif,8347.982965931864,9523.703286807744,6007.4225,7841.0725
2,0_3,10880.727272727272,Exp2018_032_IV_HeLa_MG132_YFP-AstrinWT_CENPB-dsRed_GFP_mcherry02_R3D_D3D_Z0_C1_T00.tif,9362.363636363636,Exp2018_032_IV_HeLa_MG132_YFP-AstrinWT_CENPB-dsRed_GFP_mcherry02_R3D_D3D_Z0_C0_T00.tif,8347.982965931864,9523.703286807744,6007.4225,7841.0725
3,0_4,10664.25,Exp2018_032_IV_HeLa_MG132_YFP-AstrinWT_CENPB-dsRed_GFP_mcherry02_R3D_D3D_Z0_C1_T00.tif,10066.125,Exp2018_032_IV_HeLa_MG132_YFP-AstrinWT_CENPB-dsRed_GFP_mcherry02_R3D_D3D_Z0_C0_T00.tif,8347.982965931864,9523.703286807744,6007.4225,7841.0725
4,0_5,11289.6,Exp2018_032_IV_HeLa_MG132_YFP-AstrinWT_CENPB-dsRed_GFP_mcherry02_R3D_D3D_Z0_C1_T00.tif,7379.2,Exp2018_032_IV_HeLa_MG132_YFP-AstrinWT_CENPB-dsRed_GFP_mcherry02_R3D_D3D_Z0_C0_T00.tif,8347.982965931864,9523.703286807744,6007.4225,7841.0725
5,0_6,10347.5,Exp2018_032_IV_HeLa_MG132_YFP-AstrinWT_CENPB-dsRed_GFP_mcherry02_R3D_D3D_Z0_C1_T00.tif,8580.875,Exp2018_032_IV_HeLa_MG132_YFP-AstrinWT_CENPB-dsRed_GFP_mcherry02_R3D_D3D_Z0_C0_T00.tif,8347.982965931864,9523.703286807744,6007.4225,7841.0725
6,0_7,10923.583333333334,Exp2018_032_IV_HeLa_MG132_YFP-AstrinWT_CENPB-dsRed_GFP_mcherry02_R3D_D3D_Z0_C1_T00.tif,8294.416666666666,Exp2018_032_IV_HeLa_MG132_YFP-AstrinWT_CENPB-dsRed_GFP_mcherry02_R3D_D3D_Z0_C0_T00.tif,8347.982965931864,9523.703286807744,6007.4225,7841.0725
7,0_8,11055.09090909091,Exp2018_032_IV_HeLa_MG132_YFP-AstrinWT_CENPB-dsRed_GFP_mcherry02_R3D_D3D_Z0_C1_T00.tif,8904.454545454546,Exp2018_032_IV_HeLa_MG132_YFP-AstrinWT_CENPB-dsRed_GFP_mcherry02_R3D_D3D_Z0_C0_T00.tif,8347.982965931864,9523.703286807744,6007.4225,7841.0725
8,0_9,11229.25,Exp2018_032_IV_HeLa_MG132_YFP-AstrinWT_CENPB-dsRed_GFP_mcherry02_R3D_D3D_Z0_C1_T00.tif,6826.75,Exp2018_032_IV_HeLa_MG132_YFP-AstrinWT_CENPB-dsRed_GFP_mcherry02_R3D_D3D_Z0_C0_T00.tif,8347.982965931864,9523.703286807744,6007.4225,7841.0725
9,1_1,14165.71189479976,Exp2018_032_IV_HeLa_MG132_YFP-AstrinWT_CENPB-dsRed_GFP_mcherry02_R3D_D3D_Z0_C1_T01.tif,9895.445905558876,Exp2018_032_IV_HeLa_MG132_YFP-AstrinWT_CENPB-dsRed_GFP_mcherry02_R3D_D3D_Z0_C0_T01.tif,8347.982965931864,9523.703286807744,6007.4225,7841.0725
10,1_2,11010.125,Exp2018_032_IV_HeLa_MG132_YFP-AstrinWT_CENPB-dsRed_GFP_mcherry02_R3D_D3D_Z0_C1_T01.tif,8644.125,Exp2018_032_IV_HeLa_MG132_YFP-AstrinWT_CENPB-dsRed_GFP_mcherry02_R3D_D3D_Z0_C0_T01.tif,8347.982965931864,9523.703286807744,6007.4225,7841.0725
11,1_3,11338.6,Exp2018_032_IV_HeLa_MG132_YFP-AstrinWT_CENPB-dsRed_GFP_mcherry02_R3D_D3D_Z0_C1_T01.tif,9426.0,Exp2018_032_IV_HeLa_MG132_YFP-AstrinWT_CENPB-dsRed_GFP_mcherry02_R3D_D3D_Z0_C0_T01.tif,8347.982965931864,9523.703286807744,6007.4225,7841.0725
12,1_4,11063.625,Exp2018_032_IV_HeLa_MG132_YFP-AstrinWT_CENPB-dsRed_GFP_mcherry02_R3D_D3D_Z0_C1_T01.tif,9144.75,Exp2018_032_IV_HeLa_MG132_YFP-AstrinWT_CENPB-dsRed_GFP_mcherry02_R3D_D3D_Z0_C0_T01.tif,8347.982965931864,9523.703286807744,6007.4225,7841.0725
13,1_5,11233.533333333333,Exp2018_032_IV_HeLa_MG132_YFP-AstrinWT_CENPB-dsRed_GFP_mcherry02_R3D_D3D_Z0_C1_T01.tif,9324.0,Exp2018_032_IV_HeLa_MG132_YFP-AstrinWT_CENPB-dsRed_GFP_mcherry02_R3D_D3D_Z0_C0_T01.tif,8347.982965931864,9523.703286807744,6007.4225,7841.0725
14,1_6,11067.7,Exp2018_032_IV_HeLa_MG132_YFP-AstrinWT_CENPB-dsRed_GFP_mcherry02_R3D_D3D_Z0_C1_T01.tif,8186.9,Exp2018_032_IV_HeLa_MG132_YFP-AstrinWT_CENPB-dsRed_GFP_mcherry02_R3D_D3D_Z0_C0_T01.tif,8347.982965931864,9523.703286807744,6007.4225,7841.0725
15,1_7,11204.764705882353,Exp2018_032_IV_HeLa_MG132_YFP-AstrinWT_CENPB-dsRed_GFP_mcherry02_R3D_D3D_Z0_C1_T01.tif,7526.058823529412,Exp2018_032_IV_HeLa_MG132_YFP-AstrinWT_CENPB-dsRed_GFP_mcherry02_R3D_D3D_Z0_C0_T01.tif,8347.982965931864,9523.703286807744,6007.4225,7841.0725
16,1_8,11965.111111111111,Exp2018_032_IV_HeLa_MG132_YFP-AstrinWT_CENPB-dsRed_GFP_mcherry02_R3D_D3D_Z0_C1_T01.tif,8999.0,Exp2018_032_IV_HeLa_MG132_YFP-AstrinWT_CENPB-dsRed_GFP_mcherry02_R3D_D3D_Z0_C0_T01.tif,8347.982965931864,9523.703286807744,6007.4225,7841.0725
17,2_1,13505.678874734607,Exp2018_032_IV_HeLa_MG132_YFP-AstrinWT_CENPB-dsRed_GFP_mcherry02_R3D_D3D_Z0_C1_T02.tif,9834.214437367304,Exp2018_032_IV_HeLa_MG132_YFP-AstrinWT_CENPB-dsRed_GFP_mcherry02_R3D_D3D_Z0_C0_T02.tif,8347.982965931864,9523.703286807744,6007.4225,7841.0725
18,2_2,9880.785714285714,Exp2018_032_IV_HeLa_MG132_YFP-AstrinWT_CENPB-dsRed_GFP_mcherry02_R3D_D3D_Z0_C1_T02.tif,10456.214285714286,Exp2018_032_IV_HeLa_MG132_YFP-AstrinWT_CENPB-dsRed_GFP_mcherry02_R3D_D3D_Z0_C0_T02.tif,8347.982965931864,9523.703286807744,6007.4225,7841.0725
19,2_3,10275.727272727272,Exp2018_032_IV_HeLa_MG132_YFP-AstrinWT_CENPB-dsRed_GFP_mcherry02_R3D_D3D_Z0_C1_T02.tif,9204.0,Exp2018_032_IV_HeLa_MG132_YFP-AstrinWT_CENPB-dsRed_GFP_mcherry02_R3D_D3D_Z0_C0_T02.tif,8347.982965931864,9523.703286807744,6007.4225,7841.0725
20,2_4,10582.625,Exp2018_032_IV_HeLa_MG132_YFP-AstrinWT_CENPB-dsRed_GFP_mcherry02_R3D_D3D_Z0_C1_T02.tif,7951.625,Exp2018_032_IV_HeLa_MG132_YFP-AstrinWT_CENPB-dsRed_GFP_mcherry02_R3D_D3D_Z0_C0_T02.tif,8347.982965931864,9523.703286807744,6007.4225,7841.0725
21,2_5,9735.75,Exp2018_032_IV_HeLa_MG132_YFP-AstrinWT_CENPB-dsRed_GFP_mcherry02_R3D_D3D_Z0_C1_T02.tif,10306.625,Exp2018_032_IV_HeLa_MG132_YFP-AstrinWT_CENPB-dsRed_GFP_mcherry02_R3D_D3D_Z0_C0_T02.tif,8347.982965931864,9523.703286807744,6007.4225,7841.0725
22,2_6,10994.0,Exp2018_032_IV_HeLa_MG132_YFP-AstrinWT_CENPB-dsRed_GFP_mcherry02_R3D_D3D_Z0_C1_T02.tif,7864.75,Exp2018_032_IV_HeLa_MG132_YFP-AstrinWT_CENPB-dsRed_GFP_mcherry02_R3D_D3D_Z0_C0_T02.tif,8347.982965931864,9523.703286807744,6007.4225,7841.0725
23,2_7,10567.0,Exp2018_032_IV_HeLa_MG132_YFP-AstrinWT_CENPB-dsRed_GFP_mcherry02_R3D_D3D_Z0_C1_T02.tif,8443.666666666666,Exp2018_032_IV_HeLa_MG132_YFP-AstrinWT_CENPB-dsRed_GFP_mcherry02_R3D_D3D_Z0_C0_T02.tif,8347.982965931864,9523.703286807744,6007.4225,7841.0725
24,2_8,10383.625,Exp2018_032_IV_HeLa_MG132_YFP-AstrinWT_CENPB-dsRed_GFP_mcherry02_R3D_D3D_Z0_C1_T02.tif,10101.25,Exp2018_032_IV_HeLa_MG132_YFP-AstrinWT_CENPB-dsRed_GFP_mcherry02_R3D_D3D_Z0_C0_T02.tif,8347.982965931864,9523.703286807744,6007.4225,7841.0725
25,2_9,10744.74074074074,Exp2018_032_IV_HeLa_MG132_YFP-AstrinWT_CENPB-dsRed_GFP_mcherry02_R3D_D3D_Z0_C1_T02.tif,8626.888888888889,Exp2018_032_IV_HeLa_MG132_YFP-AstrinWT_CENPB-dsRed_GFP_mcherry02_R3D_D3D_Z0_C0_T02.tif,8347.982965931864,9523.703286807744,6007.4225,7841.0725
26,2_10,10514.9,Exp2018_032_IV_HeLa_MG132_YFP-AstrinWT_CENPB-dsRed_GFP_mcherry02_R3D_D3D_Z0_C1_T02.tif,9350.7,Exp2018_032_IV_HeLa_MG132_YFP-AstrinWT_CENPB-dsRed_GFP_mcherry02_R3D_D3D_Z0_C0_T02.tif,8347.982965931864,9523.703286807744,6007.4225,7841.0725
27,2_11,9877.125,Exp2018_032_IV_HeLa_MG132_YFP-AstrinWT_CENPB-dsRed_GFP_mcherry02_R3D_D3D_Z0_C1_T02.tif,8982.75,Exp2018_032_IV_HeLa_MG132_YFP-AstrinWT_CENPB-dsRed_GFP_mcherry02_R3D_D3D_Z0_C0_T02.tif,8347.982965931864,9523.703286807744,6007.4225,7841.0725
28,2_12,9863.5,Exp2018_032_IV_HeLa_MG132_YFP-AstrinWT_CENPB-dsRed_GFP_mcherry02_R3D_D3D_Z0_C1_T02.tif,9551.333333333334,Exp2018_032_IV_HeLa_MG132_YFP-AstrinWT_CENPB-dsRed_GFP_mcherry02_R3D_D3D_Z0_C0_T02.tif,8347.982965931864,9523.703286807744,6007.4225,7841.0725
29,2_13,11038.9,Exp2018_032_IV_HeLa_MG132_YFP-AstrinWT_CENPB-dsRed_GFP_mcherry02_R3D_D3D_Z0_C1_T02.tif,9379.2,Exp2018_032_IV_HeLa_MG132_YFP-AstrinWT_CENPB-dsRed_GFP_mcherry02_R3D_D3D_Z0_C0_T02.tif,8347.982965931864,9523.703286807744,6007.4225,7841.0725
30,2_14,9645.5,Exp2018_032_IV_HeLa_MG132_YFP-AstrinWT_CENPB-dsRed_GFP_mcherry02_R3D_D3D_Z0_C1_T02.tif,8597.0,Exp2018_032_IV_HeLa_MG132_YFP-AstrinWT_CENPB-dsRed_GFP_mcherry02_R3D_D3D_Z0_C0_T02.tif,8347.982965931864,9523.703286807744,6007.4225,7841.0725
31,2_15,11209.5,Exp2018_032_IV_HeLa_MG132_YFP-AstrinWT_CENPB-dsRed_GFP_mcherry02_R3D_D3D_Z0_C1_T02.tif,7766.333333333333,Exp2018_032_IV_HeLa_MG132_YFP-AstrinWT_CENPB-dsRed_GFP_mcherry02_R3D_D3D_Z0_C0_T02.tif,8347.982965931864,9523.703286807744,6007.4225,7841.0725
32,3_1,14424.551813471502,Exp2018_032_IV_HeLa_MG132_YFP-AstrinWT_CENPB-dsRed_GFP_mcherry02_R3D_D3D_Z0_C1_T03.tif,9984.499352331606,Exp2018_032_IV_HeLa_MG132_YFP-AstrinWT_CENPB-dsRed_GFP_mcherry02_R3D_D3D_Z0_C0_T03.tif,8347.982965931864,9523.703286807744,6007.4225,7841.0725
33,3_2,11386.25,Exp2018_032_IV_HeLa_MG132_YFP-AstrinWT_CENPB-dsRed_GFP_mcherry02_R3D_D3D_Z0_C1_T03.tif,10023.625,Exp2018_032_IV_HeLa_MG132_YFP-AstrinWT_CENPB-dsRed_GFP_mcherry02_R3D_D3D_Z0_C0_T03.tif,8347.982965931864,9523.703286807744,6007.4225,7841.0725
34,3_3,11740.384615384615,Exp2018_032_IV_HeLa_MG132_YFP-AstrinWT_CENPB-dsRed_GFP_mcherry02_R3D_D3D_Z0_C1_T03.tif,10085.76923076923,Exp2018_032_IV_HeLa_MG132_YFP-AstrinWT_CENPB-dsRed_GFP_mcherry02_R3D_D3D_Z0_C0_T03.tif,8347.982965931864,9523.703286807744,6007.4225,7841.0725
35,3_4,11547.2,Exp2018_032_IV_HeLa_MG132_YFP-AstrinWT_CENPB-dsRed_GFP_mcherry02_R3D_D3D_Z0_C1_T03.tif,7644.3,Exp2018_032_IV_HeLa_MG132_YFP-AstrinWT_CENPB-dsRed_GFP_mcherry02_R3D_D3D_Z0_C0_T03.tif,8347.982965931864,9523.703286807744,6007.4225,7841.0725
36,3_5,11959.625,Exp2018_032_IV_HeLa_MG132_YFP-AstrinWT_CENPB-dsRed_GFP_mcherry02_R3D_D3D_Z0_C1_T03.tif,8784.125,Exp2018_032_IV_HeLa_MG132_YFP-AstrinWT_CENPB-dsRed_GFP_mcherry02_R3D_D3D_Z0_C0_T03.tif,8347.982965931864,9523.703286807744,6007.4225,7841.0725
37,3_6,11810.5,Exp2018_032_IV_HeLa_MG132_YFP-AstrinWT_CENPB-dsRed_GFP_mcherry02_R3D_D3D_Z0_C1_T03.tif,8451.0,Exp2018_032_IV_HeLa_MG132_YFP-AstrinWT_CENPB-dsRed_GFP_mcherry02_R3D_D3D_Z0_C0_T03.tif,8347.982965931864,9523.703286807744,6007.4225,7841.0725
38,3_7,10418.75,Exp2018_032_IV_HeLa_MG132_YFP-AstrinWT_CENPB-dsRed_GFP_mcherry02_R3D_D3D_Z0_C1_T03.tif,8994.5,Exp2018_032_IV_HeLa_MG132_YFP-AstrinWT_CENPB-dsRed_GFP_mcherry02_R3D_D3D_Z0_C0_T03.tif,8347.982965931864,9523.703286807744,6007.4225,7841.0725
39,3_8,11924.666666666666,Exp2018_032_IV_HeLa_MG132_YFP-AstrinWT_CENPB-dsRed_GFP_mcherry02_R3D_D3D_Z0_C1_T03.tif,10217.333333333334,Exp2018_032_IV_HeLa_MG132_YFP-AstrinWT_CENPB-dsRed_GFP_mcherry02_R3D_D3D_Z0_C0_T03.tif,8347.982965931864,9523.703286807744,6007.4225,7841.0725
40,3_9,11498.75,Exp2018_032_IV_HeLa_MG132_YFP-AstrinWT_CENPB-dsRed_GFP_mcherry02_R3D_D3D_Z0_C1_T03.tif,8514.5,Exp2018_032_IV_HeLa_MG132_YFP-AstrinWT_CENPB-dsRed_GFP_mcherry02_R3D_D3D_Z0_C0_T03.tif,8347.982965931864,9523.703286807744,6007.4225,7841.0725
41,4_1,13983.172588832487,Exp2018_032_IV_HeLa_MG132_YFP-AstrinWT_CENPB-dsRed_GFP_mcherry02_R3D_D3D_Z0_C1_T04.tif,9862.560913705584,Exp2018_032_IV_HeLa_MG132_YFP-AstrinWT_CENPB-dsRed_GFP_mcherry02_R3D_D3D_Z0_C0_T04.tif,8347.982965931864,9523.703286807744,6007.4225,7841.0725
42,4_2,14987.476555023923,Exp2018_032_IV_HeLa_MG132_YFP-AstrinWT_CENPB-dsRed_GFP_mcherry02_R3D_D3D_Z0_C1_T04.tif,10126.230622009569,Exp2018_032_IV_HeLa_MG132_YFP-AstrinWT_CENPB-dsRed_GFP_mcherry02_R3D_D3D_Z0_C0_T04.tif,8347.982965931864,9523.703286807744,6007.4225,7841.0725
43,4_3,11545.0,Exp2018_032_IV_HeLa_MG132_YFP-AstrinWT_CENPB-dsRed_GFP_mcherry02_R3D_D3D_Z0_C1_T04.tif,9133.625,Exp2018_032_IV_HeLa_MG132_YFP-AstrinWT_CENPB-dsRed_GFP_mcherry02_R3D_D3D_Z0_C0_T04.tif,8347.982965931864,9523.703286807744,6007.4225,7841.0725
44,4_4,12906.208333333334,Exp2018_032_IV_HeLa_MG132_YFP-AstrinWT_CENPB-dsRed_GFP_mcherry02_R3D_D3D_Z0_C1_T04.tif,9820.666666666666,Exp2018_032_IV_HeLa_MG132_YFP-AstrinWT_CENPB-dsRed_GFP_mcherry02_R3D_D3D_Z0_C0_T04.tif,8347.982965931864,9523.703286807744,6007.4225,7841.0725
45,4_5,11908.125,Exp2018_032_IV_HeLa_MG132_YFP-AstrinWT_CENPB-dsRed_GFP_mcherry02_R3D_D3D_Z0_C1_T04.tif,8610.75,Exp2018_032_IV_HeLa_MG132_YFP-AstrinWT_CENPB-dsRed_GFP_mcherry02_R3D_D3D_Z0_C0_T04.tif,8347.982965931864,9523.703286807744,6007.4225,7841.0725
46,5_1,14096.138554216868,Exp2018_032_IV_HeLa_MG132_YFP-AstrinWT_CENPB-dsRed_GFP_mcherry02_R3D_D3D_Z0_C1_T05.tif,9641.222891566265,Exp2018_032_IV_HeLa_MG132_YFP-AstrinWT_CENPB-dsRed_GFP_mcherry02_R3D_D3D_Z0_C0_T05.tif,8347.982965931864,9523.703286807744,6007.4225,7841.0725
47,5_2,12000.166666666666,Exp2018_032_IV_HeLa_MG132_YFP-AstrinWT_CENPB-dsRed_GFP_mcherry02_R3D_D3D_Z0_C1_T05.tif,10167.555555555555,Exp2018_032_IV_HeLa_MG132_YFP-AstrinWT_CENPB-dsRed_GFP_mcherry02_R3D_D3D_Z0_C0_T05.tif,8347.982965931864,9523.703286807744,6007.4225,7841.0725
48,5_3,14362.248743718594,Exp2018_032_IV_HeLa_MG132_YFP-AstrinWT_CENPB-dsRed_GFP_mcherry02_R3D_D3D_Z0_C1_T05.tif,10136.037688442211,Exp2018_032_IV_HeLa_MG132_YFP-AstrinWT_CENPB-dsRed_GFP_mcherry02_R3D_D3D_Z0_C0_T05.tif,8347.982965931864,9523.703286807744,6007.4225,7841.0725
49,5_4,11580.75,Exp2018_032_IV_HeLa_MG132_YFP-AstrinWT_CENPB-dsRed_GFP_mcherry02_R3D_D3D_Z0_C1_T05.tif,9294.875,Exp2018_032_IV_HeLa_MG132_YFP-AstrinWT_CENPB-dsRed_GFP_mcherry02_R3D_D3D_Z0_C0_T05.tif,8347.982965931864,9523.703286807744,6007.4225,7841.0725
50,5_5,11291.0,Exp2018_032_IV_HeLa_MG132_YFP-AstrinWT_CENPB-dsRed_GFP_mcherry02_R3D_D3D_Z0_C1_T05.tif,9592.625,Exp2018_032_IV_HeLa_MG132_YFP-AstrinWT_CENPB-dsRed_GFP_mcherry02_R3D_D3D_Z0_C0_T05.tif,8347.982965931864,9523.703286807744,6007.4225,7841.0725
51,6_1,12550.375,Exp2018_032_IV_HeLa_MG132_YFP-AstrinWT_CENPB-dsRed_GFP_mcherry02_R3D_D3D_Z0_C1_T06.tif,7674.0,Exp2018_032_IV_HeLa_MG132_YFP-AstrinWT_CENPB-dsRed_GFP_mcherry02_R3D_D3D_Z0_C0_T06.tif,8347.982965931864,9523.703286807744,6007.4225,7841.0725
52,6_2,15024.326086956522,Exp2018_032_IV_HeLa_MG132_YFP-AstrinWT_CENPB-dsRed_GFP_mcherry02_R3D_D3D_Z0_C1_T06.tif,9778.353260869566,Exp2018_032_IV_HeLa_MG132_YFP-AstrinWT_CENPB-dsRed_GFP_mcherry02_R3D_D3D_Z0_C0_T06.tif,8347.982965931864,9523.703286807744,6007.4225,7841.0725
53,6_3,14389.15,Exp2018_032_IV_HeLa_MG132_YFP-AstrinWT_CENPB-dsRed_GFP_mcherry02_R3D_D3D_Z0_C1_T06.tif,9656.834615384616,Exp2018_032_IV_HeLa_MG132_YFP-AstrinWT_CENPB-dsRed_GFP_mcherry02_R3D_D3D_Z0_C0_T06.tif,8347.982965931864,9523.703286807744,6007.4225,7841.0725
54,6_4,12292.625,Exp2018_032_IV_HeLa_MG132_YFP-AstrinWT_CENPB-dsRed_GFP_mcherry02_R3D_D3D_Z0_C1_T06.tif,11044.875,Exp2018_032_IV_HeLa_MG132_YFP-AstrinWT_CENPB-dsRed_GFP_mcherry02_R3D_D3D_Z0_C0_T06.tif,8347.982965931864,9523.703286807744,6007.4225,7841.0725
55,6_5,15383.751592356688,Exp2018_032_IV_HeLa_MG132_YFP-AstrinWT_CENPB-dsRed_GFP_mcherry02_R3D_D3D_Z0_C1_T06.tif,10137.581210191083,Exp2018_032_IV_HeLa_MG132_YFP-AstrinWT_CENPB-dsRed_GFP_mcherry02_R3D_D3D_Z0_C0_T06.tif,8347.982965931864,9523.703286807744,6007.4225,7841.0725
56,7_1,13210.4945624029,Exp2018_032_IV_HeLa_MG132_YFP-AstrinWT_CENPB-dsRed_GFP_mcherry02_R3D_D3D_Z0_C1_T07.tif,9725.243915069912,Exp2018_032_IV_HeLa_MG132_YFP-AstrinWT_CENPB-dsRed_GFP_mcherry02_R3D_D3D_Z0_C0_T07.tif,8347.982965931864,9523.703286807744,6007.4225,7841.0725
57,7_2,10191.5,Exp2018_032_IV_HeLa_MG132_YFP-AstrinWT_CENPB-dsRed_GFP_mcherry02_R3D_D3D_Z0_C1_T07.tif,9982.0,Exp2018_032_IV_HeLa_MG132_YFP-AstrinWT_CENPB-dsRed_GFP_mcherry02_R3D_D3D_Z0_C0_T07.tif,8347.982965931864,9523.703286807744,6007.4225,7841.0725
58,7_3,9762.25,Exp2018_032_IV_HeLa_MG132_YFP-AstrinWT_CENPB-dsRed_GFP_mcherry02_R3D_D3D_Z0_C1_T07.tif,8790.375,Exp2018_032_IV_HeLa_MG132_YFP-AstrinWT_CENPB-dsRed_GFP_mcherry02_R3D_D3D_Z0_C0_T07.tif,8347.982965931864,9523.703286807744,6007.4225,7841.0725
59,7_4,9849.0,Exp2018_032_IV_HeLa_MG132_YFP-AstrinWT_CENPB-dsRed_GFP_mcherry02_R3D_D3D_Z0_C1_T07.tif,8188.0,Exp2018_032_IV_HeLa_MG132_YFP-AstrinWT_CENPB-dsRed_GFP_mcherry02_R3D_D3D_Z0_C0_T07.tif,8347.982965931864,9523.703286807744,6007.4225,7841.0725
60,7_5,10511.75,Exp2018_032_IV_HeLa_MG132_YFP-AstrinWT_CENPB-dsRed_GFP_mcherry02_R3D_D3D_Z0_C1_T07.tif,9255.0,Exp2018_032_IV_HeLa_MG132_YFP-AstrinWT_CENPB-dsRed_GFP_mcherry02_R3D_D3D_Z0_C0_T07.tif,8347.982965931864,9523.703286807744,6007.4225,7841.0725
61,7_6,10405.25,Exp2018_032_IV_HeLa_MG132_YFP-AstrinWT_CENPB-dsRed_GFP_mcherry02_R3D_D3D_Z0_C1_T07.tif,7607.25,Exp2018_032_IV_HeLa_MG132_YFP-AstrinWT_CENPB-dsRed_GFP_mcherry02_R3D_D3D_Z0_C0_T07.tif,8347.982965931864,9523.703286807744,6007.4225,7841.0725
62,7_7,9576.0,Exp2018_032_IV_HeLa_MG132_YFP-AstrinWT_CENPB-dsRed_GFP_mcherry02_R3D_D3D_Z0_C1_T07.tif,8641.25,Exp2018_032_IV_HeLa_MG132_YFP-AstrinWT_CENPB-dsRed_GFP_mcherry02_R3D_D3D_Z0_C0_T07.tif,8347.982965931864,9523.703286807744,6007.4225,7841.0725
63,7_8,10816.75,Exp2018_032_IV_HeLa_MG132_YFP-AstrinWT_CENPB-dsRed_GFP_mcherry02_R3D_D3D_Z0_C1_T07.tif,10958.75,Exp2018_032_IV_HeLa_MG132_YFP-AstrinWT_CENPB-dsRed_GFP_mcherry02_R3D_D3D_Z0_C0_T07.tif,8347.982965931864,9523.703286807744,6007.4225,7841.0725
64,8_1,15173.0,Exp2018_032_IV_HeLa_MG132_YFP-AstrinWT_CENPB-dsRed_GFP_mcherry02_R3D_D3D_Z0_C1_T08.tif,12125.0,Exp2018_032_IV_HeLa_MG132_YFP-AstrinWT_CENPB-dsRed_GFP_mcherry02_R3D_D3D_Z0_C0_T08.tif,8347.982965931864,9523.703286807744,6007.4225,7841.0725
65,8_2,15461.818181818182,Exp2018_032_IV_HeLa_MG132_YFP-AstrinWT_CENPB-dsRed_GFP_mcherry02_R3D_D3D_Z0_C1_T08.tif,9560.181818181818,Exp2018_032_IV_HeLa_MG132_YFP-AstrinWT_CENPB-dsRed_GFP_mcherry02_R3D_D3D_Z0_C0_T08.tif,8347.982965931864,9523.703286807744,6007.4225,7841.0725
66,8_3,17340.807228915663,Exp2018_032_IV_HeLa_MG132_YFP-AstrinWT_CENPB-dsRed_GFP_mcherry02_R3D_D3D_Z0_C1_T08.tif,9957.277108433735,Exp2018_032_IV_HeLa_MG132_YFP-AstrinWT_CENPB-dsRed_GFP_mcherry02_R3D_D3D_Z0_C0_T08.tif,8347.982965931864,9523.703286807744,6007.4225,7841.0725
67,8_4,15628.375,Exp2018_032_IV_HeLa_MG132_YFP-AstrinWT_CENPB-dsRed_GFP_mcherry02_R3D_D3D_Z0_C1_T08.tif,9238.5,Exp2018_032_IV_HeLa_MG132_YFP-AstrinWT_CENPB-dsRed_GFP_mcherry02_R3D_D3D_Z0_C0_T08.tif,8347.982965931864,9523.703286807744,6007.4225,7841.0725
68,8_5,16424.0,Exp2018_032_IV_HeLa_MG132_YFP-AstrinWT_CENPB-dsRed_GFP_mcherry02_R3D_D3D_Z0_C1_T08.tif,9683.132352941177,Exp2018_032_IV_HeLa_MG132_YFP-AstrinWT_CENPB-dsRed_GFP_mcherry02_R3D_D3D_Z0_C0_T08.tif,8347.982965931864,9523.703286807744,6007.4225,7841.0725
69,8_6,15884.905405405405,Exp2018_032_IV_HeLa_MG132_YFP-AstrinWT_CENPB-dsRed_GFP_mcherry02_R3D_D3D_Z0_C1_T08.tif,10227.662162162162,Exp2018_032_IV_HeLa_MG132_YFP-AstrinWT_CENPB-dsRed_GFP_mcherry02_R3D_D3D_Z0_C0_T08.tif,8347.982965931864,9523.703286807744,6007.4225,7841.0725
70,8_7,18108.467391304348,Exp2018_032_IV_HeLa_MG132_YFP-AstrinWT_CENPB-dsRed_GFP_mcherry02_R3D_D3D_Z0_C1_T08.tif,10286.021739130434,Exp2018_032_IV_HeLa_MG132_YFP-AstrinWT_CENPB-dsRed_GFP_mcherry02_R3D_D3D_Z0_C0_T08.tif,8347.982965931864,9523.703286807744,6007.4225,7841.0725
71,8_8,17216.00900900901,Exp2018_032_IV_HeLa_MG132_YFP-AstrinWT_CENPB-dsRed_GFP_mcherry02_R3D_D3D_Z0_C1_T08.tif,9884.63963963964,Exp2018_032_IV_HeLa_MG132_YFP-AstrinWT_CENPB-dsRed_GFP_mcherry02_R3D_D3D_Z0_C0_T08.tif,8347.982965931864,9523.703286807744,6007.4225,7841.0725
72,8_9,17649.012345679013,Exp2018_032_IV_HeLa_MG132_YFP-AstrinWT_CENPB-dsRed_GFP_mcherry02_R3D_D3D_Z0_C1_T08.tif,10393.012345679012,Exp2018_032_IV_HeLa_MG132_YFP-AstrinWT_CENPB-dsRed_GFP_mcherry02_R3D_D3D_Z0_C0_T08.tif,8347.982965931864,9523.703286807744,6007.4225,7841.0725
73,8_10,15844.066666666668,Exp2018_032_IV_HeLa_MG132_YFP-AstrinWT_CENPB-dsRed_GFP_mcherry02_R3D_D3D_Z0_C1_T08.tif,10097.433333333332,Exp2018_032_IV_HeLa_MG132_YFP-AstrinWT_CENPB-dsRed_GFP_mcherry02_R3D_D3D_Z0_C0_T08.tif,8347.982965931864,9523.703286807744,6007.4225,7841.0725
74,8_11,16544.35714285714,Exp2018_032_IV_HeLa_MG132_YFP-AstrinWT_CENPB-dsRed_GFP_mcherry02_R3D_D3D_Z0_C1_T08.tif,10606.642857142857,Exp2018_032_IV_HeLa_MG132_YFP-AstrinWT_CENPB-dsRed_GFP_mcherry02_R3D_D3D_Z0_C0_T08.tif,8347.982965931864,9523.703286807744,6007.4225,7841.0725
75,9_1,13626.05,Exp2018_032_IV_HeLa_MG132_YFP-AstrinWT_CENPB-dsRed_GFP_mcherry02_R3D_D3D_Z0_C1_T09.tif,9306.7,Exp2018_032_IV_HeLa_MG132_YFP-AstrinWT_CENPB-dsRed_GFP_mcherry02_R3D_D3D_Z0_C0_T09.tif,8347.982965931864,9523.703286807744,6007.4225,7841.0725
76,9_2,14623.382978723404,Exp2018_032_IV_HeLa_MG132_YFP-AstrinWT_CENPB-dsRed_GFP_mcherry02_R3D_D3D_Z0_C1_T09.tif,10687.553191489362,Exp2018_032_IV_HeLa_MG132_YFP-AstrinWT_CENPB-dsRed_GFP_mcherry02_R3D_D3D_Z0_C0_T09.tif,8347.982965931864,9523.703286807744,6007.4225,7841.0725
77,9_3,12827.875,Exp2018_032_IV_HeLa_MG132_YFP-AstrinWT_CENPB-dsRed_GFP_mcherry02_R3D_D3D_Z0_C1_T09.tif,8051.625,Exp2018_032_IV_HeLa_MG132_YFP-AstrinWT_CENPB-dsRed_GFP_mcherry02_R3D_D3D_Z0_C0_T09.tif,8347.982965931864,9523.703286807744,6007.4225,7841.0725
78,9_4,16480.6261682243,Exp2018_032_IV_HeLa_MG132_YFP-AstrinWT_CENPB-dsRed_GFP_mcherry02_R3D_D3D_Z0_C1_T09.tif,10114.73831775701,Exp2018_032_IV_HeLa_MG132_YFP-AstrinWT_CENPB-dsRed_GFP_mcherry02_R3D_D3D_Z0_C0_T09.tif,8347.982965931864,9523.703286807744,6007.4225,7841.0725
79,9_5,15354.684340320591,Exp2018_032_IV_HeLa_MG132_YFP-AstrinWT_CENPB-dsRed_GFP_mcherry02_R3D_D3D_Z0_C1_T09.tif,10145.271270036992,Exp2018_032_IV_HeLa_MG132_YFP-AstrinWT_CENPB-dsRed_GFP_mcherry02_R3D_D3D_Z0_C0_T09.tif,8347.982965931864,9523.703286807744,6007.4225,7841.0725
80,9_6,12544.333333333334,Exp2018_032_IV_HeLa_MG132_YFP-AstrinWT_CENPB-dsRed_GFP_mcherry02_R3D_D3D_Z0_C1_T09.tif,8211.583333333334,Exp2018_032_IV_HeLa_MG132_YFP-AstrinWT_CENPB-dsRed_GFP_mcherry02_R3D_D3D_Z0_C0_T09.tif,8347.982965931864,9523.703286807744,6007.4225,7841.0725
81,9_7,11876.857142857143,Exp2018_032_IV_HeLa_MG132_YFP-AstrinWT_CENPB-dsRed_GFP_mcherry02_R3D_D3D_Z0_C1_T09.tif,9423.57142857143,Exp2018_032_IV_HeLa_MG132_YFP-AstrinWT_CENPB-dsRed_GFP_mcherry02_R3D_D3D_Z0_C0_T09.tif,8347.982965931864,9523.703286807744,6007.4225,7841.0725
82,10_1,13584.11356660528,Exp2018_032_IV_HeLa_MG132_YFP-AstrinWT_CENPB-dsRed_GFP_mcherry02_R3D_D3D_Z0_C1_T10.tif,9845.832412523021,Exp2018_032_IV_HeLa_MG132_YFP-AstrinWT_CENPB-dsRed_GFP_mcherry02_R3D_D3D_Z0_C0_T10.tif,8347.982965931864,9523.703286807744,6007.4225,7841.0725
83,10_2,11310.25,Exp2018_032_IV_HeLa_MG132_YFP-AstrinWT_CENPB-dsRed_GFP_mcherry02_R3D_D3D_Z0_C1_T10.tif,9373.4375,Exp2018_032_IV_HeLa_MG132_YFP-AstrinWT_CENPB-dsRed_GFP_mcherry02_R3D_D3D_Z0_C0_T10.tif,8347.982965931864,9523.703286807744,6007.4225,7841.0725
84,10_3,11404.125,Exp2018_032_IV_HeLa_MG132_YFP-AstrinWT_CENPB-dsRed_GFP_mcherry02_R3D_D3D_Z0_C1_T10.tif,9134.75,Exp2018_032_IV_HeLa_MG132_YFP-AstrinWT_CENPB-dsRed_GFP_mcherry02_R3D_D3D_Z0_C0_T10.tif,8347.982965931864,9523.703286807744,6007.4225,7841.0725
85,10_4,11286.07142857143,Exp2018_032_IV_HeLa_MG132_YFP-AstrinWT_CENPB-dsRed_GFP_mcherry02_R3D_D3D_Z0_C1_T10.tif,9795.714285714286,Exp2018_032_IV_HeLa_MG132_YFP-AstrinWT_CENPB-dsRed_GFP_mcherry02_R3D_D3D_Z0_C0_T10.tif,8347.982965931864,9523.703286807744,6007.4225,7841.0725
86,10_5,11358.7,Exp2018_032_IV_HeLa_MG132_YFP-AstrinWT_CENPB-dsRed_GFP_mcherry02_R3D_D3D_Z0_C1_T10.tif,8543.5,Exp2018_032_IV_HeLa_MG132_YFP-AstrinWT_CENPB-dsRed_GFP_mcherry02_R3D_D3D_Z0_C0_T10.tif,8347.982965931864,9523.703286807744,6007.4225,7841.0725
87,10_6,9773.833333333334,Exp2018_032_IV_HeLa_MG132_YFP-AstrinWT_CENPB-dsRed_GFP_mcherry02_R3D_D3D_Z0_C1_T10.tif,9047.083333333334,Exp2018_032_IV_HeLa_MG132_YFP-AstrinWT_CENPB-dsRed_GFP_mcherry02_R3D_D3D_Z0_C0_T10.tif,8347.982965931864,9523.703286807744,6007.4225,7841.0725
88,10_7,11042.875,Exp2018_032_IV_HeLa_MG132_YFP-AstrinWT_CENPB-dsRed_GFP_mcherry02_R3D_D3D_Z0_C1_T10.tif,8774.25,Exp2018_032_IV_HeLa_MG132_YFP-AstrinWT_CENPB-dsRed_GFP_mcherry02_R3D_D3D_Z0_C0_T10.tif,8347.982965931864,9523.703286807744,6007.4225,7841.0725
89,10_8,10807.7,Exp2018_032_IV_HeLa_MG132_YFP-AstrinWT_CENPB-dsRed_GFP_mcherry02_R3D_D3D_Z0_C1_T10.tif,8790.1,Exp2018_032_IV_HeLa_MG132_YFP-AstrinWT_CENPB-dsRed_GFP_mcherry02_R3D_D3D_Z0_C0_T10.tif,8347.982965931864,9523.703286807744,6007.4225,7841.0725
90,10_9,11370.0,Exp2018_032_IV_HeLa_MG132_YFP-AstrinWT_CENPB-dsRed_GFP_mcherry02_R3D_D3D_Z0_C1_T10.tif,9003.5,Exp2018_032_IV_HeLa_MG132_YFP-AstrinWT_CENPB-dsRed_GFP_mcherry02_R3D_D3D_Z0_C0_T10.tif,8347.982965931864,9523.703286807744,6007.4225,7841.0725
91,11_1,13495.547021943574,Exp2018_032_IV_HeLa_MG132_YFP-AstrinWT_CENPB-dsRed_GFP_mcherry02_R3D_D3D_Z1_C1_T00.tif,9912.918495297805,Exp2018_032_IV_HeLa_MG132_YFP-AstrinWT_CENPB-dsRed_GFP_mcherry02_R3D_D3D_Z1_C0_T00.tif,8347.982965931864,9523.703286807744,6007.4225,7841.0725
92,11_2,10836.25,Exp2018_032_IV_HeLa_MG132_YFP-AstrinWT_CENPB-dsRed_GFP_mcherry02_R3D_D3D_Z1_C1_T00.tif,8378.75,Exp2018_032_IV_HeLa_MG132_YFP-AstrinWT_CENPB-dsRed_GFP_mcherry02_R3D_D3D_Z1_C0_T00.tif,8347.982965931864,9523.703286807744,6007.4225,7841.0725
93,12_1,13127.757246376812,Exp2018_032_IV_HeLa_MG132_YFP-AstrinWT_CENPB-dsRed_GFP_mcherry02_R3D_D3D_Z1_C1_T01.tif,9848.659420289856,Exp2018_032_IV_HeLa_MG132_YFP-AstrinWT_CENPB-dsRed_GFP_mcherry02_R3D_D3D_Z1_C0_T01.tif,8347.982965931864,9523.703286807744,6007.4225,7841.0725
94,12_2,9975.421052631578,Exp2018_032_IV_HeLa_MG132_YFP-AstrinWT_CENPB-dsRed_GFP_mcherry02_R3D_D3D_Z1_C1_T01.tif,9950.473684210527,Exp2018_032_IV_HeLa_MG132_YFP-AstrinWT_CENPB-dsRed_GFP_mcherry02_R3D_D3D_Z1_C0_T01.tif,8347.982965931864,9523.703286807744,6007.4225,7841.0725
95,12_3,10093.363636363636,Exp2018_032_IV_HeLa_MG132_YFP-AstrinWT_CENPB-dsRed_GFP_mcherry02_R3D_D3D_Z1_C1_T01.tif,8346.181818181818,Exp2018_032_IV_HeLa_MG132_YFP-AstrinWT_CENPB-dsRed_GFP_mcherry02_R3D_D3D_Z1_C0_T01.tif,8347.982965931864,9523.703286807744,6007.4225,7841.0725
96,12_4,9746.875,Exp2018_032_IV_HeLa_MG132_YFP-AstrinWT_CENPB-dsRed_GFP_mcherry02_R3D_D3D_Z1_C1_T01.tif,7928.75,Exp2018_032_IV_HeLa_MG132_YFP-AstrinWT_CENPB-dsRed_GFP_mcherry02_R3D_D3D_Z1_C0_T01.tif,8347.982965931864,9523.703286807744,6007.4225,7841.0725
97,12_5,10471.642857142857,Exp2018_032_IV_HeLa_MG132_YFP-AstrinWT_CENPB-dsRed_GFP_mcherry02_R3D_D3D_Z1_C1_T01.tif,8869.714285714286,Exp2018_032_IV_HeLa_MG132_YFP-AstrinWT_CENPB-dsRed_GFP_mcherry02_R3D_D3D_Z1_C0_T01.tif,8347.982965931864,9523.703286807744,6007.4225,7841.0725
98,13_1,13160.942687747036,Exp2018_032_IV_HeLa_MG132_YFP-AstrinWT_CENPB-dsRed_GFP_mcherry02_R3D_D3D_Z1_C1_T02.tif,9878.744565217392,Exp2018_032_IV_HeLa_MG132_YFP-AstrinWT_CENPB-dsRed_GFP_mcherry02_R3D_D3D_Z1_C0_T02.tif,8347.982965931864,9523.703286807744,6007.4225,7841.0725
99,13_2,10840.125,Exp2018_032_IV_HeLa_MG132_YFP-AstrinWT_CENPB-dsRed_GFP_mcherry02_R3D_D3D_Z1_C1_T02.tif,9184.0,Exp2018_032_IV_HeLa_MG132_YFP-AstrinWT_CENPB-dsRed_GFP_mcherry02_R3D_D3D_Z1_C0_T02.tif,8347.982965931864,9523.703286807744,6007.4225,7841.0725
100,13_3,10760.869565217392,Exp2018_032_IV_HeLa_MG132_YFP-AstrinWT_CENPB-dsRed_GFP_mcherry02_R3D_D3D_Z1_C1_T02.tif,8876.04347826087,Exp2018_032_IV_HeLa_MG132_YFP-AstrinWT_CENPB-dsRed_GFP_mcherry02_R3D_D3D_Z1_C0_T02.tif,8347.982965931864,9523.703286807744,6007.4225,7841.0725
101,13_4,10860.0,Exp2018_032_IV_HeLa_MG132_YFP-AstrinWT_CENPB-dsRed_GFP_mcherry02_R3D_D3D_Z1_C1_T02.tif,8719.636363636364,Exp2018_032_IV_HeLa_MG132_YFP-AstrinWT_CENPB-dsRed_GFP_mcherry02_R3D_D3D_Z1_C0_T02.tif,8347.982965931864,9523.703286807744,6007.4225,7841.0725
102,14_1,12610.494208494209,Exp2018_032_IV_HeLa_MG132_YFP-AstrinWT_CENPB-dsRed_GFP_mcherry02_R3D_D3D_Z1_C1_T03.tif,9816.09806949807,Exp2018_032_IV_HeLa_MG132_YFP-AstrinWT_CENPB-dsRed_GFP_mcherry02_R3D_D3D_Z1_C0_T03.tif,8347.982965931864,9523.703286807744,6007.4225,7841.0725
103,14_2,10131.8,Exp2018_032_IV_HeLa_MG132_YFP-AstrinWT_CENPB-dsRed_GFP_mcherry02_R3D_D3D_Z1_C1_T03.tif,9286.4,Exp2018_032_IV_HeLa_MG132_YFP-AstrinWT_CENPB-dsRed_GFP_mcherry02_R3D_D3D_Z1_C0_T03.tif,8347.982965931864,9523.703286807744,6007.4225,7841.0725
104,14_3,8618.4,Exp2018_032_IV_HeLa_MG132_YFP-AstrinWT_CENPB-dsRed_GFP_mcherry02_R3D_D3D_Z1_C1_T03.tif,8233.6,Exp2018_032_IV_HeLa_MG132_YFP-AstrinWT_CENPB-dsRed_GFP_mcherry02_R3D_D3D_Z1_C0_T03.tif,8347.982965931864,9523.703286807744,6007.4225,7841.0725
105,14_4,9209.166666666666,Exp2018_032_IV_HeLa_MG132_YFP-AstrinWT_CENPB-dsRed_GFP_mcherry02_R3D_D3D_Z1_C1_T03.tif,10560.666666666666,Exp2018_032_IV_HeLa_MG132_YFP-AstrinWT_CENPB-dsRed_GFP_mcherry02_R3D_D3D_Z1_C0_T03.tif,8347.982965931864,9523.703286807744,6007.4225,7841.0725
106,14_5,9652.5625,Exp2018_032_IV_HeLa_MG132_YFP-AstrinWT_CENPB-dsRed_GFP_mcherry02_R3D_D3D_Z1_C1_T03.tif,9692.0,Exp2018_032_IV_HeLa_MG132_YFP-AstrinWT_CENPB-dsRed_GFP_mcherry02_R3D_D3D_Z1_C0_T03.tif,8347.982965931864,9523.703286807744,6007.4225,7841.0725
107,14_6,9813.551724137931,Exp2018_032_IV_HeLa_MG132_YFP-AstrinWT_CENPB-dsRed_GFP_mcherry02_R3D_D3D_Z1_C1_T03.tif,8788.344827586207,Exp2018_032_IV_HeLa_MG132_YFP-AstrinWT_CENPB-dsRed_GFP_mcherry02_R3D_D3D_Z1_C0_T03.tif,8347.982965931864,9523.703286807744,6007.4225,7841.0725
108,14_7,9796.75,Exp2018_032_IV_HeLa_MG132_YFP-AstrinWT_CENPB-dsRed_GFP_mcherry02_R3D_D3D_Z1_C1_T03.tif,7990.75,Exp2018_032_IV_HeLa_MG132_YFP-AstrinWT_CENPB-dsRed_GFP_mcherry02_R3D_D3D_Z1_C0_T03.tif,8347.982965931864,9523.703286807744,6007.4225,7841.0725
109,15_1,13221.633301251202,Exp2018_032_IV_HeLa_MG132_YFP-AstrinWT_CENPB-dsRed_GFP_mcherry02_R3D_D3D_Z1_C1_T04.tif,9955.590471607315,Exp2018_032_IV_HeLa_MG132_YFP-AstrinWT_CENPB-dsRed_GFP_mcherry02_R3D_D3D_Z1_C0_T04.tif,8347.982965931864,9523.703286807744,6007.4225,7841.0725
110,15_2,10196.7,Exp2018_032_IV_HeLa_MG132_YFP-AstrinWT_CENPB-dsRed_GFP_mcherry02_R3D_D3D_Z1_C1_T04.tif,8770.4,Exp2018_032_IV_HeLa_MG132_YFP-AstrinWT_CENPB-dsRed_GFP_mcherry02_R3D_D3D_Z1_C0_T04.tif,8347.982965931864,9523.703286807744,6007.4225,7841.0725
111,15_3,10047.0,Exp2018_032_IV_HeLa_MG132_YFP-AstrinWT_CENPB-dsRed_GFP_mcherry02_R3D_D3D_Z1_C1_T04.tif,8755.25,Exp2018_032_IV_HeLa_MG132_YFP-AstrinWT_CENPB-dsRed_GFP_mcherry02_R3D_D3D_Z1_C0_T04.tif,8347.982965931864,9523.703286807744,6007.4225,7841.0725
112,15_4,10345.25,Exp2018_032_IV_HeLa_MG132_YFP-AstrinWT_CENPB-dsRed_GFP_mcherry02_R3D_D3D_Z1_C1_T04.tif,8028.25,Exp2018_032_IV_HeLa_MG132_YFP-AstrinWT_CENPB-dsRed_GFP_mcherry02_R3D_D3D_Z1_C0_T04.tif,8347.982965931864,9523.703286807744,6007.4225,7841.0725
113,15_5,10023.5,Exp2018_032_IV_HeLa_MG132_YFP-AstrinWT_CENPB-dsRed_GFP_mcherry02_R3D_D3D_Z1_C1_T04.tif,8992.25,Exp2018_032_IV_HeLa_MG132_YFP-AstrinWT_CENPB-dsRed_GFP_mcherry02_R3D_D3D_Z1_C0_T04.tif,8347.982965931864,9523.703286807744,6007.4225,7841.0725
114,15_6,11276.0,Exp2018_032_IV_HeLa_MG132_YFP-AstrinWT_CENPB-dsRed_GFP_mcherry02_R3D_D3D_Z1_C1_T04.tif,9328.666666666666,Exp2018_032_IV_HeLa_MG132_YFP-AstrinWT_CENPB-dsRed_GFP_mcherry02_R3D_D3D_Z1_C0_T04.tif,8347.982965931864,9523.703286807744,6007.4225,7841.0725
115,16_1,12847.389030612245,Exp2018_032_IV_HeLa_MG132_YFP-AstrinWT_CENPB-dsRed_GFP_mcherry02_R3D_D3D_Z1_C1_T05.tif,9923.69387755102,Exp2018_032_IV_HeLa_MG132_YFP-AstrinWT_CENPB-dsRed_GFP_mcherry02_R3D_D3D_Z1_C0_T05.tif,8347.982965931864,9523.703286807744,6007.4225,7841.0725
116,16_2,9816.4,Exp2018_032_IV_HeLa_MG132_YFP-AstrinWT_CENPB-dsRed_GFP_mcherry02_R3D_D3D_Z1_C1_T05.tif,9451.2,Exp2018_032_IV_HeLa_MG132_YFP-AstrinWT_CENPB-dsRed_GFP_mcherry02_R3D_D3D_Z1_C0_T05.tif,8347.982965931864,9523.703286807744,6007.4225,7841.0725
117,16_3,10120.0,Exp2018_032_IV_HeLa_MG132_YFP-AstrinWT_CENPB-dsRed_GFP_mcherry02_R3D_D3D_Z1_C1_T05.tif,9922.125,Exp2018_032_IV_HeLa_MG132_YFP-AstrinWT_CENPB-dsRed_GFP_mcherry02_R3D_D3D_Z1_C0_T05.tif,8347.982965931864,9523.703286807744,6007.4225,7841.0725
118,16_4,10002.625,Exp2018_032_IV_HeLa_MG132_YFP-AstrinWT_CENPB-dsRed_GFP_mcherry02_R3D_D3D_Z1_C1_T05.tif,9372.875,Exp2018_032_IV_HeLa_MG132_YFP-AstrinWT_CENPB-dsRed_GFP_mcherry02_R3D_D3D_Z1_C0_T05.tif,8347.982965931864,9523.703286807744,6007.4225,7841.0725
119,16_5,9451.333333333334,Exp2018_032_IV_HeLa_MG132_YFP-AstrinWT_CENPB-dsRed_GFP_mcherry02_R3D_D3D_Z1_C1_T05.tif,9991.583333333334,Exp2018_032_IV_HeLa_MG132_YFP-AstrinWT_CENPB-dsRed_GFP_mcherry02_R3D_D3D_Z1_C0_T05.tif,8347.982965931864,9523.703286807744,6007.4225,7841.0725
120,16_6,9929.0,Exp2018_032_IV_HeLa_MG132_YFP-AstrinWT_CENPB-dsRed_GFP_mcherry02_R3D_D3D_Z1_C1_T05.tif,8024.0,Exp2018_032_IV_HeLa_MG132_YFP-AstrinWT_CENPB-dsRed_GFP_mcherry02_R3D_D3D_Z1_C0_T05.tif,8347.982965931864,9523.703286807744,6007.4225,7841.0725
121,16_7,9389.5,Exp2018_032_IV_HeLa_MG132_YFP-AstrinWT_CENPB-dsRed_GFP_mcherry02_R3D_D3D_Z1_C1_T05.tif,8192.25,Exp2018_032_IV_HeLa_MG132_YFP-AstrinWT_CENPB-dsRed_GFP_mcherry02_R3D_D3D_Z1_C0_T05.tif,8347.982965931864,9523.703286807744,6007.4225,7841.0725
122,16_8,10299.153846153846,Exp2018_032_IV_HeLa_MG132_YFP-AstrinWT_CENPB-dsRed_GFP_mcherry02_R3D_D3D_Z1_C1_T05.tif,9143.538461538461,Exp2018_032_IV_HeLa_MG132_YFP-AstrinWT_CENPB-dsRed_GFP_mcherry02_R3D_D3D_Z1_C0_T05.tif,8347.982965931864,9523.703286807744,6007.4225,7841.0725
123,17_1,12960.26261682243,Exp2018_032_IV_HeLa_MG132_YFP-AstrinWT_CENPB-dsRed_GFP_mcherry02_R3D_D3D_Z1_C1_T06.tif,9896.208878504673,Exp2018_032_IV_HeLa_MG132_YFP-AstrinWT_CENPB-dsRed_GFP_mcherry02_R3D_D3D_Z1_C0_T06.tif,8347.982965931864,9523.703286807744,6007.4225,7841.0725
124,17_2,10451.0,Exp2018_032_IV_HeLa_MG132_YFP-AstrinWT_CENPB-dsRed_GFP_mcherry02_R3D_D3D_Z1_C1_T06.tif,8210.333333333334,Exp2018_032_IV_HeLa_MG132_YFP-AstrinWT_CENPB-dsRed_GFP_mcherry02_R3D_D3D_Z1_C0_T06.tif,8347.982965931864,9523.703286807744,6007.4225,7841.0725
125,17_3,10439.833333333334,Exp2018_032_IV_HeLa_MG132_YFP-AstrinWT_CENPB-dsRed_GFP_mcherry02_R3D_D3D_Z1_C1_T06.tif,7947.333333333333,Exp2018_032_IV_HeLa_MG132_YFP-AstrinWT_CENPB-dsRed_GFP_mcherry02_R3D_D3D_Z1_C0_T06.tif,8347.982965931864,9523.703286807744,6007.4225,7841.0725
126,18_1,12674.690631808278,Exp2018_032_IV_HeLa_MG132_YFP-AstrinWT_CENPB-dsRed_GFP_mcherry02_R3D_D3D_Z1_C1_T07.tif,9816.893246187365,Exp2018_032_IV_HeLa_MG132_YFP-AstrinWT_CENPB-dsRed_GFP_mcherry02_R3D_D3D_Z1_C0_T07.tif,8347.982965931864,9523.703286807744,6007.4225,7841.0725
127,18_2,9335.75,Exp2018_032_IV_HeLa_MG132_YFP-AstrinWT_CENPB-dsRed_GFP_mcherry02_R3D_D3D_Z1_C1_T07.tif,9033.25,Exp2018_032_IV_HeLa_MG132_YFP-AstrinWT_CENPB-dsRed_GFP_mcherry02_R3D_D3D_Z1_C0_T07.tif,8347.982965931864,9523.703286807744,6007.4225,7841.0725
128,18_3,9905.125,Exp2018_032_IV_HeLa_MG132_YFP-AstrinWT_CENPB-dsRed_GFP_mcherry02_R3D_D3D_Z1_C1_T07.tif,9376.4375,Exp2018_032_IV_HeLa_MG132_YFP-AstrinWT_CENPB-dsRed_GFP_mcherry02_R3D_D3D_Z1_C0_T07.tif,8347.982965931864,9523.703286807744,6007.4225,7841.0725
129,18_4,9472.1,Exp2018_032_IV_HeLa_MG132_YFP-AstrinWT_CENPB-dsRed_GFP_mcherry02_R3D_D3D_Z1_C1_T07.tif,8418.3,Exp2018_032_IV_HeLa_MG132_YFP-AstrinWT_CENPB-dsRed_GFP_mcherry02_R3D_D3D_Z1_C0_T07.tif,8347.982965931864,9523.703286807744,6007.4225,7841.0725
130,18_5,9711.733333333334,Exp2018_032_IV_HeLa_MG132_YFP-AstrinWT_CENPB-dsRed_GFP_mcherry02_R3D_D3D_Z1_C1_T07.tif,8627.4,Exp2018_032_IV_HeLa_MG132_YFP-AstrinWT_CENPB-dsRed_GFP_mcherry02_R3D_D3D_Z1_C0_T07.tif,8347.982965931864,9523.703286807744,6007.4225,7841.0725
131,18_6,9455.666666666666,Exp2018_032_IV_HeLa_MG132_YFP-AstrinWT_CENPB-dsRed_GFP_mcherry02_R3D_D3D_Z1_C1_T07.tif,9048.222222222223,Exp2018_032_IV_HeLa_MG132_YFP-AstrinWT_CENPB-dsRed_GFP_mcherry02_R3D_D3D_Z1_C0_T07.tif,8347.982965931864,9523.703286807744,6007.4225,7841.0725
132,18_7,9594.75,Exp2018_032_IV_HeLa_MG132_YFP-AstrinWT_CENPB-dsRed_GFP_mcherry02_R3D_D3D_Z1_C1_T07.tif,9075.0,Exp2018_032_IV_HeLa_MG132_YFP-AstrinWT_CENPB-dsRed_GFP_mcherry02_R3D_D3D_Z1_C0_T07.tif,8347.982965931864,9523.703286807744,6007.4225,7841.0725
133,19_1,12745.526785714286,Exp2018_032_IV_HeLa_MG132_YFP-AstrinWT_CENPB-dsRed_GFP_mcherry02_R3D_D3D_Z1_C1_T08.tif,9780.28007518797,Exp2018_032_IV_HeLa_MG132_YFP-AstrinWT_CENPB-dsRed_GFP_mcherry02_R3D_D3D_Z1_C0_T08.tif,8347.982965931864,9523.703286807744,6007.4225,7841.0725
134,19_2,9543.166666666666,Exp2018_032_IV_HeLa_MG132_YFP-AstrinWT_CENPB-dsRed_GFP_mcherry02_R3D_D3D_Z1_C1_T08.tif,10256.833333333334,Exp2018_032_IV_HeLa_MG132_YFP-AstrinWT_CENPB-dsRed_GFP_mcherry02_R3D_D3D_Z1_C0_T08.tif,8347.982965931864,9523.703286807744,6007.4225,7841.0725
135,19_3,9625.5,Exp2018_032_IV_HeLa_MG132_YFP-AstrinWT_CENPB-dsRed_GFP_mcherry02_R3D_D3D_Z1_C1_T08.tif,8572.0,Exp2018_032_IV_HeLa_MG132_YFP-AstrinWT_CENPB-dsRed_GFP_mcherry02_R3D_D3D_Z1_C0_T08.tif,8347.982965931864,9523.703286807744,6007.4225,7841.0725
136,19_4,9969.0,Exp2018_032_IV_HeLa_MG132_YFP-AstrinWT_CENPB-dsRed_GFP_mcherry02_R3D_D3D_Z1_C1_T08.tif,8473.1,Exp2018_032_IV_HeLa_MG132_YFP-AstrinWT_CENPB-dsRed_GFP_mcherry02_R3D_D3D_Z1_C0_T08.tif,8347.982965931864,9523.703286807744,6007.4225,7841.0725
137,19_5,9901.318181818182,Exp2018_032_IV_HeLa_MG132_YFP-AstrinWT_CENPB-dsRed_GFP_mcherry02_R3D_D3D_Z1_C1_T08.tif,8564.727272727272,Exp2018_032_IV_HeLa_MG132_YFP-AstrinWT_CENPB-dsRed_GFP_mcherry02_R3D_D3D_Z1_C0_T08.tif,8347.982965931864,9523.703286807744,6007.4225,7841.0725
138,19_6,10245.5,Exp2018_032_IV_HeLa_MG132_YFP-AstrinWT_CENPB-dsRed_GFP_mcherry02_R3D_D3D_Z1_C1_T08.tif,9274.0,Exp2018_032_IV_HeLa_MG132_YFP-AstrinWT_CENPB-dsRed_GFP_mcherry02_R3D_D3D_Z1_C0_T08.tif,8347.982965931864,9523.703286807744,6007.4225,7841.0725
139,19_7,9730.5,Exp2018_032_IV_HeLa_MG132_YFP-AstrinWT_CENPB-dsRed_GFP_mcherry02_R3D_D3D_Z1_C1_T08.tif,7181.75,Exp2018_032_IV_HeLa_MG132_YFP-AstrinWT_CENPB-dsRed_GFP_mcherry02_R3D_D3D_Z1_C0_T08.tif,8347.982965931864,9523.703286807744,6007.4225,7841.0725
140,20_1,12764.169506726457,Exp2018_032_IV_HeLa_MG132_YFP-AstrinWT_CENPB-dsRed_GFP_mcherry02_R3D_D3D_Z1_C1_T09.tif,9801.922869955157,Exp2018_032_IV_HeLa_MG132_YFP-AstrinWT_CENPB-dsRed_GFP_mcherry02_R3D_D3D_Z1_C0_T09.tif,8347.982965931864,9523.703286807744,6007.4225,7841.0725
141,20_2,10125.307692307691,Exp2018_032_IV_HeLa_MG132_YFP-AstrinWT_CENPB-dsRed_GFP_mcherry02_R3D_D3D_Z1_C1_T09.tif,9411.461538461539,Exp2018_032_IV_HeLa_MG132_YFP-AstrinWT_CENPB-dsRed_GFP_mcherry02_R3D_D3D_Z1_C0_T09.tif,8347.982965931864,9523.703286807744,6007.4225,7841.0725
142,20_3,9710.2,Exp2018_032_IV_HeLa_MG132_YFP-AstrinWT_CENPB-dsRed_GFP_mcherry02_R3D_D3D_Z1_C1_T09.tif,9461.0,Exp2018_032_IV_HeLa_MG132_YFP-AstrinWT_CENPB-dsRed_GFP_mcherry02_R3D_D3D_Z1_C0_T09.tif,8347.982965931864,9523.703286807744,6007.4225,7841.0725
143,20_4,9783.384615384615,Exp2018_032_IV_HeLa_MG132_YFP-AstrinWT_CENPB-dsRed_GFP_mcherry02_R3D_D3D_Z1_C1_T09.tif,8619.615384615385,Exp2018_032_IV_HeLa_MG132_YFP-AstrinWT_CENPB-dsRed_GFP_mcherry02_R3D_D3D_Z1_C0_T09.tif,8347.982965931864,9523.703286807744,6007.4225,7841.0725
144,20_5,9110.4,Exp2018_032_IV_HeLa_MG132_YFP-AstrinWT_CENPB-dsRed_GFP_mcherry02_R3D_D3D_Z1_C1_T09.tif,7743.8,Exp2018_032_IV_HeLa_MG132_YFP-AstrinWT_CENPB-dsRed_GFP_mcherry02_R3D_D3D_Z1_C0_T09.tif,8347.982965931864,9523.703286807744,6007.4225,7841.0725
145,20_6,9882.307692307691,Exp2018_032_IV_HeLa_MG132_YFP-AstrinWT_CENPB-dsRed_GFP_mcherry02_R3D_D3D_Z1_C1_T09.tif,8638.576923076924,Exp2018_032_IV_HeLa_MG132_YFP-AstrinWT_CENPB-dsRed_GFP_mcherry02_R3D_D3D_Z1_C0_T09.tif,8347.982965931864,9523.703286807744,6007.4225,7841.0725
146,21_1,12534.424324324324,Exp2018_032_IV_HeLa_MG132_YFP-AstrinWT_CENPB-dsRed_GFP_mcherry02_R3D_D3D_Z1_C1_T10.tif,9809.081981981983,Exp2018_032_IV_HeLa_MG132_YFP-AstrinWT_CENPB-dsRed_GFP_mcherry02_R3D_D3D_Z1_C0_T10.tif,8347.982965931864,9523.703286807744,6007.4225,7841.0725
147,21_2,9460.92857142857,Exp2018_032_IV_HeLa_MG132_YFP-AstrinWT_CENPB-dsRed_GFP_mcherry02_R3D_D3D_Z1_C1_T10.tif,7845.785714285715,Exp2018_032_IV_HeLa_MG132_YFP-AstrinWT_CENPB-dsRed_GFP_mcherry02_R3D_D3D_Z1_C0_T10.tif,8347.982965931864,9523.703286807744,6007.4225,7841.0725
148,21_3,9571.608695652174,Exp2018_032_IV_HeLa_MG132_YFP-AstrinWT_CENPB-dsRed_GFP_mcherry02_R3D_D3D_Z1_C1_T10.tif,8829.652173913044,Exp2018_032_IV_HeLa_MG132_YFP-AstrinWT_CENPB-dsRed_GFP_mcherry02_R3D_D3D_Z1_C0_T10.tif,8347.982965931864,9523.703286807744,6007.4225,7841.0725
149,21_4,9612.25,Exp2018_032_IV_HeLa_MG132_YFP-AstrinWT_CENPB-dsRed_GFP_mcherry02_R3D_D3D_Z1_C1_T10.tif,8928.75,Exp2018_032_IV_HeLa_MG132_YFP-AstrinWT_CENPB-dsRed_GFP_mcherry02_R3D_D3D_Z1_C0_T10.tif,8347.982965931864,9523.703286807744,6007.4225,7841.0725
150,21_5,9444.153846153846,Exp2018_032_IV_HeLa_MG132_YFP-AstrinWT_CENPB-dsRed_GFP_mcherry02_R3D_D3D_Z1_C1_T10.tif,9990.384615384615,Exp2018_032_IV_HeLa_MG132_YFP-AstrinWT_CENPB-dsRed_GFP_mcherry02_R3D_D3D_Z1_C0_T10.tif,8347.982965931864,9523.703286807744,6007.4225,7841.0725
151,21_6,9193.363636363636,Exp2018_032_IV_HeLa_MG132_YFP-AstrinWT_CENPB-dsRed_GFP_mcherry02_R3D_D3D_Z1_C1_T10.tif,9162.727272727272,Exp2018_032_IV_HeLa_MG132_YFP-AstrinWT_CENPB-dsRed_GFP_mcherry02_R3D_D3D_Z1_C0_T10.tif,8347.982965931864,9523.703286807744,6007.4225,7841.0725
152,21_7,9218.3,Exp2018_032_IV_HeLa_MG132_YFP-AstrinWT_CENPB-dsRed_GFP_mcherry02_R3D_D3D_Z1_C1_T10.tif,9141.7,Exp2018_032_IV_HeLa_MG132_YFP-AstrinWT_CENPB-dsRed_GFP_mcherry02_R3D_D3D_Z1_C0_T10.tif,8347.982965931864,9523.703286807744,6007.4225,7841.0725
153,21_8,9649.051282051281,Exp2018_032_IV_HeLa_MG132_YFP-AstrinWT_CENPB-dsRed_GFP_mcherry02_R3D_D3D_Z1_C1_T10.tif,9119.794871794871,Exp2018_032_IV_HeLa_MG132_YFP-AstrinWT_CENPB-dsRed_GFP_mcherry02_R3D_D3D_Z1_C0_T10.tif,8347.982965931864,9523.703286807744,6007.4225,7841.0725
154,21_9,9674.5,Exp2018_032_IV_HeLa_MG132_YFP-AstrinWT_CENPB-dsRed_GFP_mcherry02_R3D_D3D_Z1_C1_T10.tif,7768.75,Exp2018_032_IV_HeLa_MG132_YFP-AstrinWT_CENPB-dsRed_GFP_mcherry02_R3D_D3D_Z1_C0_T10.tif,8347.982965931864,9523.703286807744,6007.4225,7841.0725
155,21_10,9300.25,Exp2018_032_IV_HeLa_MG132_YFP-AstrinWT_CENPB-dsRed_GFP_mcherry02_R3D_D3D_Z1_C1_T10.tif,8716.5,Exp2018_032_IV_HeLa_MG132_YFP-AstrinWT_CENPB-dsRed_GFP_mcherry02_R3D_D3D_Z1_C0_T10.tif,8347.982965931864,9523.703286807744,6007.4225,7841.0725
156,21_11,9811.277777777777,Exp2018_032_IV_HeLa_MG132_YFP-AstrinWT_CENPB-dsRed_GFP_mcherry02_R3D_D3D_Z1_C1_T10.tif,8419.0,Exp2018_032_IV_HeLa_MG132_YFP-AstrinWT_CENPB-dsRed_GFP_mcherry02_R3D_D3D_Z1_C0_T10.tif,8347.982965931864,9523.703286807744,6007.4225,7841.0725
157,21_12,9501.0,Exp2018_032_IV_HeLa_MG132_YFP-AstrinWT_CENPB-dsRed_GFP_mcherry02_R3D_D3D_Z1_C1_T10.tif,7839.5,Exp2018_032_IV_HeLa_MG132_YFP-AstrinWT_CENPB-dsRed_GFP_mcherry02_R3D_D3D_Z1_C0_T10.tif,8347.982965931864,9523.703286807744,6007.4225,7841.0725
158,21_13,9987.625,Exp2018_032_IV_HeLa_MG132_YFP-AstrinWT_CENPB-dsRed_GFP_mcherry02_R3D_D3D_Z1_C1_T10.tif,8973.625,Exp2018_032_IV_HeLa_MG132_YFP-AstrinWT_CENPB-dsRed_GFP_mcherry02_R3D_D3D_Z1_C0_T10.tif,8347.982965931864,9523.703286807744,6007.4225,7841.0725
159,21_14,9749.625,Exp2018_032_IV_HeLa_MG132_YFP-AstrinWT_CENPB-dsRed_GFP_mcherry02_R3D_D3D_Z1_C1_T10.tif,8056.125,Exp2018_032_IV_HeLa_MG132_YFP-AstrinWT_CENPB-dsRed_GFP_mcherry02_R3D_D3D_Z1_C0_T10.tif,8347.982965931864,9523.703286807744,6007.4225,7841.0725
160,22_1,13259.725490196079,Exp2018_032_IV_HeLa_MG132_YFP-AstrinWT_CENPB-dsRed_GFP_mcherry02_R3D_D3D_Z2_C1_T00.tif,9801.191176470587,Exp2018_032_IV_HeLa_MG132_YFP-AstrinWT_CENPB-dsRed_GFP_mcherry02_R3D_D3D_Z2_C0_T00.tif,8347.982965931864,9523.703286807744,6007.4225,7841.0725
161,22_2,13569.636933797909,Exp2018_032_IV_HeLa_MG132_YFP-AstrinWT_CENPB-dsRed_GFP_mcherry02_R3D_D3D_Z2_C1_T00.tif,10019.731010452962,Exp2018_032_IV_HeLa_MG132_YFP-AstrinWT_CENPB-dsRed_GFP_mcherry02_R3D_D3D_Z2_C0_T00.tif,8347.982965931864,9523.703286807744,6007.4225,7841.0725
162,22_3,11664.894736842105,Exp2018_032_IV_HeLa_MG132_YFP-AstrinWT_CENPB-dsRed_GFP_mcherry02_R3D_D3D_Z2_C1_T00.tif,8050.684210526316,Exp2018_032_IV_HeLa_MG132_YFP-AstrinWT_CENPB-dsRed_GFP_mcherry02_R3D_D3D_Z2_C0_T00.tif,8347.982965931864,9523.703286807744,6007.4225,7841.0725
163,22_4,10955.583333333334,Exp2018_032_IV_HeLa_MG132_YFP-AstrinWT_CENPB-dsRed_GFP_mcherry02_R3D_D3D_Z2_C1_T00.tif,10431.5,Exp2018_032_IV_HeLa_MG132_YFP-AstrinWT_CENPB-dsRed_GFP_mcherry02_R3D_D3D_Z2_C0_T00.tif,8347.982965931864,9523.703286807744,6007.4225,7841.0725
164,22_5,11141.75,Exp2018_032_IV_HeLa_MG132_YFP-AstrinWT_CENPB-dsRed_GFP_mcherry02_R3D_D3D_Z2_C1_T00.tif,7991.75,Exp2018_032_IV_HeLa_MG132_YFP-AstrinWT_CENPB-dsRed_GFP_mcherry02_R3D_D3D_Z2_C0_T00.tif,8347.982965931864,9523.703286807744,6007.4225,7841.0725
165,22_6,10937.0,Exp2018_032_IV_HeLa_MG132_YFP-AstrinWT_CENPB-dsRed_GFP_mcherry02_R3D_D3D_Z2_C1_T00.tif,9997.125,Exp2018_032_IV_HeLa_MG132_YFP-AstrinWT_CENPB-dsRed_GFP_mcherry02_R3D_D3D_Z2_C0_T00.tif,8347.982965931864,9523.703286807744,6007.4225,7841.0725
166,22_7,11871.1,Exp2018_032_IV_HeLa_MG132_YFP-AstrinWT_CENPB-dsRed_GFP_mcherry02_R3D_D3D_Z2_C1_T00.tif,7201.0,Exp2018_032_IV_HeLa_MG132_YFP-AstrinWT_CENPB-dsRed_GFP_mcherry02_R3D_D3D_Z2_C0_T00.tif,8347.982965931864,9523.703286807744,6007.4225,7841.0725
167,22_8,10385.0,Exp2018_032_IV_HeLa_MG132_YFP-AstrinWT_CENPB-dsRed_GFP_mcherry02_R3D_D3D_Z2_C1_T00.tif,8695.0,Exp2018_032_IV_HeLa_MG132_YFP-AstrinWT_CENPB-dsRed_GFP_mcherry02_R3D_D3D_Z2_C0_T00.tif,8347.982965931864,9523.703286807744,6007.4225,7841.0725
168,22_9,10853.6,Exp2018_032_IV_HeLa_MG132_YFP-AstrinWT_CENPB-dsRed_GFP_mcherry02_R3D_D3D_Z2_C1_T00.tif,9091.1,Exp2018_032_IV_HeLa_MG132_YFP-AstrinWT_CENPB-dsRed_GFP_mcherry02_R3D_D3D_Z2_C0_T00.tif,8347.982965931864,9523.703286807744,6007.4225,7841.0725
169,23_1,14341.079268292682,Exp2018_032_IV_HeLa_MG132_YFP-AstrinWT_CENPB-dsRed_GFP_mcherry02_R3D_D3D_Z2_C1_T01.tif,9570.024390243903,Exp2018_032_IV_HeLa_MG132_YFP-AstrinWT_CENPB-dsRed_GFP_mcherry02_R3D_D3D_Z2_C0_T01.tif,8347.982965931864,9523.703286807744,6007.4225,7841.0725
170,23_2,13792.122950819672,Exp2018_032_IV_HeLa_MG132_YFP-AstrinWT_CENPB-dsRed_GFP_mcherry02_R3D_D3D_Z2_C1_T01.tif,10085.704918032787,Exp2018_032_IV_HeLa_MG132_YFP-AstrinWT_CENPB-dsRed_GFP_mcherry02_R3D_D3D_Z2_C0_T01.tif,8347.982965931864,9523.703286807744,6007.4225,7841.0725
171,23_3,11972.333333333334,Exp2018_032_IV_HeLa_MG132_YFP-AstrinWT_CENPB-dsRed_GFP_mcherry02_R3D_D3D_Z2_C1_T01.tif,7805.083333333333,Exp2018_032_IV_HeLa_MG132_YFP-AstrinWT_CENPB-dsRed_GFP_mcherry02_R3D_D3D_Z2_C0_T01.tif,8347.982965931864,9523.703286807744,6007.4225,7841.0725
172,23_4,14633.768893756846,Exp2018_032_IV_HeLa_MG132_YFP-AstrinWT_CENPB-dsRed_GFP_mcherry02_R3D_D3D_Z2_C1_T01.tif,10210.984665936474,Exp2018_032_IV_HeLa_MG132_YFP-AstrinWT_CENPB-dsRed_GFP_mcherry02_R3D_D3D_Z2_C0_T01.tif,8347.982965931864,9523.703286807744,6007.4225,7841.0725
173,23_5,12054.142857142857,Exp2018_032_IV_HeLa_MG132_YFP-AstrinWT_CENPB-dsRed_GFP_mcherry02_R3D_D3D_Z2_C1_T01.tif,9104.214285714286,Exp2018_032_IV_HeLa_MG132_YFP-AstrinWT_CENPB-dsRed_GFP_mcherry02_R3D_D3D_Z2_C0_T01.tif,8347.982965931864,9523.703286807744,6007.4225,7841.0725
174,23_6,12408.75,Exp2018_032_IV_HeLa_MG132_YFP-AstrinWT_CENPB-dsRed_GFP_mcherry02_R3D_D3D_Z2_C1_T01.tif,8480.5,Exp2018_032_IV_HeLa_MG132_YFP-AstrinWT_CENPB-dsRed_GFP_mcherry02_R3D_D3D_Z2_C0_T01.tif,8347.982965931864,9523.703286807744,6007.4225,7841.0725
175,23_7,12431.5,Exp2018_032_IV_HeLa_MG132_YFP-AstrinWT_CENPB-dsRed_GFP_mcherry02_R3D_D3D_Z2_C1_T01.tif,7339.3,Exp2018_032_IV_HeLa_MG132_YFP-AstrinWT_CENPB-dsRed_GFP_mcherry02_R3D_D3D_Z2_C0_T01.tif,8347.982965931864,9523.703286807744,6007.4225,7841.0725
176,24_1,13350.259070294785,Exp2018_032_IV_HeLa_MG132_YFP-AstrinWT_CENPB-dsRed_GFP_mcherry02_R3D_D3D_Z2_C1_T02.tif,9929.060657596372,Exp2018_032_IV_HeLa_MG132_YFP-AstrinWT_CENPB-dsRed_GFP_mcherry02_R3D_D3D_Z2_C0_T02.tif,8347.982965931864,9523.703286807744,6007.4225,7841.0725
177,24_2,10780.25,Exp2018_032_IV_HeLa_MG132_YFP-AstrinWT_CENPB-dsRed_GFP_mcherry02_R3D_D3D_Z2_C1_T02.tif,9885.0,Exp2018_032_IV_HeLa_MG132_YFP-AstrinWT_CENPB-dsRed_GFP_mcherry02_R3D_D3D_Z2_C0_T02.tif,8347.982965931864,9523.703286807744,6007.4225,7841.0725
178,24_3,11710.380952380952,Exp2018_032_IV_HeLa_MG132_YFP-AstrinWT_CENPB-dsRed_GFP_mcherry02_R3D_D3D_Z2_C1_T02.tif,7768.047619047619,Exp2018_032_IV_HeLa_MG132_YFP-AstrinWT_CENPB-dsRed_GFP_mcherry02_R3D_D3D_Z2_C0_T02.tif,8347.982965931864,9523.703286807744,6007.4225,7841.0725
179,24_4,10339.375,Exp2018_032_IV_HeLa_MG132_YFP-AstrinWT_CENPB-dsRed_GFP_mcherry02_R3D_D3D_Z2_C1_T02.tif,9148.375,Exp2018_032_IV_HeLa_MG132_YFP-AstrinWT_CENPB-dsRed_GFP_mcherry02_R3D_D3D_Z2_C0_T02.tif,8347.982965931864,9523.703286807744,6007.4225,7841.0725
180,24_5,10350.375,Exp2018_032_IV_HeLa_MG132_YFP-AstrinWT_CENPB-dsRed_GFP_mcherry02_R3D_D3D_Z2_C1_T02.tif,9429.25,Exp2018_032_IV_HeLa_MG132_YFP-AstrinWT_CENPB-dsRed_GFP_mcherry02_R3D_D3D_Z2_C0_T02.tif,8347.982965931864,9523.703286807744,6007.4225,7841.0725
181,24_6,11455.875,Exp2018_032_IV_HeLa_MG132_YFP-AstrinWT_CENPB-dsRed_GFP_mcherry02_R3D_D3D_Z2_C1_T02.tif,9121.375,Exp2018_032_IV_HeLa_MG132_YFP-AstrinWT_CENPB-dsRed_GFP_mcherry02_R3D_D3D_Z2_C0_T02.tif,8347.982965931864,9523.703286807744,6007.4225,7841.0725
182,24_7,11344.75,Exp2018_032_IV_HeLa_MG132_YFP-AstrinWT_CENPB-dsRed_GFP_mcherry02_R3D_D3D_Z2_C1_T02.tif,9736.5,Exp2018_032_IV_HeLa_MG132_YFP-AstrinWT_CENPB-dsRed_GFP_mcherry02_R3D_D3D_Z2_C0_T02.tif,8347.982965931864,9523.703286807744,6007.4225,7841.0725
183,24_8,10187.5,Exp2018_032_IV_HeLa_MG132_YFP-AstrinWT_CENPB-dsRed_GFP_mcherry02_R3D_D3D_Z2_C1_T02.tif,9343.7,Exp2018_032_IV_HeLa_MG132_YFP-AstrinWT_CENPB-dsRed_GFP_mcherry02_R3D_D3D_Z2_C0_T02.tif,8347.982965931864,9523.703286807744,6007.4225,7841.0725
184,24_9,11069.25,Exp2018_032_IV_HeLa_MG132_YFP-AstrinWT_CENPB-dsRed_GFP_mcherry02_R3D_D3D_Z2_C1_T02.tif,7560.75,Exp2018_032_IV_HeLa_MG132_YFP-AstrinWT_CENPB-dsRed_GFP_mcherry02_R3D_D3D_Z2_C0_T02.tif,8347.982965931864,9523.703286807744,6007.4225,7841.0725
185,25_1,14872.05,Exp2018_032_IV_HeLa_MG132_YFP-AstrinWT_CENPB-dsRed_GFP_mcherry02_R3D_D3D_Z2_C1_T03.tif,9889.3,Exp2018_032_IV_HeLa_MG132_YFP-AstrinWT_CENPB-dsRed_GFP_mcherry02_R3D_D3D_Z2_C0_T03.tif,8347.982965931864,9523.703286807744,6007.4225,7841.0725
186,25_2,14993.354838709678,Exp2018_032_IV_HeLa_MG132_YFP-AstrinWT_CENPB-dsRed_GFP_mcherry02_R3D_D3D_Z2_C1_T03.tif,10105.20430107527,Exp2018_032_IV_HeLa_MG132_YFP-AstrinWT_CENPB-dsRed_GFP_mcherry02_R3D_D3D_Z2_C0_T03.tif,8347.982965931864,9523.703286807744,6007.4225,7841.0725
187,25_3,14522.00821355236,Exp2018_032_IV_HeLa_MG132_YFP-AstrinWT_CENPB-dsRed_GFP_mcherry02_R3D_D3D_Z2_C1_T03.tif,10146.955852156058,Exp2018_032_IV_HeLa_MG132_YFP-AstrinWT_CENPB-dsRed_GFP_mcherry02_R3D_D3D_Z2_C0_T03.tif,8347.982965931864,9523.703286807744,6007.4225,7841.0725
188,25_4,12962.105263157895,Exp2018_032_IV_HeLa_MG132_YFP-AstrinWT_CENPB-dsRed_GFP_mcherry02_R3D_D3D_Z2_C1_T03.tif,9760.368421052632,Exp2018_032_IV_HeLa_MG132_YFP-AstrinWT_CENPB-dsRed_GFP_mcherry02_R3D_D3D_Z2_C0_T03.tif,8347.982965931864,9523.703286807744,6007.4225,7841.0725
189,25_5,12163.0,Exp2018_032_IV_HeLa_MG132_YFP-AstrinWT_CENPB-dsRed_GFP_mcherry02_R3D_D3D_Z2_C1_T03.tif,7568.0,Exp2018_032_IV_HeLa_MG132_YFP-AstrinWT_CENPB-dsRed_GFP_mcherry02_R3D_D3D_Z2_C0_T03.tif,8347.982965931864,9523.703286807744,6007.4225,7841.0725
190,26_1,14516.030674846626,Exp2018_032_IV_HeLa_MG132_YFP-AstrinWT_CENPB-dsRed_GFP_mcherry02_R3D_D3D_Z2_C1_T04.tif,9679.226993865032,Exp2018_032_IV_HeLa_MG132_YFP-AstrinWT_CENPB-dsRed_GFP_mcherry02_R3D_D3D_Z2_C0_T04.tif,8347.982965931864,9523.703286807744,6007.4225,7841.0725
191,26_2,14997.378048780487,Exp2018_032_IV_HeLa_MG132_YFP-AstrinWT_CENPB-dsRed_GFP_mcherry02_R3D_D3D_Z2_C1_T04.tif,9835.792682926829,Exp2018_032_IV_HeLa_MG132_YFP-AstrinWT_CENPB-dsRed_GFP_mcherry02_R3D_D3D_Z2_C0_T04.tif,8347.982965931864,9523.703286807744,6007.4225,7841.0725
192,26_3,14590.150943396226,Exp2018_032_IV_HeLa_MG132_YFP-AstrinWT_CENPB-dsRed_GFP_mcherry02_R3D_D3D_Z2_C1_T04.tif,9883.358490566037,Exp2018_032_IV_HeLa_MG132_YFP-AstrinWT_CENPB-dsRed_GFP_mcherry02_R3D_D3D_Z2_C0_T04.tif,8347.982965931864,9523.703286807744,6007.4225,7841.0725
193,26_4,13031.034482758621,Exp2018_032_IV_HeLa_MG132_YFP-AstrinWT_CENPB-dsRed_GFP_mcherry02_R3D_D3D_Z2_C1_T04.tif,9613.931034482759,Exp2018_032_IV_HeLa_MG132_YFP-AstrinWT_CENPB-dsRed_GFP_mcherry02_R3D_D3D_Z2_C0_T04.tif,8347.982965931864,9523.703286807744,6007.4225,7841.0725
194,26_5,15187.120930232559,Exp2018_032_IV_HeLa_MG132_YFP-AstrinWT_CENPB-dsRed_GFP_mcherry02_R3D_D3D_Z2_C1_T04.tif,10372.362790697674,Exp2018_032_IV_HeLa_MG132_YFP-AstrinWT_CENPB-dsRed_GFP_mcherry02_R3D_D3D_Z2_C0_T04.tif,8347.982965931864,9523.703286807744,6007.4225,7841.0725
195,26_6,12757.666666666666,Exp2018_032_IV_HeLa_MG132_YFP-AstrinWT_CENPB-dsRed_GFP_mcherry02_R3D_D3D_Z2_C1_T04.tif,10519.296296296296,Exp2018_032_IV_HeLa_MG132_YFP-AstrinWT_CENPB-dsRed_GFP_mcherry02_R3D_D3D_Z2_C0_T04.tif,8347.982965931864,9523.703286807744,6007.4225,7841.0725
196,26_7,12250.583333333334,Exp2018_032_IV_HeLa_MG132_YFP-AstrinWT_CENPB-dsRed_GFP_mcherry02_R3D_D3D_Z2_C1_T04.tif,9398.25,Exp2018_032_IV_HeLa_MG132_YFP-AstrinWT_CENPB-dsRed_GFP_mcherry02_R3D_D3D_Z2_C0_T04.tif,8347.982965931864,9523.703286807744,6007.4225,7841.0725
197,26_8,12843.5,Exp2018_032_IV_HeLa_MG132_YFP-AstrinWT_CENPB-dsRed_GFP_mcherry02_R3D_D3D_Z2_C1_T04.tif,9110.0,Exp2018_032_IV_HeLa_MG132_YFP-AstrinWT_CENPB-dsRed_GFP_mcherry02_R3D_D3D_Z2_C0_T04.tif,8347.982965931864,9523.703286807744,6007.4225,7841.0725
198,27_1,13740.049230769231,Exp2018_032_IV_HeLa_MG132_YFP-AstrinWT_CENPB-dsRed_GFP_mcherry02_R3D_D3D_Z2_C1_T05.tif,10004.034461538462,Exp2018_032_IV_HeLa_MG132_YFP-AstrinWT_CENPB-dsRed_GFP_mcherry02_R3D_D3D_Z2_C0_T05.tif,8347.982965931864,9523.703286807744,6007.4225,7841.0725
199,27_2,10648.5,Exp2018_032_IV_HeLa_MG132_YFP-AstrinWT_CENPB-dsRed_GFP_mcherry02_R3D_D3D_Z2_C1_T05.tif,7050.375,Exp2018_032_IV_HeLa_MG132_YFP-AstrinWT_CENPB-dsRed_GFP_mcherry02_R3D_D3D_Z2_C0_T05.tif,8347.982965931864,9523.703286807744,6007.4225,7841.0725
200,27_3,11456.666666666666,Exp2018_032_IV_HeLa_MG132_YFP-AstrinWT_CENPB-dsRed_GFP_mcherry02_R3D_D3D_Z2_C1_T05.tif,10208.148148148148,Exp2018_032_IV_HeLa_MG132_YFP-AstrinWT_CENPB-dsRed_GFP_mcherry02_R3D_D3D_Z2_C0_T05.tif,8347.982965931864,9523.703286807744,6007.4225,7841.0725
201,27_4,10625.375,Exp2018_032_IV_HeLa_MG132_YFP-AstrinWT_CENPB-dsRed_GFP_mcherry02_R3D_D3D_Z2_C1_T05.tif,9894.0,Exp2018_032_IV_HeLa_MG132_YFP-AstrinWT_CENPB-dsRed_GFP_mcherry02_R3D_D3D_Z2_C0_T05.tif,8347.982965931864,9523.703286807744,6007.4225,7841.0725
202,27_5,11411.0,Exp2018_032_IV_HeLa_MG132_YFP-AstrinWT_CENPB-dsRed_GFP_mcherry02_R3D_D3D_Z2_C1_T05.tif,9267.875,Exp2018_032_IV_HeLa_MG132_YFP-AstrinWT_CENPB-dsRed_GFP_mcherry02_R3D_D3D_Z2_C0_T05.tif,8347.982965931864,9523.703286807744,6007.4225,7841.0725
203,27_6,10966.75,Exp2018_032_IV_HeLa_MG132_YFP-AstrinWT_CENPB-dsRed_GFP_mcherry02_R3D_D3D_Z2_C1_T05.tif,9688.416666666666,Exp2018_032_IV_HeLa_MG132_YFP-AstrinWT_CENPB-dsRed_GFP_mcherry02_R3D_D3D_Z2_C0_T05.tif,8347.982965931864,9523.703286807744,6007.4225,7841.0725
204,27_7,11688.875,Exp2018_032_IV_HeLa_MG132_YFP-AstrinWT_CENPB-dsRed_GFP_mcherry02_R3D_D3D_Z2_C1_T05.tif,7956.375,Exp2018_032_IV_HeLa_MG132_YFP-AstrinWT_CENPB-dsRed_GFP_mcherry02_R3D_D3D_Z2_C0_T05.tif,8347.982965931864,9523.703286807744,6007.4225,7841.0725
205,27_8,10130.25,Exp2018_032_IV_HeLa_MG132_YFP-AstrinWT_CENPB-dsRed_GFP_mcherry02_R3D_D3D_Z2_C1_T05.tif,7631.25,Exp2018_032_IV_HeLa_MG132_YFP-AstrinWT_CENPB-dsRed_GFP_mcherry02_R3D_D3D_Z2_C0_T05.tif,8347.982965931864,9523.703286807744,6007.4225,7841.0725
206,27_9,11338.0,Exp2018_032_IV_HeLa_MG132_YFP-AstrinWT_CENPB-dsRed_GFP_mcherry02_R3D_D3D_Z2_C1_T05.tif,9073.0,Exp2018_032_IV_HeLa_MG132_YFP-AstrinWT_CENPB-dsRed_GFP_mcherry02_R3D_D3D_Z2_C0_T05.tif,8347.982965931864,9523.703286807744,6007.4225,7841.0725
207,28_1,13119.615986584684,Exp2018_032_IV_HeLa_MG132_YFP-AstrinWT_CENPB-dsRed_GFP_mcherry02_R3D_D3D_Z2_C1_T06.tif,9921.202347680268,Exp2018_032_IV_HeLa_MG132_YFP-AstrinWT_CENPB-dsRed_GFP_mcherry02_R3D_D3D_Z2_C0_T06.tif,8347.982965931864,9523.703286807744,6007.4225,7841.0725
208,28_2,10156.157894736842,Exp2018_032_IV_HeLa_MG132_YFP-AstrinWT_CENPB-dsRed_GFP_mcherry02_R3D_D3D_Z2_C1_T06.tif,10089.105263157895,Exp2018_032_IV_HeLa_MG132_YFP-AstrinWT_CENPB-dsRed_GFP_mcherry02_R3D_D3D_Z2_C0_T06.tif,8347.982965931864,9523.703286807744,6007.4225,7841.0725
209,28_3,9653.333333333334,Exp2018_032_IV_HeLa_MG132_YFP-AstrinWT_CENPB-dsRed_GFP_mcherry02_R3D_D3D_Z2_C1_T06.tif,9274.083333333334,Exp2018_032_IV_HeLa_MG132_YFP-AstrinWT_CENPB-dsRed_GFP_mcherry02_R3D_D3D_Z2_C0_T06.tif,8347.982965931864,9523.703286807744,6007.4225,7841.0725
210,28_4,11256.833333333334,Exp2018_032_IV_HeLa_MG132_YFP-AstrinWT_CENPB-dsRed_GFP_mcherry02_R3D_D3D_Z2_C1_T06.tif,7307.0,Exp2018_032_IV_HeLa_MG132_YFP-AstrinWT_CENPB-dsRed_GFP_mcherry02_R3D_D3D_Z2_C0_T06.tif,8347.982965931864,9523.703286807744,6007.4225,7841.0725
211,28_5,10123.923076923076,Exp2018_032_IV_HeLa_MG132_YFP-AstrinWT_CENPB-dsRed_GFP_mcherry02_R3D_D3D_Z2_C1_T06.tif,8823.923076923076,Exp2018_032_IV_HeLa_MG132_YFP-AstrinWT_CENPB-dsRed_GFP_mcherry02_R3D_D3D_Z2_C0_T06.tif,8347.982965931864,9523.703286807744,6007.4225,7841.0725
212,29_1,12725.234739454094,Exp2018_032_IV_HeLa_MG132_YFP-AstrinWT_CENPB-dsRed_GFP_mcherry02_R3D_D3D_Z2_C1_T07.tif,9887.236724565757,Exp2018_032_IV_HeLa_MG132_YFP-AstrinWT_CENPB-dsRed_GFP_mcherry02_R3D_D3D_Z2_C0_T07.tif,8347.982965931864,9523.703286807744,6007.4225,7841.0725
213,29_2,9484.375,Exp2018_032_IV_HeLa_MG132_YFP-AstrinWT_CENPB-dsRed_GFP_mcherry02_R3D_D3D_Z2_C1_T07.tif,9672.375,Exp2018_032_IV_HeLa_MG132_YFP-AstrinWT_CENPB-dsRed_GFP_mcherry02_R3D_D3D_Z2_C0_T07.tif,8347.982965931864,9523.703286807744,6007.4225,7841.0725
214,29_3,9899.666666666666,Exp2018_032_IV_HeLa_MG132_YFP-AstrinWT_CENPB-dsRed_GFP_mcherry02_R3D_D3D_Z2_C1_T07.tif,8508.583333333334,Exp2018_032_IV_HeLa_MG132_YFP-AstrinWT_CENPB-dsRed_GFP_mcherry02_R3D_D3D_Z2_C0_T07.tif,8347.982965931864,9523.703286807744,6007.4225,7841.0725
215,29_4,10031.424242424242,Exp2018_032_IV_HeLa_MG132_YFP-AstrinWT_CENPB-dsRed_GFP_mcherry02_R3D_D3D_Z2_C1_T07.tif,9477.363636363636,Exp2018_032_IV_HeLa_MG132_YFP-AstrinWT_CENPB-dsRed_GFP_mcherry02_R3D_D3D_Z2_C0_T07.tif,8347.982965931864,9523.703286807744,6007.4225,7841.0725
216,29_5,9355.166666666666,Exp2018_032_IV_HeLa_MG132_YFP-AstrinWT_CENPB-dsRed_GFP_mcherry02_R3D_D3D_Z2_C1_T07.tif,9411.75,Exp2018_032_IV_HeLa_MG132_YFP-AstrinWT_CENPB-dsRed_GFP_mcherry02_R3D_D3D_Z2_C0_T07.tif,8347.982965931864,9523.703286807744,6007.4225,7841.0725
217,29_6,9924.5,Exp2018_032_IV_HeLa_MG132_YFP-AstrinWT_CENPB-dsRed_GFP_mcherry02_R3D_D3D_Z2_C1_T07.tif,9696.5,Exp2018_032_IV_HeLa_MG132_YFP-AstrinWT_CENPB-dsRed_GFP_mcherry02_R3D_D3D_Z2_C0_T07.tif,8347.982965931864,9523.703286807744,6007.4225,7841.0725
218,29_7,9546.125,Exp2018_032_IV_HeLa_MG132_YFP-AstrinWT_CENPB-dsRed_GFP_mcherry02_R3D_D3D_Z2_C1_T07.tif,9394.125,Exp2018_032_IV_HeLa_MG132_YFP-AstrinWT_CENPB-dsRed_GFP_mcherry02_R3D_D3D_Z2_C0_T07.tif,8347.982965931864,9523.703286807744,6007.4225,7841.0725
219,29_8,9540.9,Exp2018_032_IV_HeLa_MG132_YFP-AstrinWT_CENPB-dsRed_GFP_mcherry02_R3D_D3D_Z2_C1_T07.tif,9358.2,Exp2018_032_IV_HeLa_MG132_YFP-AstrinWT_CENPB-dsRed_GFP_mcherry02_R3D_D3D_Z2_C0_T07.tif,8347.982965931864,9523.703286807744,6007.4225,7841.0725
220,29_9,11025.333333333334,Exp2018_032_IV_HeLa_MG132_YFP-AstrinWT_CENPB-dsRed_GFP_mcherry02_R3D_D3D_Z2_C1_T07.tif,9980.5,Exp2018_032_IV_HeLa_MG132_YFP-AstrinWT_CENPB-dsRed_GFP_mcherry02_R3D_D3D_Z2_C0_T07.tif,8347.982965931864,9523.703286807744,6007.4225,7841.0725
221,29_10,10038.21052631579,Exp2018_032_IV_HeLa_MG132_YFP-AstrinWT_CENPB-dsRed_GFP_mcherry02_R3D_D3D_Z2_C1_T07.tif,9338.526315789473,Exp2018_032_IV_HeLa_MG132_YFP-AstrinWT_CENPB-dsRed_GFP_mcherry02_R3D_D3D_Z2_C0_T07.tif,8347.982965931864,9523.703286807744,6007.4225,7841.0725
222,29_11,10019.375,Exp2018_032_IV_HeLa_MG132_YFP-AstrinWT_CENPB-dsRed_GFP_mcherry02_R3D_D3D_Z2_C1_T07.tif,10248.25,Exp2018_032_IV_HeLa_MG132_YFP-AstrinWT_CENPB-dsRed_GFP_mcherry02_R3D_D3D_Z2_C0_T07.tif,8347.982965931864,9523.703286807744,6007.4225,7841.0725
223,29_12,10083.375,Exp2018_032_IV_HeLa_MG132_YFP-AstrinWT_CENPB-dsRed_GFP_mcherry02_R3D_D3D_Z2_C1_T07.tif,9327.25,Exp2018_032_IV_HeLa_MG132_YFP-AstrinWT_CENPB-dsRed_GFP_mcherry02_R3D_D3D_Z2_C0_T07.tif,8347.982965931864,9523.703286807744,6007.4225,7841.0725
224,29_13,9062.25,Exp2018_032_IV_HeLa_MG132_YFP-AstrinWT_CENPB-dsRed_GFP_mcherry02_R3D_D3D_Z2_C1_T07.tif,10032.125,Exp2018_032_IV_HeLa_MG132_YFP-AstrinWT_CENPB-dsRed_GFP_mcherry02_R3D_D3D_Z2_C0_T07.tif,8347.982965931864,9523.703286807744,6007.4225,7841.0725
225,29_14,9458.083333333334,Exp2018_032_IV_HeLa_MG132_YFP-AstrinWT_CENPB-dsRed_GFP_mcherry02_R3D_D3D_Z2_C1_T07.tif,8921.583333333334,Exp2018_032_IV_HeLa_MG132_YFP-AstrinWT_CENPB-dsRed_GFP_mcherry02_R3D_D3D_Z2_C0_T07.tif,8347.982965931864,9523.703286807744,6007.4225,7841.0725
226,29_15,9742.0,Exp2018_032_IV_HeLa_MG132_YFP-AstrinWT_CENPB-dsRed_GFP_mcherry02_R3D_D3D_Z2_C1_T07.tif,8974.5,Exp2018_032_IV_HeLa_MG132_YFP-AstrinWT_CENPB-dsRed_GFP_mcherry02_R3D_D3D_Z2_C0_T07.tif,8347.982965931864,9523.703286807744,6007.4225,7841.0725
227,29_16,10083.764705882353,Exp2018_032_IV_HeLa_MG132_YFP-AstrinWT_CENPB-dsRed_GFP_mcherry02_R3D_D3D_Z2_C1_T07.tif,8267.058823529413,Exp2018_032_IV_HeLa_MG132_YFP-AstrinWT_CENPB-dsRed_GFP_mcherry02_R3D_D3D_Z2_C0_T07.tif,8347.982965931864,9523.703286807744,6007.4225,7841.0725
228,29_17,9528.083333333334,Exp2018_032_IV_HeLa_MG132_YFP-AstrinWT_CENPB-dsRed_GFP_mcherry02_R3D_D3D_Z2_C1_T07.tif,7908.75,Exp2018_032_IV_HeLa_MG132_YFP-AstrinWT_CENPB-dsRed_GFP_mcherry02_R3D_D3D_Z2_C0_T07.tif,8347.982965931864,9523.703286807744,6007.4225,7841.0725
229,29_18,9836.75,Exp2018_032_IV_HeLa_MG132_YFP-AstrinWT_CENPB-dsRed_GFP_mcherry02_R3D_D3D_Z2_C1_T07.tif,9987.0,Exp2018_032_IV_HeLa_MG132_YFP-AstrinWT_CENPB-dsRed_GFP_mcherry02_R3D_D3D_Z2_C0_T07.tif,8347.982965931864,9523.703286807744,6007.4225,7841.0725
230,29_19,10896.25,Exp2018_032_IV_HeLa_MG132_YFP-AstrinWT_CENPB-dsRed_GFP_mcherry02_R3D_D3D_Z2_C1_T07.tif,9579.75,Exp2018_032_IV_HeLa_MG132_YFP-AstrinWT_CENPB-dsRed_GFP_mcherry02_R3D_D3D_Z2_C0_T07.tif,8347.982965931864,9523.703286807744,6007.4225,7841.0725
231,29_20,9958.333333333334,Exp2018_032_IV_HeLa_MG132_YFP-AstrinWT_CENPB-dsRed_GFP_mcherry02_R3D_D3D_Z2_C1_T07.tif,11373.333333333334,Exp2018_032_IV_HeLa_MG132_YFP-AstrinWT_CENPB-dsRed_GFP_mcherry02_R3D_D3D_Z2_C0_T07.tif,8347.982965931864,9523.703286807744,6007.4225,7841.0725
232,30_1,12773.350642673522,Exp2018_032_IV_HeLa_MG132_YFP-AstrinWT_CENPB-dsRed_GFP_mcherry02_R3D_D3D_Z2_C1_T08.tif,9891.99794344473,Exp2018_032_IV_HeLa_MG132_YFP-AstrinWT_CENPB-dsRed_GFP_mcherry02_R3D_D3D_Z2_C0_T08.tif,8347.982965931864,9523.703286807744,6007.4225,7841.0725
233,30_2,9734.5,Exp2018_032_IV_HeLa_MG132_YFP-AstrinWT_CENPB-dsRed_GFP_mcherry02_R3D_D3D_Z2_C1_T08.tif,9026.25,Exp2018_032_IV_HeLa_MG132_YFP-AstrinWT_CENPB-dsRed_GFP_mcherry02_R3D_D3D_Z2_C0_T08.tif,8347.982965931864,9523.703286807744,6007.4225,7841.0725
234,30_3,10150.5,Exp2018_032_IV_HeLa_MG132_YFP-AstrinWT_CENPB-dsRed_GFP_mcherry02_R3D_D3D_Z2_C1_T08.tif,7539.125,Exp2018_032_IV_HeLa_MG132_YFP-AstrinWT_CENPB-dsRed_GFP_mcherry02_R3D_D3D_Z2_C0_T08.tif,8347.982965931864,9523.703286807744,6007.4225,7841.0725
235,30_4,9793.625,Exp2018_032_IV_HeLa_MG132_YFP-AstrinWT_CENPB-dsRed_GFP_mcherry02_R3D_D3D_Z2_C1_T08.tif,9630.125,Exp2018_032_IV_HeLa_MG132_YFP-AstrinWT_CENPB-dsRed_GFP_mcherry02_R3D_D3D_Z2_C0_T08.tif,8347.982965931864,9523.703286807744,6007.4225,7841.0725
236,30_5,10640.0,Exp2018_032_IV_HeLa_MG132_YFP-AstrinWT_CENPB-dsRed_GFP_mcherry02_R3D_D3D_Z2_C1_T08.tif,9034.375,Exp2018_032_IV_HeLa_MG132_YFP-AstrinWT_CENPB-dsRed_GFP_mcherry02_R3D_D3D_Z2_C0_T08.tif,8347.982965931864,9523.703286807744,6007.4225,7841.0725
237,30_6,9958.1875,Exp2018_032_IV_HeLa_MG132_YFP-AstrinWT_CENPB-dsRed_GFP_mcherry02_R3D_D3D_Z2_C1_T08.tif,11197.0,Exp2018_032_IV_HeLa_MG132_YFP-AstrinWT_CENPB-dsRed_GFP_mcherry02_R3D_D3D_Z2_C0_T08.tif,8347.982965931864,9523.703286807744,6007.4225,7841.0725
238,30_7,10074.75,Exp2018_032_IV_HeLa_MG132_YFP-AstrinWT_CENPB-dsRed_GFP_mcherry02_R3D_D3D_Z2_C1_T08.tif,10343.0,Exp2018_032_IV_HeLa_MG132_YFP-AstrinWT_CENPB-dsRed_GFP_mcherry02_R3D_D3D_Z2_C0_T08.tif,8347.982965931864,9523.703286807744,6007.4225,7841.0725
239,30_8,10430.5,Exp2018_032_IV_HeLa_MG132_YFP-AstrinWT_CENPB-dsRed_GFP_mcherry02_R3D_D3D_Z2_C1_T08.tif,8170.75,Exp2018_032_IV_HeLa_MG132_YFP-AstrinWT_CENPB-dsRed_GFP_mcherry02_R3D_D3D_Z2_C0_T08.tif,8347.982965931864,9523.703286807744,6007.4225,7841.0725
240,30_9,9413.5,Exp2018_032_IV_HeLa_MG132_YFP-AstrinWT_CENPB-dsRed_GFP_mcherry02_R3D_D3D_Z2_C1_T08.tif,8092.833333333333,Exp2018_032_IV_HeLa_MG132_YFP-AstrinWT_CENPB-dsRed_GFP_mcherry02_R3D_D3D_Z2_C0_T08.tif,8347.982965931864,9523.703286807744,6007.4225,7841.0725
241,30_10,9357.916666666666,Exp2018_032_IV_HeLa_MG132_YFP-AstrinWT_CENPB-dsRed_GFP_mcherry02_R3D_D3D_Z2_C1_T08.tif,7826.833333333333,Exp2018_032_IV_HeLa_MG132_YFP-AstrinWT_CENPB-dsRed_GFP_mcherry02_R3D_D3D_Z2_C0_T08.tif,8347.982965931864,9523.703286807744,6007.4225,7841.0725
242,30_11,10977.0,Exp2018_032_IV_HeLa_MG132_YFP-AstrinWT_CENPB-dsRed_GFP_mcherry02_R3D_D3D_Z2_C1_T08.tif,8725.75,Exp2018_032_IV_HeLa_MG132_YFP-AstrinWT_CENPB-dsRed_GFP_mcherry02_R3D_D3D_Z2_C0_T08.tif,8347.982965931864,9523.703286807744,6007.4225,7841.0725
243,30_12,10428.5,Exp2018_032_IV_HeLa_MG132_YFP-AstrinWT_CENPB-dsRed_GFP_mcherry02_R3D_D3D_Z2_C1_T08.tif,8329.0,Exp2018_032_IV_HeLa_MG132_YFP-AstrinWT_CENPB-dsRed_GFP_mcherry02_R3D_D3D_Z2_C0_T08.tif,8347.982965931864,9523.703286807744,6007.4225,7841.0725
244,30_13,10424.5,Exp2018_032_IV_HeLa_MG132_YFP-AstrinWT_CENPB-dsRed_GFP_mcherry02_R3D_D3D_Z2_C1_T08.tif,9033.0,Exp2018_032_IV_HeLa_MG132_YFP-AstrinWT_CENPB-dsRed_GFP_mcherry02_R3D_D3D_Z2_C0_T08.tif,8347.982965931864,9523.703286807744,6007.4225,7841.0725
245,31_1,12733.930725730443,Exp2018_032_IV_HeLa_MG132_YFP-AstrinWT_CENPB-dsRed_GFP_mcherry02_R3D_D3D_Z2_C1_T09.tif,9846.510838831291,Exp2018_032_IV_HeLa_MG132_YFP-AstrinWT_CENPB-dsRed_GFP_mcherry02_R3D_D3D_Z2_C0_T09.tif,8347.982965931864,9523.703286807744,6007.4225,7841.0725
246,31_2,9430.875,Exp2018_032_IV_HeLa_MG132_YFP-AstrinWT_CENPB-dsRed_GFP_mcherry02_R3D_D3D_Z2_C1_T09.tif,7370.0,Exp2018_032_IV_HeLa_MG132_YFP-AstrinWT_CENPB-dsRed_GFP_mcherry02_R3D_D3D_Z2_C0_T09.tif,8347.982965931864,9523.703286807744,6007.4225,7841.0725
247,31_3,9621.25,Exp2018_032_IV_HeLa_MG132_YFP-AstrinWT_CENPB-dsRed_GFP_mcherry02_R3D_D3D_Z2_C1_T09.tif,11097.75,Exp2018_032_IV_HeLa_MG132_YFP-AstrinWT_CENPB-dsRed_GFP_mcherry02_R3D_D3D_Z2_C0_T09.tif,8347.982965931864,9523.703286807744,6007.4225,7841.0725
248,31_4,9487.375,Exp2018_032_IV_HeLa_MG132_YFP-AstrinWT_CENPB-dsRed_GFP_mcherry02_R3D_D3D_Z2_C1_T09.tif,9583.75,Exp2018_032_IV_HeLa_MG132_YFP-AstrinWT_CENPB-dsRed_GFP_mcherry02_R3D_D3D_Z2_C0_T09.tif,8347.982965931864,9523.703286807744,6007.4225,7841.0725
249,31_5,9342.09090909091,Exp2018_032_IV_HeLa_MG132_YFP-AstrinWT_CENPB-dsRed_GFP_mcherry02_R3D_D3D_Z2_C1_T09.tif,9171.636363636364,Exp2018_032_IV_HeLa_MG132_YFP-AstrinWT_CENPB-dsRed_GFP_mcherry02_R3D_D3D_Z2_C0_T09.tif,8347.982965931864,9523.703286807744,6007.4225,7841.0725
250,31_6,10105.684210526315,Exp2018_032_IV_HeLa_MG132_YFP-AstrinWT_CENPB-dsRed_GFP_mcherry02_R3D_D3D_Z2_C1_T09.tif,10373.684210526315,Exp2018_032_IV_HeLa_MG132_YFP-AstrinWT_CENPB-dsRed_GFP_mcherry02_R3D_D3D_Z2_C0_T09.tif,8347.982965931864,9523.703286807744,6007.4225,7841.0725
251,31_7,9836.5,Exp2018_032_IV_HeLa_MG132_YFP-AstrinWT_CENPB-dsRed_GFP_mcherry02_R3D_D3D_Z2_C1_T09.tif,10594.375,Exp2018_032_IV_HeLa_MG132_YFP-AstrinWT_CENPB-dsRed_GFP_mcherry02_R3D_D3D_Z2_C0_T09.tif,8347.982965931864,9523.703286807744,6007.4225,7841.0725
252,31_8,9835.375,Exp2018_032_IV_HeLa_MG132_YFP-AstrinWT_CENPB-dsRed_GFP_mcherry02_R3D_D3D_Z2_C1_T09.tif,10325.0625,Exp2018_032_IV_HeLa_MG132_YFP-AstrinWT_CENPB-dsRed_GFP_mcherry02_R3D_D3D_Z2_C0_T09.tif,8347.982965931864,9523.703286807744,6007.4225,7841.0725
253,31_9,9359.857142857143,Exp2018_032_IV_HeLa_MG132_YFP-AstrinWT_CENPB-dsRed_GFP_mcherry02_R3D_D3D_Z2_C1_T09.tif,10457.357142857143,Exp2018_032_IV_HeLa_MG132_YFP-AstrinWT_CENPB-dsRed_GFP_mcherry02_R3D_D3D_Z2_C0_T09.tif,8347.982965931864,9523.703286807744,6007.4225,7841.0725
254,31_10,10415.3,Exp2018_032_IV_HeLa_MG132_YFP-AstrinWT_CENPB-dsRed_GFP_mcherry02_R3D_D3D_Z2_C1_T09.tif,7779.8,Exp2018_032_IV_HeLa_MG132_YFP-AstrinWT_CENPB-dsRed_GFP_mcherry02_R3D_D3D_Z2_C0_T09.tif,8347.982965931864,9523.703286807744,6007.4225,7841.0725
255,31_11,9923.5,Exp2018_032_IV_HeLa_MG132_YFP-AstrinWT_CENPB-dsRed_GFP_mcherry02_R3D_D3D_Z2_C1_T09.tif,8233.6,Exp2018_032_IV_HeLa_MG132_YFP-AstrinWT_CENPB-dsRed_GFP_mcherry02_R3D_D3D_Z2_C0_T09.tif,8347.982965931864,9523.703286807744,6007.4225,7841.0725
256,31_12,9951.25,Exp2018_032_IV_HeLa_MG132_YFP-AstrinWT_CENPB-dsRed_GFP_mcherry02_R3D_D3D_Z2_C1_T09.tif,9522.333333333334,Exp2018_032_IV_HeLa_MG132_YFP-AstrinWT_CENPB-dsRed_GFP_mcherry02_R3D_D3D_Z2_C0_T09.tif,8347.982965931864,9523.703286807744,6007.4225,7841.0725
257,31_13,10023.0,Exp2018_032_IV_HeLa_MG132_YFP-AstrinWT_CENPB-dsRed_GFP_mcherry02_R3D_D3D_Z2_C1_T09.tif,8262.42857142857,Exp2018_032_IV_HeLa_MG132_YFP-AstrinWT_CENPB-dsRed_GFP_mcherry02_R3D_D3D_Z2_C0_T09.tif,8347.982965931864,9523.703286807744,6007.4225,7841.0725
258,32_1,7927.0,Exp2018_032_IV_HeLa_MG132_YFP-AstrinWT_CENPB-dsRed_GFP_mcherry02_R3D_D3D_Z2_C1_T10.tif,6937.0,Exp2018_032_IV_HeLa_MG132_YFP-AstrinWT_CENPB-dsRed_GFP_mcherry02_R3D_D3D_Z2_C0_T10.tif,8347.982965931864,9523.703286807744,6007.4225,7841.0725
259,32_2,12315.784237726099,Exp2018_032_IV_HeLa_MG132_YFP-AstrinWT_CENPB-dsRed_GFP_mcherry02_R3D_D3D_Z2_C1_T10.tif,9831.893626184325,Exp2018_032_IV_HeLa_MG132_YFP-AstrinWT_CENPB-dsRed_GFP_mcherry02_R3D_D3D_Z2_C0_T10.tif,8347.982965931864,9523.703286807744,6007.4225,7841.0725
260,32_3,8265.8,Exp2018_032_IV_HeLa_MG132_YFP-AstrinWT_CENPB-dsRed_GFP_mcherry02_R3D_D3D_Z2_C1_T10.tif,9602.6,Exp2018_032_IV_HeLa_MG132_YFP-AstrinWT_CENPB-dsRed_GFP_mcherry02_R3D_D3D_Z2_C0_T10.tif,8347.982965931864,9523.703286807744,6007.4225,7841.0725
261,32_4,9773.285714285714,Exp2018_032_IV_HeLa_MG132_YFP-AstrinWT_CENPB-dsRed_GFP_mcherry02_R3D_D3D_Z2_C1_T10.tif,9391.92857142857,Exp2018_032_IV_HeLa_MG132_YFP-AstrinWT_CENPB-dsRed_GFP_mcherry02_R3D_D3D_Z2_C0_T10.tif,8347.982965931864,9523.703286807744,6007.4225,7841.0725
262,32_5,9896.6,Exp2018_032_IV_HeLa_MG132_YFP-AstrinWT_CENPB-dsRed_GFP_mcherry02_R3D_D3D_Z2_C1_T10.tif,8011.8,Exp2018_032_IV_HeLa_MG132_YFP-AstrinWT_CENPB-dsRed_GFP_mcherry02_R3D_D3D_Z2_C0_T10.tif,8347.982965931864,9523.703286807744,6007.4225,7841.0725
263,32_6,9745.833333333334,Exp2018_032_IV_HeLa_MG132_YFP-AstrinWT_CENPB-dsRed_GFP_mcherry02_R3D_D3D_Z2_C1_T10.tif,9654.75,Exp2018_032_IV_HeLa_MG132_YFP-AstrinWT_CENPB-dsRed_GFP_mcherry02_R3D_D3D_Z2_C0_T10.tif,8347.982965931864,9523.703286807744,6007.4225,7841.0725
264,32_7,9732.25,Exp2018_032_IV_HeLa_MG132_YFP-AstrinWT_CENPB-dsRed_GFP_mcherry02_R3D_D3D_Z2_C1_T10.tif,9630.75,Exp2018_032_IV_HeLa_MG132_YFP-AstrinWT_CENPB-dsRed_GFP_mcherry02_R3D_D3D_Z2_C0_T10.tif,8347.982965931864,9523.703286807744,6007.4225,7841.0725
265,32_8,9338.5,Exp2018_032_IV_HeLa_MG132_YFP-AstrinWT_CENPB-dsRed_GFP_mcherry02_R3D_D3D_Z2_C1_T10.tif,10547.5,Exp2018_032_IV_HeLa_MG132_YFP-AstrinWT_CENPB-dsRed_GFP_mcherry02_R3D_D3D_Z2_C0_T10.tif,8347.982965931864,9523.703286807744,6007.4225,7841.0725
266,32_9,9588.0,Exp2018_032_IV_HeLa_MG132_YFP-AstrinWT_CENPB-dsRed_GFP_mcherry02_R3D_D3D_Z2_C1_T10.tif,10932.0,Exp2018_032_IV_HeLa_MG132_YFP-AstrinWT_CENPB-dsRed_GFP_mcherry02_R3D_D3D_Z2_C0_T10.tif,8347.982965931864,9523.703286807744,6007.4225,7841.0725
267,32_10,9513.631578947368,Exp2018_032_IV_HeLa_MG132_YFP-AstrinWT_CENPB-dsRed_GFP_mcherry02_R3D_D3D_Z2_C1_T10.tif,9491.894736842105,Exp2018_032_IV_HeLa_MG132_YFP-AstrinWT_CENPB-dsRed_GFP_mcherry02_R3D_D3D_Z2_C0_T10.tif,8347.982965931864,9523.703286807744,6007.4225,7841.0725
268,32_11,9598.0,Exp2018_032_IV_HeLa_MG132_YFP-AstrinWT_CENPB-dsRed_GFP_mcherry02_R3D_D3D_Z2_C1_T10.tif,10340.0625,Exp2018_032_IV_HeLa_MG132_YFP-AstrinWT_CENPB-dsRed_GFP_mcherry02_R3D_D3D_Z2_C0_T10.tif,8347.982965931864,9523.703286807744,6007.4225,7841.0725
269,32_12,8533.565217391304,Exp2018_032_IV_HeLa_MG132_YFP-AstrinWT_CENPB-dsRed_GFP_mcherry02_R3D_D3D_Z2_C1_T10.tif,10178.478260869566,Exp2018_032_IV_HeLa_MG132_YFP-AstrinWT_CENPB-dsRed_GFP_mcherry02_R3D_D3D_Z2_C0_T10.tif,8347.982965931864,9523.703286807744,6007.4225,7841.0725
270,32_13,9415.125,Exp2018_032_IV_HeLa_MG132_YFP-AstrinWT_CENPB-dsRed_GFP_mcherry02_R3D_D3D_Z2_C1_T10.tif,9580.875,Exp2018_032_IV_HeLa_MG132_YFP-AstrinWT_CENPB-dsRed_GFP_mcherry02_R3D_D3D_Z2_C0_T10.tif,8347.982965931864,9523.703286807744,6007.4225,7841.0725
271,32_14,9985.181818181818,Exp2018_032_IV_HeLa_MG132_YFP-AstrinWT_CENPB-dsRed_GFP_mcherry02_R3D_D3D_Z2_C1_T10.tif,7830.909090909091,Exp2018_032_IV_HeLa_MG132_YFP-AstrinWT_CENPB-dsRed_GFP_mcherry02_R3D_D3D_Z2_C0_T10.tif,8347.982965931864,9523.703286807744,6007.4225,7841.0725
272,32_15,9637.75,Exp2018_032_IV_HeLa_MG132_YFP-AstrinWT_CENPB-dsRed_GFP_mcherry02_R3D_D3D_Z2_C1_T10.tif,8348.75,Exp2018_032_IV_HeLa_MG132_YFP-AstrinWT_CENPB-dsRed_GFP_mcherry02_R3D_D3D_Z2_C0_T10.tif,8347.982965931864,9523.703286807744,6007.4225,7841.0725
273,32_16,9303.375,Exp2018_032_IV_HeLa_MG132_YFP-AstrinWT_CENPB-dsRed_GFP_mcherry02_R3D_D3D_Z2_C1_T10.tif,9481.875,Exp2018_032_IV_HeLa_MG132_YFP-AstrinWT_CENPB-dsRed_GFP_mcherry02_R3D_D3D_Z2_C0_T10.tif,8347.982965931864,9523.703286807744,6007.4225,7841.0725
274,32_17,9577.333333333334,Exp2018_032_IV_HeLa_MG132_YFP-AstrinWT_CENPB-dsRed_GFP_mcherry02_R3D_D3D_Z2_C1_T10.tif,8456.833333333334,Exp2018_032_IV_HeLa_MG132_YFP-AstrinWT_CENPB-dsRed_GFP_mcherry02_R3D_D3D_Z2_C0_T10.tif,8347.982965931864,9523.703286807744,6007.4225,7841.0725
275,32_18,9732.818181818182,Exp2018_032_IV_HeLa_MG132_YFP-AstrinWT_CENPB-dsRed_GFP_mcherry02_R3D_D3D_Z2_C1_T10.tif,9935.0,Exp2018_032_IV_HeLa_MG132_YFP-AstrinWT_CENPB-dsRed_GFP_mcherry02_R3D_D3D_Z2_C0_T10.tif,8347.982965931864,9523.703286807744,6007.4225,7841.0725
276,32_19,9508.25,Exp2018_032_IV_HeLa_MG132_YFP-AstrinWT_CENPB-dsRed_GFP_mcherry02_R3D_D3D_Z2_C1_T10.tif,8916.5,Exp2018_032_IV_HeLa_MG132_YFP-AstrinWT_CENPB-dsRed_GFP_mcherry02_R3D_D3D_Z2_C0_T10.tif,8347.982965931864,9523.703286807744,6007.4225,7841.0725
277,32_20,9573.5,Exp2018_032_IV_HeLa_MG132_YFP-AstrinWT_CENPB-dsRed_GFP_mcherry02_R3D_D3D_Z2_C1_T10.tif,8002.5,Exp2018_032_IV_HeLa_MG132_YFP-AstrinWT_CENPB-dsRed_GFP_mcherry02_R3D_D3D_Z2_C0_T10.tif,8347.982965931864,9523.703286807744,6007.4225,7841.0725
