,label,mean_intensity_YFP_astrin,fname_YFP_astrin,mean_intensity_cenpb_ds_red,fname_cenpb_ds_red,YFP_astrin_cyto,cenpb_ds_red_cyto,YFP_astrinbg,cenpb_ds_red_bg
0,0_1,17560.521296296298,Exp2018_032_IV_HeLa_MG132_YFP-AstrinqQ1012_CENPB-dsRed_GFP_mcherry01_R3D_D3D_Z0_C1_T00.tif,10844.113425925925,Exp2018_032_IV_HeLa_MG132_YFP-AstrinqQ1012_CENPB-dsRed_GFP_mcherry01_R3D_D3D_Z0_C0_T00.tif,11858.80959634425,12196.389955083707,6489.6,8732.41
1,0_2,13990.09090909091,Exp2018_032_IV_HeLa_MG132_YFP-AstrinqQ1012_CENPB-dsRed_GFP_mcherry01_R3D_D3D_Z0_C1_T00.tif,9155.272727272728,Exp2018_032_IV_HeLa_MG132_YFP-AstrinqQ1012_CENPB-dsRed_GFP_mcherry01_R3D_D3D_Z0_C0_T00.tif,11858.80959634425,12196.389955083707,6489.6,8732.41
2,0_3,13735.166666666666,Exp2018_032_IV_HeLa_MG132_YFP-AstrinqQ1012_CENPB-dsRed_GFP_mcherry01_R3D_D3D_Z0_C1_T00.tif,10825.583333333334,Exp2018_032_IV_HeLa_MG132_YFP-AstrinqQ1012_CENPB-dsRed_GFP_mcherry01_R3D_D3D_Z0_C0_T00.tif,11858.80959634425,12196.389955083707,6489.6,8732.41
3,1_1,17826.137964774953,Exp2018_032_IV_HeLa_MG132_YFP-AstrinqQ1012_CENPB-dsRed_GFP_mcherry01_R3D_D3D_Z0_C1_T01.tif,11006.598336594912,Exp2018_032_IV_HeLa_MG132_YFP-AstrinqQ1012_CENPB-dsRed_GFP_mcherry01_R3D_D3D_Z0_C0_T01.tif,11858.80959634425,12196.389955083707,6489.6,8732.41
4,1_2,13984.92857142857,Exp2018_032_IV_HeLa_MG132_YFP-AstrinqQ1012_CENPB-dsRed_GFP_mcherry01_R3D_D3D_Z0_C1_T01.tif,9911.92857142857,Exp2018_032_IV_HeLa_MG132_YFP-AstrinqQ1012_CENPB-dsRed_GFP_mcherry01_R3D_D3D_Z0_C0_T01.tif,11858.80959634425,12196.389955083707,6489.6,8732.41
5,1_3,14495.083333333334,Exp2018_032_IV_HeLa_MG132_YFP-AstrinqQ1012_CENPB-dsRed_GFP_mcherry01_R3D_D3D_Z0_C1_T01.tif,11410.916666666666,Exp2018_032_IV_HeLa_MG132_YFP-AstrinqQ1012_CENPB-dsRed_GFP_mcherry01_R3D_D3D_Z0_C0_T01.tif,11858.80959634425,12196.389955083707,6489.6,8732.41
6,1_4,14431.222222222223,Exp2018_032_IV_HeLa_MG132_YFP-AstrinqQ1012_CENPB-dsRed_GFP_mcherry01_R3D_D3D_Z0_C1_T01.tif,12096.148148148148,Exp2018_032_IV_HeLa_MG132_YFP-AstrinqQ1012_CENPB-dsRed_GFP_mcherry01_R3D_D3D_Z0_C0_T01.tif,11858.80959634425,12196.389955083707,6489.6,8732.41
7,2_1,18771.38202247191,Exp2018_032_IV_HeLa_MG132_YFP-AstrinqQ1012_CENPB-dsRed_GFP_mcherry01_R3D_D3D_Z0_C1_T02.tif,9904.393258426966,Exp2018_032_IV_HeLa_MG132_YFP-AstrinqQ1012_CENPB-dsRed_GFP_mcherry01_R3D_D3D_Z0_C0_T02.tif,11858.80959634425,12196.389955083707,6489.6,8732.41
8,2_2,19663.215136054423,Exp2018_032_IV_HeLa_MG132_YFP-AstrinqQ1012_CENPB-dsRed_GFP_mcherry01_R3D_D3D_Z0_C1_T02.tif,11224.03656462585,Exp2018_032_IV_HeLa_MG132_YFP-AstrinqQ1012_CENPB-dsRed_GFP_mcherry01_R3D_D3D_Z0_C0_T02.tif,11858.80959634425,12196.389955083707,6489.6,8732.41
9,2_3,16874.25,Exp2018_032_IV_HeLa_MG132_YFP-AstrinqQ1012_CENPB-dsRed_GFP_mcherry01_R3D_D3D_Z0_C1_T02.tif,12597.25,Exp2018_032_IV_HeLa_MG132_YFP-AstrinqQ1012_CENPB-dsRed_GFP_mcherry01_R3D_D3D_Z0_C0_T02.tif,11858.80959634425,12196.389955083707,6489.6,8732.41
10,2_4,17320.88888888889,Exp2018_032_IV_HeLa_MG132_YFP-AstrinqQ1012_CENPB-dsRed_GFP_mcherry01_R3D_D3D_Z0_C1_T02.tif,11267.0,Exp2018_032_IV_HeLa_MG132_YFP-AstrinqQ1012_CENPB-dsRed_GFP_mcherry01_R3D_D3D_Z0_C0_T02.tif,11858.80959634425,12196.389955083707,6489.6,8732.41
11,2_5,16814.785714285714,Exp2018_032_IV_HeLa_MG132_YFP-AstrinqQ1012_CENPB-dsRed_GFP_mcherry01_R3D_D3D_Z0_C1_T02.tif,8448.142857142857,Exp2018_032_IV_HeLa_MG132_YFP-AstrinqQ1012_CENPB-dsRed_GFP_mcherry01_R3D_D3D_Z0_C0_T02.tif,11858.80959634425,12196.389955083707,6489.6,8732.41
12,2_6,16496.571428571428,Exp2018_032_IV_HeLa_MG132_YFP-AstrinqQ1012_CENPB-dsRed_GFP_mcherry01_R3D_D3D_Z0_C1_T02.tif,9071.214285714286,Exp2018_032_IV_HeLa_MG132_YFP-AstrinqQ1012_CENPB-dsRed_GFP_mcherry01_R3D_D3D_Z0_C0_T02.tif,11858.80959634425,12196.389955083707,6489.6,8732.41
13,2_7,16683.190476190477,Exp2018_032_IV_HeLa_MG132_YFP-AstrinqQ1012_CENPB-dsRed_GFP_mcherry01_R3D_D3D_Z0_C1_T02.tif,9640.761904761905,Exp2018_032_IV_HeLa_MG132_YFP-AstrinqQ1012_CENPB-dsRed_GFP_mcherry01_R3D_D3D_Z0_C0_T02.tif,11858.80959634425,12196.389955083707,6489.6,8732.41
14,3_1,13859.8125,Exp2018_032_IV_HeLa_MG132_YFP-AstrinqQ1012_CENPB-dsRed_GFP_mcherry01_R3D_D3D_Z0_C1_T03.tif,9901.3125,Exp2018_032_IV_HeLa_MG132_YFP-AstrinqQ1012_CENPB-dsRed_GFP_mcherry01_R3D_D3D_Z0_C0_T03.tif,11858.80959634425,12196.389955083707,6489.6,8732.41
15,3_2,16994.843835616437,Exp2018_032_IV_HeLa_MG132_YFP-AstrinqQ1012_CENPB-dsRed_GFP_mcherry01_R3D_D3D_Z0_C1_T03.tif,11135.312328767122,Exp2018_032_IV_HeLa_MG132_YFP-AstrinqQ1012_CENPB-dsRed_GFP_mcherry01_R3D_D3D_Z0_C0_T03.tif,11858.80959634425,12196.389955083707,6489.6,8732.41
16,3_3,13801.666666666666,Exp2018_032_IV_HeLa_MG132_YFP-AstrinqQ1012_CENPB-dsRed_GFP_mcherry01_R3D_D3D_Z0_C1_T03.tif,11840.916666666666,Exp2018_032_IV_HeLa_MG132_YFP-AstrinqQ1012_CENPB-dsRed_GFP_mcherry01_R3D_D3D_Z0_C0_T03.tif,11858.80959634425,12196.389955083707,6489.6,8732.41
17,3_4,12476.7,Exp2018_032_IV_HeLa_MG132_YFP-AstrinqQ1012_CENPB-dsRed_GFP_mcherry01_R3D_D3D_Z0_C1_T03.tif,11787.6,Exp2018_032_IV_HeLa_MG132_YFP-AstrinqQ1012_CENPB-dsRed_GFP_mcherry01_R3D_D3D_Z0_C0_T03.tif,11858.80959634425,12196.389955083707,6489.6,8732.41
18,3_5,12869.125,Exp2018_032_IV_HeLa_MG132_YFP-AstrinqQ1012_CENPB-dsRed_GFP_mcherry01_R3D_D3D_Z0_C1_T03.tif,11656.25,Exp2018_032_IV_HeLa_MG132_YFP-AstrinqQ1012_CENPB-dsRed_GFP_mcherry01_R3D_D3D_Z0_C0_T03.tif,11858.80959634425,12196.389955083707,6489.6,8732.41
19,4_1,17264.77323943662,Exp2018_032_IV_HeLa_MG132_YFP-AstrinqQ1012_CENPB-dsRed_GFP_mcherry01_R3D_D3D_Z0_C1_T04.tif,11190.103286384976,Exp2018_032_IV_HeLa_MG132_YFP-AstrinqQ1012_CENPB-dsRed_GFP_mcherry01_R3D_D3D_Z0_C0_T04.tif,11858.80959634425,12196.389955083707,6489.6,8732.41
20,4_2,14013.6,Exp2018_032_IV_HeLa_MG132_YFP-AstrinqQ1012_CENPB-dsRed_GFP_mcherry01_R3D_D3D_Z0_C1_T04.tif,8696.8,Exp2018_032_IV_HeLa_MG132_YFP-AstrinqQ1012_CENPB-dsRed_GFP_mcherry01_R3D_D3D_Z0_C0_T04.tif,11858.80959634425,12196.389955083707,6489.6,8732.41
21,4_3,14087.4,Exp2018_032_IV_HeLa_MG132_YFP-AstrinqQ1012_CENPB-dsRed_GFP_mcherry01_R3D_D3D_Z0_C1_T04.tif,9930.8,Exp2018_032_IV_HeLa_MG132_YFP-AstrinqQ1012_CENPB-dsRed_GFP_mcherry01_R3D_D3D_Z0_C0_T04.tif,11858.80959634425,12196.389955083707,6489.6,8732.41
22,4_4,14088.7,Exp2018_032_IV_HeLa_MG132_YFP-AstrinqQ1012_CENPB-dsRed_GFP_mcherry01_R3D_D3D_Z0_C1_T04.tif,9688.933333333332,Exp2018_032_IV_HeLa_MG132_YFP-AstrinqQ1012_CENPB-dsRed_GFP_mcherry01_R3D_D3D_Z0_C0_T04.tif,11858.80959634425,12196.389955083707,6489.6,8732.41
23,4_5,14085.75,Exp2018_032_IV_HeLa_MG132_YFP-AstrinqQ1012_CENPB-dsRed_GFP_mcherry01_R3D_D3D_Z0_C1_T04.tif,9382.166666666666,Exp2018_032_IV_HeLa_MG132_YFP-AstrinqQ1012_CENPB-dsRed_GFP_mcherry01_R3D_D3D_Z0_C0_T04.tif,11858.80959634425,12196.389955083707,6489.6,8732.41
24,5_1,16507.499215686275,Exp2018_032_IV_HeLa_MG132_YFP-AstrinqQ1012_CENPB-dsRed_GFP_mcherry01_R3D_D3D_Z0_C1_T05.tif,11085.062352941177,Exp2018_032_IV_HeLa_MG132_YFP-AstrinqQ1012_CENPB-dsRed_GFP_mcherry01_R3D_D3D_Z0_C0_T05.tif,11858.80959634425,12196.389955083707,6489.6,8732.41
25,5_2,13426.0,Exp2018_032_IV_HeLa_MG132_YFP-AstrinqQ1012_CENPB-dsRed_GFP_mcherry01_R3D_D3D_Z0_C1_T05.tif,12179.9,Exp2018_032_IV_HeLa_MG132_YFP-AstrinqQ1012_CENPB-dsRed_GFP_mcherry01_R3D_D3D_Z0_C0_T05.tif,11858.80959634425,12196.389955083707,6489.6,8732.41
26,5_3,13236.166666666666,Exp2018_032_IV_HeLa_MG132_YFP-AstrinqQ1012_CENPB-dsRed_GFP_mcherry01_R3D_D3D_Z0_C1_T05.tif,12368.25,Exp2018_032_IV_HeLa_MG132_YFP-AstrinqQ1012_CENPB-dsRed_GFP_mcherry01_R3D_D3D_Z0_C0_T05.tif,11858.80959634425,12196.389955083707,6489.6,8732.41
27,5_4,13773.931034482759,Exp2018_032_IV_HeLa_MG132_YFP-AstrinqQ1012_CENPB-dsRed_GFP_mcherry01_R3D_D3D_Z0_C1_T05.tif,9951.862068965518,Exp2018_032_IV_HeLa_MG132_YFP-AstrinqQ1012_CENPB-dsRed_GFP_mcherry01_R3D_D3D_Z0_C0_T05.tif,11858.80959634425,12196.389955083707,6489.6,8732.41
28,6_1,18343.80821917808,Exp2018_032_IV_HeLa_MG132_YFP-AstrinqQ1012_CENPB-dsRed_GFP_mcherry01_R3D_D3D_Z0_C1_T06.tif,9854.383561643835,Exp2018_032_IV_HeLa_MG132_YFP-AstrinqQ1012_CENPB-dsRed_GFP_mcherry01_R3D_D3D_Z0_C0_T06.tif,11858.80959634425,12196.389955083707,6489.6,8732.41
29,6_2,19904.177215189873,Exp2018_032_IV_HeLa_MG132_YFP-AstrinqQ1012_CENPB-dsRed_GFP_mcherry01_R3D_D3D_Z0_C1_T06.tif,10913.139240506329,Exp2018_032_IV_HeLa_MG132_YFP-AstrinqQ1012_CENPB-dsRed_GFP_mcherry01_R3D_D3D_Z0_C0_T06.tif,11858.80959634425,12196.389955083707,6489.6,8732.41
30,6_3,19244.597736625514,Exp2018_032_IV_HeLa_MG132_YFP-AstrinqQ1012_CENPB-dsRed_GFP_mcherry01_R3D_D3D_Z0_C1_T06.tif,11279.228395061727,Exp2018_032_IV_HeLa_MG132_YFP-AstrinqQ1012_CENPB-dsRed_GFP_mcherry01_R3D_D3D_Z0_C0_T06.tif,11858.80959634425,12196.389955083707,6489.6,8732.41
31,6_4,16418.416666666668,Exp2018_032_IV_HeLa_MG132_YFP-AstrinqQ1012_CENPB-dsRed_GFP_mcherry01_R3D_D3D_Z0_C1_T06.tif,11317.5,Exp2018_032_IV_HeLa_MG132_YFP-AstrinqQ1012_CENPB-dsRed_GFP_mcherry01_R3D_D3D_Z0_C0_T06.tif,11858.80959634425,12196.389955083707,6489.6,8732.41
32,7_1,20318.80769230769,Exp2018_032_IV_HeLa_MG132_YFP-AstrinqQ1012_CENPB-dsRed_GFP_mcherry01_R3D_D3D_Z0_C1_T07.tif,9377.192307692309,Exp2018_032_IV_HeLa_MG132_YFP-AstrinqQ1012_CENPB-dsRed_GFP_mcherry01_R3D_D3D_Z0_C0_T07.tif,11858.80959634425,12196.389955083707,6489.6,8732.41
33,7_2,22442.021739130436,Exp2018_032_IV_HeLa_MG132_YFP-AstrinqQ1012_CENPB-dsRed_GFP_mcherry01_R3D_D3D_Z0_C1_T07.tif,11017.217391304348,Exp2018_032_IV_HeLa_MG132_YFP-AstrinqQ1012_CENPB-dsRed_GFP_mcherry01_R3D_D3D_Z0_C0_T07.tif,11858.80959634425,12196.389955083707,6489.6,8732.41
34,7_3,21275.60714285714,Exp2018_032_IV_HeLa_MG132_YFP-AstrinqQ1012_CENPB-dsRed_GFP_mcherry01_R3D_D3D_Z0_C1_T07.tif,10719.107142857143,Exp2018_032_IV_HeLa_MG132_YFP-AstrinqQ1012_CENPB-dsRed_GFP_mcherry01_R3D_D3D_Z0_C0_T07.tif,11858.80959634425,12196.389955083707,6489.6,8732.41
35,7_4,21243.883720930233,Exp2018_032_IV_HeLa_MG132_YFP-AstrinqQ1012_CENPB-dsRed_GFP_mcherry01_R3D_D3D_Z0_C1_T07.tif,11307.976744186046,Exp2018_032_IV_HeLa_MG132_YFP-AstrinqQ1012_CENPB-dsRed_GFP_mcherry01_R3D_D3D_Z0_C0_T07.tif,11858.80959634425,12196.389955083707,6489.6,8732.41
36,7_5,18676.0625,Exp2018_032_IV_HeLa_MG132_YFP-AstrinqQ1012_CENPB-dsRed_GFP_mcherry01_R3D_D3D_Z0_C1_T07.tif,12636.875,Exp2018_032_IV_HeLa_MG132_YFP-AstrinqQ1012_CENPB-dsRed_GFP_mcherry01_R3D_D3D_Z0_C0_T07.tif,11858.80959634425,12196.389955083707,6489.6,8732.41
37,7_6,19887.0,Exp2018_032_IV_HeLa_MG132_YFP-AstrinqQ1012_CENPB-dsRed_GFP_mcherry01_R3D_D3D_Z0_C1_T07.tif,11603.225806451614,Exp2018_032_IV_HeLa_MG132_YFP-AstrinqQ1012_CENPB-dsRed_GFP_mcherry01_R3D_D3D_Z0_C0_T07.tif,11858.80959634425,12196.389955083707,6489.6,8732.41
38,7_7,20106.333333333332,Exp2018_032_IV_HeLa_MG132_YFP-AstrinqQ1012_CENPB-dsRed_GFP_mcherry01_R3D_D3D_Z0_C1_T07.tif,12748.416666666666,Exp2018_032_IV_HeLa_MG132_YFP-AstrinqQ1012_CENPB-dsRed_GFP_mcherry01_R3D_D3D_Z0_C0_T07.tif,11858.80959634425,12196.389955083707,6489.6,8732.41
39,7_8,20324.458333333332,Exp2018_032_IV_HeLa_MG132_YFP-AstrinqQ1012_CENPB-dsRed_GFP_mcherry01_R3D_D3D_Z0_C1_T07.tif,11373.25,Exp2018_032_IV_HeLa_MG132_YFP-AstrinqQ1012_CENPB-dsRed_GFP_mcherry01_R3D_D3D_Z0_C0_T07.tif,11858.80959634425,12196.389955083707,6489.6,8732.41
40,7_9,22061.32,Exp2018_032_IV_HeLa_MG132_YFP-AstrinqQ1012_CENPB-dsRed_GFP_mcherry01_R3D_D3D_Z0_C1_T07.tif,11435.16,Exp2018_032_IV_HeLa_MG132_YFP-AstrinqQ1012_CENPB-dsRed_GFP_mcherry01_R3D_D3D_Z0_C0_T07.tif,11858.80959634425,12196.389955083707,6489.6,8732.41
41,7_10,21723.045801526718,Exp2018_032_IV_HeLa_MG132_YFP-AstrinqQ1012_CENPB-dsRed_GFP_mcherry01_R3D_D3D_Z0_C1_T07.tif,11390.045801526718,Exp2018_032_IV_HeLa_MG132_YFP-AstrinqQ1012_CENPB-dsRed_GFP_mcherry01_R3D_D3D_Z0_C0_T07.tif,11858.80959634425,12196.389955083707,6489.6,8732.41
42,7_11,20949.417910447763,Exp2018_032_IV_HeLa_MG132_YFP-AstrinqQ1012_CENPB-dsRed_GFP_mcherry01_R3D_D3D_Z0_C1_T07.tif,10854.373134328358,Exp2018_032_IV_HeLa_MG132_YFP-AstrinqQ1012_CENPB-dsRed_GFP_mcherry01_R3D_D3D_Z0_C0_T07.tif,11858.80959634425,12196.389955083707,6489.6,8732.41
43,7_12,19446.666666666668,Exp2018_032_IV_HeLa_MG132_YFP-AstrinqQ1012_CENPB-dsRed_GFP_mcherry01_R3D_D3D_Z0_C1_T07.tif,11661.583333333334,Exp2018_032_IV_HeLa_MG132_YFP-AstrinqQ1012_CENPB-dsRed_GFP_mcherry01_R3D_D3D_Z0_C0_T07.tif,11858.80959634425,12196.389955083707,6489.6,8732.41
44,7_13,22345.532258064515,Exp2018_032_IV_HeLa_MG132_YFP-AstrinqQ1012_CENPB-dsRed_GFP_mcherry01_R3D_D3D_Z0_C1_T07.tif,10534.016129032258,Exp2018_032_IV_HeLa_MG132_YFP-AstrinqQ1012_CENPB-dsRed_GFP_mcherry01_R3D_D3D_Z0_C0_T07.tif,11858.80959634425,12196.389955083707,6489.6,8732.41
45,8_1,17009.41779975278,Exp2018_032_IV_HeLa_MG132_YFP-AstrinqQ1012_CENPB-dsRed_GFP_mcherry01_R3D_D3D_Z0_C1_T08.tif,11085.492377420684,Exp2018_032_IV_HeLa_MG132_YFP-AstrinqQ1012_CENPB-dsRed_GFP_mcherry01_R3D_D3D_Z0_C0_T08.tif,11858.80959634425,12196.389955083707,6489.6,8732.41
46,8_2,12905.6,Exp2018_032_IV_HeLa_MG132_YFP-AstrinqQ1012_CENPB-dsRed_GFP_mcherry01_R3D_D3D_Z0_C1_T08.tif,11777.2,Exp2018_032_IV_HeLa_MG132_YFP-AstrinqQ1012_CENPB-dsRed_GFP_mcherry01_R3D_D3D_Z0_C0_T08.tif,11858.80959634425,12196.389955083707,6489.6,8732.41
47,8_3,14435.8,Exp2018_032_IV_HeLa_MG132_YFP-AstrinqQ1012_CENPB-dsRed_GFP_mcherry01_R3D_D3D_Z0_C1_T08.tif,11209.4,Exp2018_032_IV_HeLa_MG132_YFP-AstrinqQ1012_CENPB-dsRed_GFP_mcherry01_R3D_D3D_Z0_C0_T08.tif,11858.80959634425,12196.389955083707,6489.6,8732.41
48,8_4,13668.625,Exp2018_032_IV_HeLa_MG132_YFP-AstrinqQ1012_CENPB-dsRed_GFP_mcherry01_R3D_D3D_Z0_C1_T08.tif,12650.25,Exp2018_032_IV_HeLa_MG132_YFP-AstrinqQ1012_CENPB-dsRed_GFP_mcherry01_R3D_D3D_Z0_C0_T08.tif,11858.80959634425,12196.389955083707,6489.6,8732.41
49,8_5,13193.083333333334,Exp2018_032_IV_HeLa_MG132_YFP-AstrinqQ1012_CENPB-dsRed_GFP_mcherry01_R3D_D3D_Z0_C1_T08.tif,11517.5,Exp2018_032_IV_HeLa_MG132_YFP-AstrinqQ1012_CENPB-dsRed_GFP_mcherry01_R3D_D3D_Z0_C0_T08.tif,11858.80959634425,12196.389955083707,6489.6,8732.41
50,8_6,13453.5,Exp2018_032_IV_HeLa_MG132_YFP-AstrinqQ1012_CENPB-dsRed_GFP_mcherry01_R3D_D3D_Z0_C1_T08.tif,12297.214285714286,Exp2018_032_IV_HeLa_MG132_YFP-AstrinqQ1012_CENPB-dsRed_GFP_mcherry01_R3D_D3D_Z0_C0_T08.tif,11858.80959634425,12196.389955083707,6489.6,8732.41
51,8_7,14210.625,Exp2018_032_IV_HeLa_MG132_YFP-AstrinqQ1012_CENPB-dsRed_GFP_mcherry01_R3D_D3D_Z0_C1_T08.tif,12232.0,Exp2018_032_IV_HeLa_MG132_YFP-AstrinqQ1012_CENPB-dsRed_GFP_mcherry01_R3D_D3D_Z0_C0_T08.tif,11858.80959634425,12196.389955083707,6489.6,8732.41
52,8_8,13063.875,Exp2018_032_IV_HeLa_MG132_YFP-AstrinqQ1012_CENPB-dsRed_GFP_mcherry01_R3D_D3D_Z0_C1_T08.tif,11176.375,Exp2018_032_IV_HeLa_MG132_YFP-AstrinqQ1012_CENPB-dsRed_GFP_mcherry01_R3D_D3D_Z0_C0_T08.tif,11858.80959634425,12196.389955083707,6489.6,8732.41
53,8_9,14100.75,Exp2018_032_IV_HeLa_MG132_YFP-AstrinqQ1012_CENPB-dsRed_GFP_mcherry01_R3D_D3D_Z0_C1_T08.tif,11191.75,Exp2018_032_IV_HeLa_MG132_YFP-AstrinqQ1012_CENPB-dsRed_GFP_mcherry01_R3D_D3D_Z0_C0_T08.tif,11858.80959634425,12196.389955083707,6489.6,8732.41
54,8_10,14651.642857142857,Exp2018_032_IV_HeLa_MG132_YFP-AstrinqQ1012_CENPB-dsRed_GFP_mcherry01_R3D_D3D_Z0_C1_T08.tif,10054.57142857143,Exp2018_032_IV_HeLa_MG132_YFP-AstrinqQ1012_CENPB-dsRed_GFP_mcherry01_R3D_D3D_Z0_C0_T08.tif,11858.80959634425,12196.389955083707,6489.6,8732.41
55,9_1,16466.391632114588,Exp2018_032_IV_HeLa_MG132_YFP-AstrinqQ1012_CENPB-dsRed_GFP_mcherry01_R3D_D3D_Z0_C1_T09.tif,11174.065209197135,Exp2018_032_IV_HeLa_MG132_YFP-AstrinqQ1012_CENPB-dsRed_GFP_mcherry01_R3D_D3D_Z0_C0_T09.tif,11858.80959634425,12196.389955083707,6489.6,8732.41
56,9_2,12544.75,Exp2018_032_IV_HeLa_MG132_YFP-AstrinqQ1012_CENPB-dsRed_GFP_mcherry01_R3D_D3D_Z0_C1_T09.tif,11368.25,Exp2018_032_IV_HeLa_MG132_YFP-AstrinqQ1012_CENPB-dsRed_GFP_mcherry01_R3D_D3D_Z0_C0_T09.tif,11858.80959634425,12196.389955083707,6489.6,8732.41
57,9_3,12726.45,Exp2018_032_IV_HeLa_MG132_YFP-AstrinqQ1012_CENPB-dsRed_GFP_mcherry01_R3D_D3D_Z0_C1_T09.tif,11592.35,Exp2018_032_IV_HeLa_MG132_YFP-AstrinqQ1012_CENPB-dsRed_GFP_mcherry01_R3D_D3D_Z0_C0_T09.tif,11858.80959634425,12196.389955083707,6489.6,8732.41
58,9_4,12642.25,Exp2018_032_IV_HeLa_MG132_YFP-AstrinqQ1012_CENPB-dsRed_GFP_mcherry01_R3D_D3D_Z0_C1_T09.tif,11832.333333333334,Exp2018_032_IV_HeLa_MG132_YFP-AstrinqQ1012_CENPB-dsRed_GFP_mcherry01_R3D_D3D_Z0_C0_T09.tif,11858.80959634425,12196.389955083707,6489.6,8732.41
59,9_5,13068.25,Exp2018_032_IV_HeLa_MG132_YFP-AstrinqQ1012_CENPB-dsRed_GFP_mcherry01_R3D_D3D_Z0_C1_T09.tif,13098.875,Exp2018_032_IV_HeLa_MG132_YFP-AstrinqQ1012_CENPB-dsRed_GFP_mcherry01_R3D_D3D_Z0_C0_T09.tif,11858.80959634425,12196.389955083707,6489.6,8732.41
60,9_6,13238.625,Exp2018_032_IV_HeLa_MG132_YFP-AstrinqQ1012_CENPB-dsRed_GFP_mcherry01_R3D_D3D_Z0_C1_T09.tif,11982.5,Exp2018_032_IV_HeLa_MG132_YFP-AstrinqQ1012_CENPB-dsRed_GFP_mcherry01_R3D_D3D_Z0_C0_T09.tif,11858.80959634425,12196.389955083707,6489.6,8732.41
61,9_7,13587.64705882353,Exp2018_032_IV_HeLa_MG132_YFP-AstrinqQ1012_CENPB-dsRed_GFP_mcherry01_R3D_D3D_Z0_C1_T09.tif,11884.764705882353,Exp2018_032_IV_HeLa_MG132_YFP-AstrinqQ1012_CENPB-dsRed_GFP_mcherry01_R3D_D3D_Z0_C0_T09.tif,11858.80959634425,12196.389955083707,6489.6,8732.41
62,10_1,18062.51754385965,Exp2018_032_IV_HeLa_MG132_YFP-AstrinqQ1012_CENPB-dsRed_GFP_mcherry01_R3D_D3D_Z0_C1_T10.tif,11063.832748538012,Exp2018_032_IV_HeLa_MG132_YFP-AstrinqQ1012_CENPB-dsRed_GFP_mcherry01_R3D_D3D_Z0_C0_T10.tif,11858.80959634425,12196.389955083707,6489.6,8732.41
63,10_2,15081.833333333334,Exp2018_032_IV_HeLa_MG132_YFP-AstrinqQ1012_CENPB-dsRed_GFP_mcherry01_R3D_D3D_Z0_C1_T10.tif,11115.7,Exp2018_032_IV_HeLa_MG132_YFP-AstrinqQ1012_CENPB-dsRed_GFP_mcherry01_R3D_D3D_Z0_C0_T10.tif,11858.80959634425,12196.389955083707,6489.6,8732.41
64,10_3,13630.5,Exp2018_032_IV_HeLa_MG132_YFP-AstrinqQ1012_CENPB-dsRed_GFP_mcherry01_R3D_D3D_Z0_C1_T10.tif,11121.416666666666,Exp2018_032_IV_HeLa_MG132_YFP-AstrinqQ1012_CENPB-dsRed_GFP_mcherry01_R3D_D3D_Z0_C0_T10.tif,11858.80959634425,12196.389955083707,6489.6,8732.41
65,10_4,15357.055555555555,Exp2018_032_IV_HeLa_MG132_YFP-AstrinqQ1012_CENPB-dsRed_GFP_mcherry01_R3D_D3D_Z0_C1_T10.tif,12047.388888888889,Exp2018_032_IV_HeLa_MG132_YFP-AstrinqQ1012_CENPB-dsRed_GFP_mcherry01_R3D_D3D_Z0_C0_T10.tif,11858.80959634425,12196.389955083707,6489.6,8732.41
66,10_5,15085.6875,Exp2018_032_IV_HeLa_MG132_YFP-AstrinqQ1012_CENPB-dsRed_GFP_mcherry01_R3D_D3D_Z0_C1_T10.tif,11746.1875,Exp2018_032_IV_HeLa_MG132_YFP-AstrinqQ1012_CENPB-dsRed_GFP_mcherry01_R3D_D3D_Z0_C0_T10.tif,11858.80959634425,12196.389955083707,6489.6,8732.41
67,10_6,15036.578947368422,Exp2018_032_IV_HeLa_MG132_YFP-AstrinqQ1012_CENPB-dsRed_GFP_mcherry01_R3D_D3D_Z0_C1_T10.tif,11609.526315789473,Exp2018_032_IV_HeLa_MG132_YFP-AstrinqQ1012_CENPB-dsRed_GFP_mcherry01_R3D_D3D_Z0_C0_T10.tif,11858.80959634425,12196.389955083707,6489.6,8732.41
68,10_7,14264.625,Exp2018_032_IV_HeLa_MG132_YFP-AstrinqQ1012_CENPB-dsRed_GFP_mcherry01_R3D_D3D_Z0_C1_T10.tif,11380.75,Exp2018_032_IV_HeLa_MG132_YFP-AstrinqQ1012_CENPB-dsRed_GFP_mcherry01_R3D_D3D_Z0_C0_T10.tif,11858.80959634425,12196.389955083707,6489.6,8732.41
69,10_8,16337.0,Exp2018_032_IV_HeLa_MG132_YFP-AstrinqQ1012_CENPB-dsRed_GFP_mcherry01_R3D_D3D_Z0_C1_T10.tif,9340.483870967742,Exp2018_032_IV_HeLa_MG132_YFP-AstrinqQ1012_CENPB-dsRed_GFP_mcherry01_R3D_D3D_Z0_C0_T10.tif,11858.80959634425,12196.389955083707,6489.6,8732.41
70,11_1,16060.606807919416,Exp2018_032_IV_HeLa_MG132_YFP-AstrinqQ1012_CENPB-dsRed_GFP_mcherry01_R3D_D3D_Z1_C1_T00.tif,10837.352552969782,Exp2018_032_IV_HeLa_MG132_YFP-AstrinqQ1012_CENPB-dsRed_GFP_mcherry01_R3D_D3D_Z1_C0_T00.tif,11858.80959634425,12196.389955083707,6489.6,8732.41
71,12_1,12839.125,Exp2018_032_IV_HeLa_MG132_YFP-AstrinqQ1012_CENPB-dsRed_GFP_mcherry01_R3D_D3D_Z1_C1_T01.tif,8638.125,Exp2018_032_IV_HeLa_MG132_YFP-AstrinqQ1012_CENPB-dsRed_GFP_mcherry01_R3D_D3D_Z1_C0_T01.tif,11858.80959634425,12196.389955083707,6489.6,8732.41
72,12_2,16112.683238636364,Exp2018_032_IV_HeLa_MG132_YFP-AstrinqQ1012_CENPB-dsRed_GFP_mcherry01_R3D_D3D_Z1_C1_T01.tif,11020.28515625,Exp2018_032_IV_HeLa_MG132_YFP-AstrinqQ1012_CENPB-dsRed_GFP_mcherry01_R3D_D3D_Z1_C0_T01.tif,11858.80959634425,12196.389955083707,6489.6,8732.41
73,12_3,12603.0625,Exp2018_032_IV_HeLa_MG132_YFP-AstrinqQ1012_CENPB-dsRed_GFP_mcherry01_R3D_D3D_Z1_C1_T01.tif,11496.5,Exp2018_032_IV_HeLa_MG132_YFP-AstrinqQ1012_CENPB-dsRed_GFP_mcherry01_R3D_D3D_Z1_C0_T01.tif,11858.80959634425,12196.389955083707,6489.6,8732.41
74,12_4,13006.09090909091,Exp2018_032_IV_HeLa_MG132_YFP-AstrinqQ1012_CENPB-dsRed_GFP_mcherry01_R3D_D3D_Z1_C1_T01.tif,11588.318181818182,Exp2018_032_IV_HeLa_MG132_YFP-AstrinqQ1012_CENPB-dsRed_GFP_mcherry01_R3D_D3D_Z1_C0_T01.tif,11858.80959634425,12196.389955083707,6489.6,8732.41
75,13_1,16601.038719873566,Exp2018_032_IV_HeLa_MG132_YFP-AstrinqQ1012_CENPB-dsRed_GFP_mcherry01_R3D_D3D_Z1_C1_T02.tif,11062.609640458317,Exp2018_032_IV_HeLa_MG132_YFP-AstrinqQ1012_CENPB-dsRed_GFP_mcherry01_R3D_D3D_Z1_C0_T02.tif,11858.80959634425,12196.389955083707,6489.6,8732.41
76,13_2,13626.64705882353,Exp2018_032_IV_HeLa_MG132_YFP-AstrinqQ1012_CENPB-dsRed_GFP_mcherry01_R3D_D3D_Z1_C1_T02.tif,12368.35294117647,Exp2018_032_IV_HeLa_MG132_YFP-AstrinqQ1012_CENPB-dsRed_GFP_mcherry01_R3D_D3D_Z1_C0_T02.tif,11858.80959634425,12196.389955083707,6489.6,8732.41
77,14_1,16495.05822306238,Exp2018_032_IV_HeLa_MG132_YFP-AstrinqQ1012_CENPB-dsRed_GFP_mcherry01_R3D_D3D_Z1_C1_T03.tif,11052.65293005671,Exp2018_032_IV_HeLa_MG132_YFP-AstrinqQ1012_CENPB-dsRed_GFP_mcherry01_R3D_D3D_Z1_C0_T03.tif,11858.80959634425,12196.389955083707,6489.6,8732.41
78,14_2,13778.25,Exp2018_032_IV_HeLa_MG132_YFP-AstrinqQ1012_CENPB-dsRed_GFP_mcherry01_R3D_D3D_Z1_C1_T03.tif,12285.5,Exp2018_032_IV_HeLa_MG132_YFP-AstrinqQ1012_CENPB-dsRed_GFP_mcherry01_R3D_D3D_Z1_C0_T03.tif,11858.80959634425,12196.389955083707,6489.6,8732.41
79,14_3,12466.333333333334,Exp2018_032_IV_HeLa_MG132_YFP-AstrinqQ1012_CENPB-dsRed_GFP_mcherry01_R3D_D3D_Z1_C1_T03.tif,11309.083333333334,Exp2018_032_IV_HeLa_MG132_YFP-AstrinqQ1012_CENPB-dsRed_GFP_mcherry01_R3D_D3D_Z1_C0_T03.tif,11858.80959634425,12196.389955083707,6489.6,8732.41
80,14_4,12841.875,Exp2018_032_IV_HeLa_MG132_YFP-AstrinqQ1012_CENPB-dsRed_GFP_mcherry01_R3D_D3D_Z1_C1_T03.tif,12401.625,Exp2018_032_IV_HeLa_MG132_YFP-AstrinqQ1012_CENPB-dsRed_GFP_mcherry01_R3D_D3D_Z1_C0_T03.tif,11858.80959634425,12196.389955083707,6489.6,8732.41
81,15_1,15567.912781477957,Exp2018_032_IV_HeLa_MG132_YFP-AstrinqQ1012_CENPB-dsRed_GFP_mcherry01_R3D_D3D_Z1_C1_T04.tif,11128.991119568665,Exp2018_032_IV_HeLa_MG132_YFP-AstrinqQ1012_CENPB-dsRed_GFP_mcherry01_R3D_D3D_Z1_C0_T04.tif,11858.80959634425,12196.389955083707,6489.6,8732.41
82,15_2,12071.066666666668,Exp2018_032_IV_HeLa_MG132_YFP-AstrinqQ1012_CENPB-dsRed_GFP_mcherry01_R3D_D3D_Z1_C1_T04.tif,12609.2,Exp2018_032_IV_HeLa_MG132_YFP-AstrinqQ1012_CENPB-dsRed_GFP_mcherry01_R3D_D3D_Z1_C0_T04.tif,11858.80959634425,12196.389955083707,6489.6,8732.41
83,15_3,11797.416666666666,Exp2018_032_IV_HeLa_MG132_YFP-AstrinqQ1012_CENPB-dsRed_GFP_mcherry01_R3D_D3D_Z1_C1_T04.tif,12438.333333333334,Exp2018_032_IV_HeLa_MG132_YFP-AstrinqQ1012_CENPB-dsRed_GFP_mcherry01_R3D_D3D_Z1_C0_T04.tif,11858.80959634425,12196.389955083707,6489.6,8732.41
84,15_4,11049.25,Exp2018_032_IV_HeLa_MG132_YFP-AstrinqQ1012_CENPB-dsRed_GFP_mcherry01_R3D_D3D_Z1_C1_T04.tif,7846.5,Exp2018_032_IV_HeLa_MG132_YFP-AstrinqQ1012_CENPB-dsRed_GFP_mcherry01_R3D_D3D_Z1_C0_T04.tif,11858.80959634425,12196.389955083707,6489.6,8732.41
85,16_1,16076.586426696664,Exp2018_032_IV_HeLa_MG132_YFP-AstrinqQ1012_CENPB-dsRed_GFP_mcherry01_R3D_D3D_Z1_C1_T05.tif,11031.798275215599,Exp2018_032_IV_HeLa_MG132_YFP-AstrinqQ1012_CENPB-dsRed_GFP_mcherry01_R3D_D3D_Z1_C0_T05.tif,11858.80959634425,12196.389955083707,6489.6,8732.41
86,16_2,12792.5,Exp2018_032_IV_HeLa_MG132_YFP-AstrinqQ1012_CENPB-dsRed_GFP_mcherry01_R3D_D3D_Z1_C1_T05.tif,11767.5,Exp2018_032_IV_HeLa_MG132_YFP-AstrinqQ1012_CENPB-dsRed_GFP_mcherry01_R3D_D3D_Z1_C0_T05.tif,11858.80959634425,12196.389955083707,6489.6,8732.41
87,16_3,13293.875,Exp2018_032_IV_HeLa_MG132_YFP-AstrinqQ1012_CENPB-dsRed_GFP_mcherry01_R3D_D3D_Z1_C1_T05.tif,12776.25,Exp2018_032_IV_HeLa_MG132_YFP-AstrinqQ1012_CENPB-dsRed_GFP_mcherry01_R3D_D3D_Z1_C0_T05.tif,11858.80959634425,12196.389955083707,6489.6,8732.41
88,16_4,13045.25,Exp2018_032_IV_HeLa_MG132_YFP-AstrinqQ1012_CENPB-dsRed_GFP_mcherry01_R3D_D3D_Z1_C1_T05.tif,12032.125,Exp2018_032_IV_HeLa_MG132_YFP-AstrinqQ1012_CENPB-dsRed_GFP_mcherry01_R3D_D3D_Z1_C0_T05.tif,11858.80959634425,12196.389955083707,6489.6,8732.41
89,16_5,12988.333333333334,Exp2018_032_IV_HeLa_MG132_YFP-AstrinqQ1012_CENPB-dsRed_GFP_mcherry01_R3D_D3D_Z1_C1_T05.tif,12197.833333333334,Exp2018_032_IV_HeLa_MG132_YFP-AstrinqQ1012_CENPB-dsRed_GFP_mcherry01_R3D_D3D_Z1_C0_T05.tif,11858.80959634425,12196.389955083707,6489.6,8732.41
90,16_6,13172.625,Exp2018_032_IV_HeLa_MG132_YFP-AstrinqQ1012_CENPB-dsRed_GFP_mcherry01_R3D_D3D_Z1_C1_T05.tif,11925.25,Exp2018_032_IV_HeLa_MG132_YFP-AstrinqQ1012_CENPB-dsRed_GFP_mcherry01_R3D_D3D_Z1_C0_T05.tif,11858.80959634425,12196.389955083707,6489.6,8732.41
91,17_1,15557.88328912467,Exp2018_032_IV_HeLa_MG132_YFP-AstrinqQ1012_CENPB-dsRed_GFP_mcherry01_R3D_D3D_Z1_C1_T06.tif,11151.8474801061,Exp2018_032_IV_HeLa_MG132_YFP-AstrinqQ1012_CENPB-dsRed_GFP_mcherry01_R3D_D3D_Z1_C0_T06.tif,11858.80959634425,12196.389955083707,6489.6,8732.41
92,17_2,11975.75,Exp2018_032_IV_HeLa_MG132_YFP-AstrinqQ1012_CENPB-dsRed_GFP_mcherry01_R3D_D3D_Z1_C1_T06.tif,12110.375,Exp2018_032_IV_HeLa_MG132_YFP-AstrinqQ1012_CENPB-dsRed_GFP_mcherry01_R3D_D3D_Z1_C0_T06.tif,11858.80959634425,12196.389955083707,6489.6,8732.41
93,17_3,11421.625,Exp2018_032_IV_HeLa_MG132_YFP-AstrinqQ1012_CENPB-dsRed_GFP_mcherry01_R3D_D3D_Z1_C1_T06.tif,12195.75,Exp2018_032_IV_HeLa_MG132_YFP-AstrinqQ1012_CENPB-dsRed_GFP_mcherry01_R3D_D3D_Z1_C0_T06.tif,11858.80959634425,12196.389955083707,6489.6,8732.41
94,18_1,15927.883694839193,Exp2018_032_IV_HeLa_MG132_YFP-AstrinqQ1012_CENPB-dsRed_GFP_mcherry01_R3D_D3D_Z1_C1_T07.tif,11185.222139117426,Exp2018_032_IV_HeLa_MG132_YFP-AstrinqQ1012_CENPB-dsRed_GFP_mcherry01_R3D_D3D_Z1_C0_T07.tif,11858.80959634425,12196.389955083707,6489.6,8732.41
95,19_1,16246.647612156296,Exp2018_032_IV_HeLa_MG132_YFP-AstrinqQ1012_CENPB-dsRed_GFP_mcherry01_R3D_D3D_Z1_C1_T08.tif,11239.662083936324,Exp2018_032_IV_HeLa_MG132_YFP-AstrinqQ1012_CENPB-dsRed_GFP_mcherry01_R3D_D3D_Z1_C0_T08.tif,11858.80959634425,12196.389955083707,6489.6,8732.41
96,19_2,13228.0,Exp2018_032_IV_HeLa_MG132_YFP-AstrinqQ1012_CENPB-dsRed_GFP_mcherry01_R3D_D3D_Z1_C1_T08.tif,11522.875,Exp2018_032_IV_HeLa_MG132_YFP-AstrinqQ1012_CENPB-dsRed_GFP_mcherry01_R3D_D3D_Z1_C0_T08.tif,11858.80959634425,12196.389955083707,6489.6,8732.41
97,19_3,13487.90909090909,Exp2018_032_IV_HeLa_MG132_YFP-AstrinqQ1012_CENPB-dsRed_GFP_mcherry01_R3D_D3D_Z1_C1_T08.tif,11977.227272727272,Exp2018_032_IV_HeLa_MG132_YFP-AstrinqQ1012_CENPB-dsRed_GFP_mcherry01_R3D_D3D_Z1_C0_T08.tif,11858.80959634425,12196.389955083707,6489.6,8732.41
98,20_1,17593.817376867737,Exp2018_032_IV_HeLa_MG132_YFP-AstrinqQ1012_CENPB-dsRed_GFP_mcherry01_R3D_D3D_Z1_C1_T09.tif,11168.174322080797,Exp2018_032_IV_HeLa_MG132_YFP-AstrinqQ1012_CENPB-dsRed_GFP_mcherry01_R3D_D3D_Z1_C0_T09.tif,11858.80959634425,12196.389955083707,6489.6,8732.41
99,20_2,14574.8,Exp2018_032_IV_HeLa_MG132_YFP-AstrinqQ1012_CENPB-dsRed_GFP_mcherry01_R3D_D3D_Z1_C1_T09.tif,11459.2,Exp2018_032_IV_HeLa_MG132_YFP-AstrinqQ1012_CENPB-dsRed_GFP_mcherry01_R3D_D3D_Z1_C0_T09.tif,11858.80959634425,12196.389955083707,6489.6,8732.41
100,20_3,14234.5,Exp2018_032_IV_HeLa_MG132_YFP-AstrinqQ1012_CENPB-dsRed_GFP_mcherry01_R3D_D3D_Z1_C1_T09.tif,10761.5,Exp2018_032_IV_HeLa_MG132_YFP-AstrinqQ1012_CENPB-dsRed_GFP_mcherry01_R3D_D3D_Z1_C0_T09.tif,11858.80959634425,12196.389955083707,6489.6,8732.41
101,21_1,16531.504962779156,Exp2018_032_IV_HeLa_MG132_YFP-AstrinqQ1012_CENPB-dsRed_GFP_mcherry01_R3D_D3D_Z1_C1_T10.tif,11150.465260545905,Exp2018_032_IV_HeLa_MG132_YFP-AstrinqQ1012_CENPB-dsRed_GFP_mcherry01_R3D_D3D_Z1_C0_T10.tif,11858.80959634425,12196.389955083707,6489.6,8732.41
102,22_1,14891.5625,Exp2018_032_IV_HeLa_MG132_YFP-AstrinqQ1012_CENPB-dsRed_GFP_mcherry01_R3D_D3D_Z2_C1_T00.tif,8948.1875,Exp2018_032_IV_HeLa_MG132_YFP-AstrinqQ1012_CENPB-dsRed_GFP_mcherry01_R3D_D3D_Z2_C0_T00.tif,11858.80959634425,12196.389955083707,6489.6,8732.41
103,22_2,17401.372716894977,Exp2018_032_IV_HeLa_MG132_YFP-AstrinqQ1012_CENPB-dsRed_GFP_mcherry01_R3D_D3D_Z2_C1_T00.tif,10902.501141552511,Exp2018_032_IV_HeLa_MG132_YFP-AstrinqQ1012_CENPB-dsRed_GFP_mcherry01_R3D_D3D_Z2_C0_T00.tif,11858.80959634425,12196.389955083707,6489.6,8732.41
104,22_3,14755.7,Exp2018_032_IV_HeLa_MG132_YFP-AstrinqQ1012_CENPB-dsRed_GFP_mcherry01_R3D_D3D_Z2_C1_T00.tif,11096.1,Exp2018_032_IV_HeLa_MG132_YFP-AstrinqQ1012_CENPB-dsRed_GFP_mcherry01_R3D_D3D_Z2_C0_T00.tif,11858.80959634425,12196.389955083707,6489.6,8732.41
105,22_4,15122.733333333334,Exp2018_032_IV_HeLa_MG132_YFP-AstrinqQ1012_CENPB-dsRed_GFP_mcherry01_R3D_D3D_Z2_C1_T00.tif,11567.0,Exp2018_032_IV_HeLa_MG132_YFP-AstrinqQ1012_CENPB-dsRed_GFP_mcherry01_R3D_D3D_Z2_C0_T00.tif,11858.80959634425,12196.389955083707,6489.6,8732.41
106,23_1,16590.22051056338,Exp2018_032_IV_HeLa_MG132_YFP-AstrinqQ1012_CENPB-dsRed_GFP_mcherry01_R3D_D3D_Z2_C1_T01.tif,11142.453785211268,Exp2018_032_IV_HeLa_MG132_YFP-AstrinqQ1012_CENPB-dsRed_GFP_mcherry01_R3D_D3D_Z2_C0_T01.tif,11858.80959634425,12196.389955083707,6489.6,8732.41
107,23_2,13879.263157894737,Exp2018_032_IV_HeLa_MG132_YFP-AstrinqQ1012_CENPB-dsRed_GFP_mcherry01_R3D_D3D_Z2_C1_T01.tif,12365.842105263158,Exp2018_032_IV_HeLa_MG132_YFP-AstrinqQ1012_CENPB-dsRed_GFP_mcherry01_R3D_D3D_Z2_C0_T01.tif,11858.80959634425,12196.389955083707,6489.6,8732.41
108,23_3,13722.75,Exp2018_032_IV_HeLa_MG132_YFP-AstrinqQ1012_CENPB-dsRed_GFP_mcherry01_R3D_D3D_Z2_C1_T01.tif,12220.75,Exp2018_032_IV_HeLa_MG132_YFP-AstrinqQ1012_CENPB-dsRed_GFP_mcherry01_R3D_D3D_Z2_C0_T01.tif,11858.80959634425,12196.389955083707,6489.6,8732.41
109,23_4,12785.1,Exp2018_032_IV_HeLa_MG132_YFP-AstrinqQ1012_CENPB-dsRed_GFP_mcherry01_R3D_D3D_Z2_C1_T01.tif,11515.1,Exp2018_032_IV_HeLa_MG132_YFP-AstrinqQ1012_CENPB-dsRed_GFP_mcherry01_R3D_D3D_Z2_C0_T01.tif,11858.80959634425,12196.389955083707,6489.6,8732.41
110,23_5,13155.666666666666,Exp2018_032_IV_HeLa_MG132_YFP-AstrinqQ1012_CENPB-dsRed_GFP_mcherry01_R3D_D3D_Z2_C1_T01.tif,12219.083333333334,Exp2018_032_IV_HeLa_MG132_YFP-AstrinqQ1012_CENPB-dsRed_GFP_mcherry01_R3D_D3D_Z2_C0_T01.tif,11858.80959634425,12196.389955083707,6489.6,8732.41
111,23_6,14099.4,Exp2018_032_IV_HeLa_MG132_YFP-AstrinqQ1012_CENPB-dsRed_GFP_mcherry01_R3D_D3D_Z2_C1_T01.tif,11749.733333333334,Exp2018_032_IV_HeLa_MG132_YFP-AstrinqQ1012_CENPB-dsRed_GFP_mcherry01_R3D_D3D_Z2_C0_T01.tif,11858.80959634425,12196.389955083707,6489.6,8732.41
112,23_7,13244.083333333334,Exp2018_032_IV_HeLa_MG132_YFP-AstrinqQ1012_CENPB-dsRed_GFP_mcherry01_R3D_D3D_Z2_C1_T01.tif,11877.833333333334,Exp2018_032_IV_HeLa_MG132_YFP-AstrinqQ1012_CENPB-dsRed_GFP_mcherry01_R3D_D3D_Z2_C0_T01.tif,11858.80959634425,12196.389955083707,6489.6,8732.41
113,23_8,13431.0,Exp2018_032_IV_HeLa_MG132_YFP-AstrinqQ1012_CENPB-dsRed_GFP_mcherry01_R3D_D3D_Z2_C1_T01.tif,11930.0,Exp2018_032_IV_HeLa_MG132_YFP-AstrinqQ1012_CENPB-dsRed_GFP_mcherry01_R3D_D3D_Z2_C0_T01.tif,11858.80959634425,12196.389955083707,6489.6,8732.41
114,23_9,13410.0,Exp2018_032_IV_HeLa_MG132_YFP-AstrinqQ1012_CENPB-dsRed_GFP_mcherry01_R3D_D3D_Z2_C1_T01.tif,10930.09090909091,Exp2018_032_IV_HeLa_MG132_YFP-AstrinqQ1012_CENPB-dsRed_GFP_mcherry01_R3D_D3D_Z2_C0_T01.tif,11858.80959634425,12196.389955083707,6489.6,8732.41
115,23_10,13263.125,Exp2018_032_IV_HeLa_MG132_YFP-AstrinqQ1012_CENPB-dsRed_GFP_mcherry01_R3D_D3D_Z2_C1_T01.tif,11562.75,Exp2018_032_IV_HeLa_MG132_YFP-AstrinqQ1012_CENPB-dsRed_GFP_mcherry01_R3D_D3D_Z2_C0_T01.tif,11858.80959634425,12196.389955083707,6489.6,8732.41
116,23_11,13620.5,Exp2018_032_IV_HeLa_MG132_YFP-AstrinqQ1012_CENPB-dsRed_GFP_mcherry01_R3D_D3D_Z2_C1_T01.tif,8526.375,Exp2018_032_IV_HeLa_MG132_YFP-AstrinqQ1012_CENPB-dsRed_GFP_mcherry01_R3D_D3D_Z2_C0_T01.tif,11858.80959634425,12196.389955083707,6489.6,8732.41
117,24_1,16168.33244376668,Exp2018_032_IV_HeLa_MG132_YFP-AstrinqQ1012_CENPB-dsRed_GFP_mcherry01_R3D_D3D_Z2_C1_T02.tif,11253.948532215021,Exp2018_032_IV_HeLa_MG132_YFP-AstrinqQ1012_CENPB-dsRed_GFP_mcherry01_R3D_D3D_Z2_C0_T02.tif,11858.80959634425,12196.389955083707,6489.6,8732.41
118,24_2,12961.75,Exp2018_032_IV_HeLa_MG132_YFP-AstrinqQ1012_CENPB-dsRed_GFP_mcherry01_R3D_D3D_Z2_C1_T02.tif,7778.875,Exp2018_032_IV_HeLa_MG132_YFP-AstrinqQ1012_CENPB-dsRed_GFP_mcherry01_R3D_D3D_Z2_C0_T02.tif,11858.80959634425,12196.389955083707,6489.6,8732.41
119,24_3,13063.5,Exp2018_032_IV_HeLa_MG132_YFP-AstrinqQ1012_CENPB-dsRed_GFP_mcherry01_R3D_D3D_Z2_C1_T02.tif,9536.857142857143,Exp2018_032_IV_HeLa_MG132_YFP-AstrinqQ1012_CENPB-dsRed_GFP_mcherry01_R3D_D3D_Z2_C0_T02.tif,11858.80959634425,12196.389955083707,6489.6,8732.41
120,24_4,12057.375,Exp2018_032_IV_HeLa_MG132_YFP-AstrinqQ1012_CENPB-dsRed_GFP_mcherry01_R3D_D3D_Z2_C1_T02.tif,11563.125,Exp2018_032_IV_HeLa_MG132_YFP-AstrinqQ1012_CENPB-dsRed_GFP_mcherry01_R3D_D3D_Z2_C0_T02.tif,11858.80959634425,12196.389955083707,6489.6,8732.41
121,24_5,12726.033333333333,Exp2018_032_IV_HeLa_MG132_YFP-AstrinqQ1012_CENPB-dsRed_GFP_mcherry01_R3D_D3D_Z2_C1_T02.tif,11376.666666666666,Exp2018_032_IV_HeLa_MG132_YFP-AstrinqQ1012_CENPB-dsRed_GFP_mcherry01_R3D_D3D_Z2_C0_T02.tif,11858.80959634425,12196.389955083707,6489.6,8732.41
122,24_6,11692.375,Exp2018_032_IV_HeLa_MG132_YFP-AstrinqQ1012_CENPB-dsRed_GFP_mcherry01_R3D_D3D_Z2_C1_T02.tif,11328.5,Exp2018_032_IV_HeLa_MG132_YFP-AstrinqQ1012_CENPB-dsRed_GFP_mcherry01_R3D_D3D_Z2_C0_T02.tif,11858.80959634425,12196.389955083707,6489.6,8732.41
123,24_7,12898.8,Exp2018_032_IV_HeLa_MG132_YFP-AstrinqQ1012_CENPB-dsRed_GFP_mcherry01_R3D_D3D_Z2_C1_T02.tif,12988.8,Exp2018_032_IV_HeLa_MG132_YFP-AstrinqQ1012_CENPB-dsRed_GFP_mcherry01_R3D_D3D_Z2_C0_T02.tif,11858.80959634425,12196.389955083707,6489.6,8732.41
124,24_8,13250.625,Exp2018_032_IV_HeLa_MG132_YFP-AstrinqQ1012_CENPB-dsRed_GFP_mcherry01_R3D_D3D_Z2_C1_T02.tif,11546.75,Exp2018_032_IV_HeLa_MG132_YFP-AstrinqQ1012_CENPB-dsRed_GFP_mcherry01_R3D_D3D_Z2_C0_T02.tif,11858.80959634425,12196.389955083707,6489.6,8732.41
125,25_1,19135.75,Exp2018_032_IV_HeLa_MG132_YFP-AstrinqQ1012_CENPB-dsRed_GFP_mcherry01_R3D_D3D_Z2_C1_T03.tif,10169.75,Exp2018_032_IV_HeLa_MG132_YFP-AstrinqQ1012_CENPB-dsRed_GFP_mcherry01_R3D_D3D_Z2_C0_T03.tif,11858.80959634425,12196.389955083707,6489.6,8732.41
126,25_2,20392.909677419353,Exp2018_032_IV_HeLa_MG132_YFP-AstrinqQ1012_CENPB-dsRed_GFP_mcherry01_R3D_D3D_Z2_C1_T03.tif,10839.335483870967,Exp2018_032_IV_HeLa_MG132_YFP-AstrinqQ1012_CENPB-dsRed_GFP_mcherry01_R3D_D3D_Z2_C0_T03.tif,11858.80959634425,12196.389955083707,6489.6,8732.41
127,25_3,20028.75,Exp2018_032_IV_HeLa_MG132_YFP-AstrinqQ1012_CENPB-dsRed_GFP_mcherry01_R3D_D3D_Z2_C1_T03.tif,10879.25,Exp2018_032_IV_HeLa_MG132_YFP-AstrinqQ1012_CENPB-dsRed_GFP_mcherry01_R3D_D3D_Z2_C0_T03.tif,11858.80959634425,12196.389955083707,6489.6,8732.41
128,25_4,21257.65168539326,Exp2018_032_IV_HeLa_MG132_YFP-AstrinqQ1012_CENPB-dsRed_GFP_mcherry01_R3D_D3D_Z2_C1_T03.tif,11563.14606741573,Exp2018_032_IV_HeLa_MG132_YFP-AstrinqQ1012_CENPB-dsRed_GFP_mcherry01_R3D_D3D_Z2_C0_T03.tif,11858.80959634425,12196.389955083707,6489.6,8732.41
129,25_5,21597.1884057971,Exp2018_032_IV_HeLa_MG132_YFP-AstrinqQ1012_CENPB-dsRed_GFP_mcherry01_R3D_D3D_Z2_C1_T03.tif,12389.985507246376,Exp2018_032_IV_HeLa_MG132_YFP-AstrinqQ1012_CENPB-dsRed_GFP_mcherry01_R3D_D3D_Z2_C0_T03.tif,11858.80959634425,12196.389955083707,6489.6,8732.41
130,25_6,20924.157894736843,Exp2018_032_IV_HeLa_MG132_YFP-AstrinqQ1012_CENPB-dsRed_GFP_mcherry01_R3D_D3D_Z2_C1_T03.tif,11805.231578947369,Exp2018_032_IV_HeLa_MG132_YFP-AstrinqQ1012_CENPB-dsRed_GFP_mcherry01_R3D_D3D_Z2_C0_T03.tif,11858.80959634425,12196.389955083707,6489.6,8732.41
131,25_7,19693.333333333332,Exp2018_032_IV_HeLa_MG132_YFP-AstrinqQ1012_CENPB-dsRed_GFP_mcherry01_R3D_D3D_Z2_C1_T03.tif,12697.52380952381,Exp2018_032_IV_HeLa_MG132_YFP-AstrinqQ1012_CENPB-dsRed_GFP_mcherry01_R3D_D3D_Z2_C0_T03.tif,11858.80959634425,12196.389955083707,6489.6,8732.41
132,25_8,20564.625,Exp2018_032_IV_HeLa_MG132_YFP-AstrinqQ1012_CENPB-dsRed_GFP_mcherry01_R3D_D3D_Z2_C1_T03.tif,11374.375,Exp2018_032_IV_HeLa_MG132_YFP-AstrinqQ1012_CENPB-dsRed_GFP_mcherry01_R3D_D3D_Z2_C0_T03.tif,11858.80959634425,12196.389955083707,6489.6,8732.41
133,25_9,19730.291666666668,Exp2018_032_IV_HeLa_MG132_YFP-AstrinqQ1012_CENPB-dsRed_GFP_mcherry01_R3D_D3D_Z2_C1_T03.tif,11483.041666666666,Exp2018_032_IV_HeLa_MG132_YFP-AstrinqQ1012_CENPB-dsRed_GFP_mcherry01_R3D_D3D_Z2_C0_T03.tif,11858.80959634425,12196.389955083707,6489.6,8732.41
134,25_10,20711.94230769231,Exp2018_032_IV_HeLa_MG132_YFP-AstrinqQ1012_CENPB-dsRed_GFP_mcherry01_R3D_D3D_Z2_C1_T03.tif,11260.365384615385,Exp2018_032_IV_HeLa_MG132_YFP-AstrinqQ1012_CENPB-dsRed_GFP_mcherry01_R3D_D3D_Z2_C0_T03.tif,11858.80959634425,12196.389955083707,6489.6,8732.41
135,25_11,20145.647058823528,Exp2018_032_IV_HeLa_MG132_YFP-AstrinqQ1012_CENPB-dsRed_GFP_mcherry01_R3D_D3D_Z2_C1_T03.tif,11456.235294117647,Exp2018_032_IV_HeLa_MG132_YFP-AstrinqQ1012_CENPB-dsRed_GFP_mcherry01_R3D_D3D_Z2_C0_T03.tif,11858.80959634425,12196.389955083707,6489.6,8732.41
136,25_12,19444.1875,Exp2018_032_IV_HeLa_MG132_YFP-AstrinqQ1012_CENPB-dsRed_GFP_mcherry01_R3D_D3D_Z2_C1_T03.tif,9313.0,Exp2018_032_IV_HeLa_MG132_YFP-AstrinqQ1012_CENPB-dsRed_GFP_mcherry01_R3D_D3D_Z2_C0_T03.tif,11858.80959634425,12196.389955083707,6489.6,8732.41
137,25_13,19795.304347826088,Exp2018_032_IV_HeLa_MG132_YFP-AstrinqQ1012_CENPB-dsRed_GFP_mcherry01_R3D_D3D_Z2_C1_T03.tif,9741.0,Exp2018_032_IV_HeLa_MG132_YFP-AstrinqQ1012_CENPB-dsRed_GFP_mcherry01_R3D_D3D_Z2_C0_T03.tif,11858.80959634425,12196.389955083707,6489.6,8732.41
138,26_1,18016.4,Exp2018_032_IV_HeLa_MG132_YFP-AstrinqQ1012_CENPB-dsRed_GFP_mcherry01_R3D_D3D_Z2_C1_T04.tif,10447.0,Exp2018_032_IV_HeLa_MG132_YFP-AstrinqQ1012_CENPB-dsRed_GFP_mcherry01_R3D_D3D_Z2_C0_T04.tif,11858.80959634425,12196.389955083707,6489.6,8732.41
139,26_2,19249.896907216495,Exp2018_032_IV_HeLa_MG132_YFP-AstrinqQ1012_CENPB-dsRed_GFP_mcherry01_R3D_D3D_Z2_C1_T04.tif,10551.59793814433,Exp2018_032_IV_HeLa_MG132_YFP-AstrinqQ1012_CENPB-dsRed_GFP_mcherry01_R3D_D3D_Z2_C0_T04.tif,11858.80959634425,12196.389955083707,6489.6,8732.41
140,26_3,20337.24623115578,Exp2018_032_IV_HeLa_MG132_YFP-AstrinqQ1012_CENPB-dsRed_GFP_mcherry01_R3D_D3D_Z2_C1_T04.tif,11387.522613065326,Exp2018_032_IV_HeLa_MG132_YFP-AstrinqQ1012_CENPB-dsRed_GFP_mcherry01_R3D_D3D_Z2_C0_T04.tif,11858.80959634425,12196.389955083707,6489.6,8732.41
141,26_4,20077.45348837209,Exp2018_032_IV_HeLa_MG132_YFP-AstrinqQ1012_CENPB-dsRed_GFP_mcherry01_R3D_D3D_Z2_C1_T04.tif,11799.53488372093,Exp2018_032_IV_HeLa_MG132_YFP-AstrinqQ1012_CENPB-dsRed_GFP_mcherry01_R3D_D3D_Z2_C0_T04.tif,11858.80959634425,12196.389955083707,6489.6,8732.41
142,26_5,17741.25,Exp2018_032_IV_HeLa_MG132_YFP-AstrinqQ1012_CENPB-dsRed_GFP_mcherry01_R3D_D3D_Z2_C1_T04.tif,12203.875,Exp2018_032_IV_HeLa_MG132_YFP-AstrinqQ1012_CENPB-dsRed_GFP_mcherry01_R3D_D3D_Z2_C0_T04.tif,11858.80959634425,12196.389955083707,6489.6,8732.41
143,26_6,19987.065934065933,Exp2018_032_IV_HeLa_MG132_YFP-AstrinqQ1012_CENPB-dsRed_GFP_mcherry01_R3D_D3D_Z2_C1_T04.tif,12049.560439560439,Exp2018_032_IV_HeLa_MG132_YFP-AstrinqQ1012_CENPB-dsRed_GFP_mcherry01_R3D_D3D_Z2_C0_T04.tif,11858.80959634425,12196.389955083707,6489.6,8732.41
144,26_7,18194.304347826088,Exp2018_032_IV_HeLa_MG132_YFP-AstrinqQ1012_CENPB-dsRed_GFP_mcherry01_R3D_D3D_Z2_C1_T04.tif,12055.173913043478,Exp2018_032_IV_HeLa_MG132_YFP-AstrinqQ1012_CENPB-dsRed_GFP_mcherry01_R3D_D3D_Z2_C0_T04.tif,11858.80959634425,12196.389955083707,6489.6,8732.41
145,26_8,18753.802816901407,Exp2018_032_IV_HeLa_MG132_YFP-AstrinqQ1012_CENPB-dsRed_GFP_mcherry01_R3D_D3D_Z2_C1_T04.tif,11541.74647887324,Exp2018_032_IV_HeLa_MG132_YFP-AstrinqQ1012_CENPB-dsRed_GFP_mcherry01_R3D_D3D_Z2_C0_T04.tif,11858.80959634425,12196.389955083707,6489.6,8732.41
146,26_9,19425.2,Exp2018_032_IV_HeLa_MG132_YFP-AstrinqQ1012_CENPB-dsRed_GFP_mcherry01_R3D_D3D_Z2_C1_T04.tif,11021.662068965517,Exp2018_032_IV_HeLa_MG132_YFP-AstrinqQ1012_CENPB-dsRed_GFP_mcherry01_R3D_D3D_Z2_C0_T04.tif,11858.80959634425,12196.389955083707,6489.6,8732.41
147,26_10,18711.81818181818,Exp2018_032_IV_HeLa_MG132_YFP-AstrinqQ1012_CENPB-dsRed_GFP_mcherry01_R3D_D3D_Z2_C1_T04.tif,10075.945454545454,Exp2018_032_IV_HeLa_MG132_YFP-AstrinqQ1012_CENPB-dsRed_GFP_mcherry01_R3D_D3D_Z2_C0_T04.tif,11858.80959634425,12196.389955083707,6489.6,8732.41
148,27_1,17528.26923076923,Exp2018_032_IV_HeLa_MG132_YFP-AstrinqQ1012_CENPB-dsRed_GFP_mcherry01_R3D_D3D_Z2_C1_T05.tif,9527.615384615385,Exp2018_032_IV_HeLa_MG132_YFP-AstrinqQ1012_CENPB-dsRed_GFP_mcherry01_R3D_D3D_Z2_C0_T05.tif,11858.80959634425,12196.389955083707,6489.6,8732.41
149,27_2,18973.560747663552,Exp2018_032_IV_HeLa_MG132_YFP-AstrinqQ1012_CENPB-dsRed_GFP_mcherry01_R3D_D3D_Z2_C1_T05.tif,10744.822429906542,Exp2018_032_IV_HeLa_MG132_YFP-AstrinqQ1012_CENPB-dsRed_GFP_mcherry01_R3D_D3D_Z2_C0_T05.tif,11858.80959634425,12196.389955083707,6489.6,8732.41
150,27_3,17795.037037037036,Exp2018_032_IV_HeLa_MG132_YFP-AstrinqQ1012_CENPB-dsRed_GFP_mcherry01_R3D_D3D_Z2_C1_T05.tif,11429.25925925926,Exp2018_032_IV_HeLa_MG132_YFP-AstrinqQ1012_CENPB-dsRed_GFP_mcherry01_R3D_D3D_Z2_C0_T05.tif,11858.80959634425,12196.389955083707,6489.6,8732.41
151,27_4,20096.0,Exp2018_032_IV_HeLa_MG132_YFP-AstrinqQ1012_CENPB-dsRed_GFP_mcherry01_R3D_D3D_Z2_C1_T05.tif,11414.590361445784,Exp2018_032_IV_HeLa_MG132_YFP-AstrinqQ1012_CENPB-dsRed_GFP_mcherry01_R3D_D3D_Z2_C0_T05.tif,11858.80959634425,12196.389955083707,6489.6,8732.41
152,27_5,19696.74157303371,Exp2018_032_IV_HeLa_MG132_YFP-AstrinqQ1012_CENPB-dsRed_GFP_mcherry01_R3D_D3D_Z2_C1_T05.tif,11898.213483146068,Exp2018_032_IV_HeLa_MG132_YFP-AstrinqQ1012_CENPB-dsRed_GFP_mcherry01_R3D_D3D_Z2_C0_T05.tif,11858.80959634425,12196.389955083707,6489.6,8732.41
153,27_6,18179.439024390245,Exp2018_032_IV_HeLa_MG132_YFP-AstrinqQ1012_CENPB-dsRed_GFP_mcherry01_R3D_D3D_Z2_C1_T05.tif,11198.926829268292,Exp2018_032_IV_HeLa_MG132_YFP-AstrinqQ1012_CENPB-dsRed_GFP_mcherry01_R3D_D3D_Z2_C0_T05.tif,11858.80959634425,12196.389955083707,6489.6,8732.41
154,27_7,19350.017094017094,Exp2018_032_IV_HeLa_MG132_YFP-AstrinqQ1012_CENPB-dsRed_GFP_mcherry01_R3D_D3D_Z2_C1_T05.tif,11925.504273504273,Exp2018_032_IV_HeLa_MG132_YFP-AstrinqQ1012_CENPB-dsRed_GFP_mcherry01_R3D_D3D_Z2_C0_T05.tif,11858.80959634425,12196.389955083707,6489.6,8732.41
155,27_8,18750.28181818182,Exp2018_032_IV_HeLa_MG132_YFP-AstrinqQ1012_CENPB-dsRed_GFP_mcherry01_R3D_D3D_Z2_C1_T05.tif,11161.727272727272,Exp2018_032_IV_HeLa_MG132_YFP-AstrinqQ1012_CENPB-dsRed_GFP_mcherry01_R3D_D3D_Z2_C0_T05.tif,11858.80959634425,12196.389955083707,6489.6,8732.41
156,27_9,17248.5,Exp2018_032_IV_HeLa_MG132_YFP-AstrinqQ1012_CENPB-dsRed_GFP_mcherry01_R3D_D3D_Z2_C1_T05.tif,11030.875,Exp2018_032_IV_HeLa_MG132_YFP-AstrinqQ1012_CENPB-dsRed_GFP_mcherry01_R3D_D3D_Z2_C0_T05.tif,11858.80959634425,12196.389955083707,6489.6,8732.41
157,27_10,18155.35714285714,Exp2018_032_IV_HeLa_MG132_YFP-AstrinqQ1012_CENPB-dsRed_GFP_mcherry01_R3D_D3D_Z2_C1_T05.tif,11350.57142857143,Exp2018_032_IV_HeLa_MG132_YFP-AstrinqQ1012_CENPB-dsRed_GFP_mcherry01_R3D_D3D_Z2_C0_T05.tif,11858.80959634425,12196.389955083707,6489.6,8732.41
158,27_11,17803.027777777777,Exp2018_032_IV_HeLa_MG132_YFP-AstrinqQ1012_CENPB-dsRed_GFP_mcherry01_R3D_D3D_Z2_C1_T05.tif,9745.972222222223,Exp2018_032_IV_HeLa_MG132_YFP-AstrinqQ1012_CENPB-dsRed_GFP_mcherry01_R3D_D3D_Z2_C0_T05.tif,11858.80959634425,12196.389955083707,6489.6,8732.41
159,27_12,17142.81818181818,Exp2018_032_IV_HeLa_MG132_YFP-AstrinqQ1012_CENPB-dsRed_GFP_mcherry01_R3D_D3D_Z2_C1_T05.tif,9461.181818181818,Exp2018_032_IV_HeLa_MG132_YFP-AstrinqQ1012_CENPB-dsRed_GFP_mcherry01_R3D_D3D_Z2_C0_T05.tif,11858.80959634425,12196.389955083707,6489.6,8732.41
160,28_1,17428.33121019108,Exp2018_032_IV_HeLa_MG132_YFP-AstrinqQ1012_CENPB-dsRed_GFP_mcherry01_R3D_D3D_Z2_C1_T06.tif,10848.528662420382,Exp2018_032_IV_HeLa_MG132_YFP-AstrinqQ1012_CENPB-dsRed_GFP_mcherry01_R3D_D3D_Z2_C0_T06.tif,11858.80959634425,12196.389955083707,6489.6,8732.41
161,28_2,14321.307692307691,Exp2018_032_IV_HeLa_MG132_YFP-AstrinqQ1012_CENPB-dsRed_GFP_mcherry01_R3D_D3D_Z2_C1_T06.tif,10538.461538461539,Exp2018_032_IV_HeLa_MG132_YFP-AstrinqQ1012_CENPB-dsRed_GFP_mcherry01_R3D_D3D_Z2_C0_T06.tif,11858.80959634425,12196.389955083707,6489.6,8732.41
162,28_3,17663.631986242475,Exp2018_032_IV_HeLa_MG132_YFP-AstrinqQ1012_CENPB-dsRed_GFP_mcherry01_R3D_D3D_Z2_C1_T06.tif,11378.272570937232,Exp2018_032_IV_HeLa_MG132_YFP-AstrinqQ1012_CENPB-dsRed_GFP_mcherry01_R3D_D3D_Z2_C0_T06.tif,11858.80959634425,12196.389955083707,6489.6,8732.41
163,28_4,15409.105263157895,Exp2018_032_IV_HeLa_MG132_YFP-AstrinqQ1012_CENPB-dsRed_GFP_mcherry01_R3D_D3D_Z2_C1_T06.tif,12402.263157894737,Exp2018_032_IV_HeLa_MG132_YFP-AstrinqQ1012_CENPB-dsRed_GFP_mcherry01_R3D_D3D_Z2_C0_T06.tif,11858.80959634425,12196.389955083707,6489.6,8732.41
164,28_5,15939.0,Exp2018_032_IV_HeLa_MG132_YFP-AstrinqQ1012_CENPB-dsRed_GFP_mcherry01_R3D_D3D_Z2_C1_T06.tif,12336.0,Exp2018_032_IV_HeLa_MG132_YFP-AstrinqQ1012_CENPB-dsRed_GFP_mcherry01_R3D_D3D_Z2_C0_T06.tif,11858.80959634425,12196.389955083707,6489.6,8732.41
165,28_6,15406.333333333334,Exp2018_032_IV_HeLa_MG132_YFP-AstrinqQ1012_CENPB-dsRed_GFP_mcherry01_R3D_D3D_Z2_C1_T06.tif,8912.0,Exp2018_032_IV_HeLa_MG132_YFP-AstrinqQ1012_CENPB-dsRed_GFP_mcherry01_R3D_D3D_Z2_C0_T06.tif,11858.80959634425,12196.389955083707,6489.6,8732.41
166,29_1,16899.76398508258,Exp2018_032_IV_HeLa_MG132_YFP-AstrinqQ1012_CENPB-dsRed_GFP_mcherry01_R3D_D3D_Z2_C1_T07.tif,11296.238145977624,Exp2018_032_IV_HeLa_MG132_YFP-AstrinqQ1012_CENPB-dsRed_GFP_mcherry01_R3D_D3D_Z2_C0_T07.tif,11858.80959634425,12196.389955083707,6489.6,8732.41
167,29_2,14076.4,Exp2018_032_IV_HeLa_MG132_YFP-AstrinqQ1012_CENPB-dsRed_GFP_mcherry01_R3D_D3D_Z2_C1_T07.tif,11700.2,Exp2018_032_IV_HeLa_MG132_YFP-AstrinqQ1012_CENPB-dsRed_GFP_mcherry01_R3D_D3D_Z2_C0_T07.tif,11858.80959634425,12196.389955083707,6489.6,8732.41
168,29_3,15046.4,Exp2018_032_IV_HeLa_MG132_YFP-AstrinqQ1012_CENPB-dsRed_GFP_mcherry01_R3D_D3D_Z2_C1_T07.tif,10870.6,Exp2018_032_IV_HeLa_MG132_YFP-AstrinqQ1012_CENPB-dsRed_GFP_mcherry01_R3D_D3D_Z2_C0_T07.tif,11858.80959634425,12196.389955083707,6489.6,8732.41
169,29_4,13855.875,Exp2018_032_IV_HeLa_MG132_YFP-AstrinqQ1012_CENPB-dsRed_GFP_mcherry01_R3D_D3D_Z2_C1_T07.tif,10706.125,Exp2018_032_IV_HeLa_MG132_YFP-AstrinqQ1012_CENPB-dsRed_GFP_mcherry01_R3D_D3D_Z2_C0_T07.tif,11858.80959634425,12196.389955083707,6489.6,8732.41
170,29_5,14540.272727272728,Exp2018_032_IV_HeLa_MG132_YFP-AstrinqQ1012_CENPB-dsRed_GFP_mcherry01_R3D_D3D_Z2_C1_T07.tif,12084.545454545454,Exp2018_032_IV_HeLa_MG132_YFP-AstrinqQ1012_CENPB-dsRed_GFP_mcherry01_R3D_D3D_Z2_C0_T07.tif,11858.80959634425,12196.389955083707,6489.6,8732.41
171,29_6,14516.142857142857,Exp2018_032_IV_HeLa_MG132_YFP-AstrinqQ1012_CENPB-dsRed_GFP_mcherry01_R3D_D3D_Z2_C1_T07.tif,10925.07142857143,Exp2018_032_IV_HeLa_MG132_YFP-AstrinqQ1012_CENPB-dsRed_GFP_mcherry01_R3D_D3D_Z2_C0_T07.tif,11858.80959634425,12196.389955083707,6489.6,8732.41
172,29_7,14787.0,Exp2018_032_IV_HeLa_MG132_YFP-AstrinqQ1012_CENPB-dsRed_GFP_mcherry01_R3D_D3D_Z2_C1_T07.tif,13466.916666666666,Exp2018_032_IV_HeLa_MG132_YFP-AstrinqQ1012_CENPB-dsRed_GFP_mcherry01_R3D_D3D_Z2_C0_T07.tif,11858.80959634425,12196.389955083707,6489.6,8732.41
173,29_8,13651.625,Exp2018_032_IV_HeLa_MG132_YFP-AstrinqQ1012_CENPB-dsRed_GFP_mcherry01_R3D_D3D_Z2_C1_T07.tif,9595.125,Exp2018_032_IV_HeLa_MG132_YFP-AstrinqQ1012_CENPB-dsRed_GFP_mcherry01_R3D_D3D_Z2_C0_T07.tif,11858.80959634425,12196.389955083707,6489.6,8732.41
174,30_1,17862.497076023392,Exp2018_032_IV_HeLa_MG132_YFP-AstrinqQ1012_CENPB-dsRed_GFP_mcherry01_R3D_D3D_Z2_C1_T08.tif,10549.269005847953,Exp2018_032_IV_HeLa_MG132_YFP-AstrinqQ1012_CENPB-dsRed_GFP_mcherry01_R3D_D3D_Z2_C0_T08.tif,11858.80959634425,12196.389955083707,6489.6,8732.41
175,30_2,18493.858008658008,Exp2018_032_IV_HeLa_MG132_YFP-AstrinqQ1012_CENPB-dsRed_GFP_mcherry01_R3D_D3D_Z2_C1_T08.tif,11513.3670995671,Exp2018_032_IV_HeLa_MG132_YFP-AstrinqQ1012_CENPB-dsRed_GFP_mcherry01_R3D_D3D_Z2_C0_T08.tif,11858.80959634425,12196.389955083707,6489.6,8732.41
176,30_3,16375.375,Exp2018_032_IV_HeLa_MG132_YFP-AstrinqQ1012_CENPB-dsRed_GFP_mcherry01_R3D_D3D_Z2_C1_T08.tif,11956.5,Exp2018_032_IV_HeLa_MG132_YFP-AstrinqQ1012_CENPB-dsRed_GFP_mcherry01_R3D_D3D_Z2_C0_T08.tif,11858.80959634425,12196.389955083707,6489.6,8732.41
177,30_4,15478.0,Exp2018_032_IV_HeLa_MG132_YFP-AstrinqQ1012_CENPB-dsRed_GFP_mcherry01_R3D_D3D_Z2_C1_T08.tif,13411.5,Exp2018_032_IV_HeLa_MG132_YFP-AstrinqQ1012_CENPB-dsRed_GFP_mcherry01_R3D_D3D_Z2_C0_T08.tif,11858.80959634425,12196.389955083707,6489.6,8732.41
178,30_5,15895.941176470587,Exp2018_032_IV_HeLa_MG132_YFP-AstrinqQ1012_CENPB-dsRed_GFP_mcherry01_R3D_D3D_Z2_C1_T08.tif,10675.70588235294,Exp2018_032_IV_HeLa_MG132_YFP-AstrinqQ1012_CENPB-dsRed_GFP_mcherry01_R3D_D3D_Z2_C0_T08.tif,11858.80959634425,12196.389955083707,6489.6,8732.41
179,30_6,17511.891304347828,Exp2018_032_IV_HeLa_MG132_YFP-AstrinqQ1012_CENPB-dsRed_GFP_mcherry01_R3D_D3D_Z2_C1_T08.tif,10073.739130434782,Exp2018_032_IV_HeLa_MG132_YFP-AstrinqQ1012_CENPB-dsRed_GFP_mcherry01_R3D_D3D_Z2_C0_T08.tif,11858.80959634425,12196.389955083707,6489.6,8732.41
180,30_7,16959.28888888889,Exp2018_032_IV_HeLa_MG132_YFP-AstrinqQ1012_CENPB-dsRed_GFP_mcherry01_R3D_D3D_Z2_C1_T08.tif,9782.511111111111,Exp2018_032_IV_HeLa_MG132_YFP-AstrinqQ1012_CENPB-dsRed_GFP_mcherry01_R3D_D3D_Z2_C0_T08.tif,11858.80959634425,12196.389955083707,6489.6,8732.41
181,31_1,17184.864184583115,Exp2018_032_IV_HeLa_MG132_YFP-AstrinqQ1012_CENPB-dsRed_GFP_mcherry01_R3D_D3D_Z2_C1_T09.tif,11319.233875196644,Exp2018_032_IV_HeLa_MG132_YFP-AstrinqQ1012_CENPB-dsRed_GFP_mcherry01_R3D_D3D_Z2_C0_T09.tif,11858.80959634425,12196.389955083707,6489.6,8732.41
182,31_2,14489.0,Exp2018_032_IV_HeLa_MG132_YFP-AstrinqQ1012_CENPB-dsRed_GFP_mcherry01_R3D_D3D_Z2_C1_T09.tif,10162.25,Exp2018_032_IV_HeLa_MG132_YFP-AstrinqQ1012_CENPB-dsRed_GFP_mcherry01_R3D_D3D_Z2_C0_T09.tif,11858.80959634425,12196.389955083707,6489.6,8732.41
183,31_3,14207.25,Exp2018_032_IV_HeLa_MG132_YFP-AstrinqQ1012_CENPB-dsRed_GFP_mcherry01_R3D_D3D_Z2_C1_T09.tif,11708.375,Exp2018_032_IV_HeLa_MG132_YFP-AstrinqQ1012_CENPB-dsRed_GFP_mcherry01_R3D_D3D_Z2_C0_T09.tif,11858.80959634425,12196.389955083707,6489.6,8732.41
184,31_4,14644.72,Exp2018_032_IV_HeLa_MG132_YFP-AstrinqQ1012_CENPB-dsRed_GFP_mcherry01_R3D_D3D_Z2_C1_T09.tif,12229.04,Exp2018_032_IV_HeLa_MG132_YFP-AstrinqQ1012_CENPB-dsRed_GFP_mcherry01_R3D_D3D_Z2_C0_T09.tif,11858.80959634425,12196.389955083707,6489.6,8732.41
185,31_5,14836.5,Exp2018_032_IV_HeLa_MG132_YFP-AstrinqQ1012_CENPB-dsRed_GFP_mcherry01_R3D_D3D_Z2_C1_T09.tif,12674.285714285714,Exp2018_032_IV_HeLa_MG132_YFP-AstrinqQ1012_CENPB-dsRed_GFP_mcherry01_R3D_D3D_Z2_C0_T09.tif,11858.80959634425,12196.389955083707,6489.6,8732.41
186,31_6,14078.375,Exp2018_032_IV_HeLa_MG132_YFP-AstrinqQ1012_CENPB-dsRed_GFP_mcherry01_R3D_D3D_Z2_C1_T09.tif,11660.0,Exp2018_032_IV_HeLa_MG132_YFP-AstrinqQ1012_CENPB-dsRed_GFP_mcherry01_R3D_D3D_Z2_C0_T09.tif,11858.80959634425,12196.389955083707,6489.6,8732.41
187,32_1,16871.04144830872,Exp2018_032_IV_HeLa_MG132_YFP-AstrinqQ1012_CENPB-dsRed_GFP_mcherry01_R3D_D3D_Z2_C1_T10.tif,11330.253930443068,Exp2018_032_IV_HeLa_MG132_YFP-AstrinqQ1012_CENPB-dsRed_GFP_mcherry01_R3D_D3D_Z2_C0_T10.tif,11858.80959634425,12196.389955083707,6489.6,8732.41
188,32_2,12929.625,Exp2018_032_IV_HeLa_MG132_YFP-AstrinqQ1012_CENPB-dsRed_GFP_mcherry01_R3D_D3D_Z2_C1_T10.tif,13495.875,Exp2018_032_IV_HeLa_MG132_YFP-AstrinqQ1012_CENPB-dsRed_GFP_mcherry01_R3D_D3D_Z2_C0_T10.tif,11858.80959634425,12196.389955083707,6489.6,8732.41
189,32_3,14204.7,Exp2018_032_IV_HeLa_MG132_YFP-AstrinqQ1012_CENPB-dsRed_GFP_mcherry01_R3D_D3D_Z2_C1_T10.tif,10570.8,Exp2018_032_IV_HeLa_MG132_YFP-AstrinqQ1012_CENPB-dsRed_GFP_mcherry01_R3D_D3D_Z2_C0_T10.tif,11858.80959634425,12196.389955083707,6489.6,8732.41
