,label,area,mean_intensity_nuf2_GFP,fname_nuf2_GFP,nuf2_GFP_cyto,nuf2_GFP_bg,mean_intensity_mKate2_astrin,fname_mKate2_astrin,mKate2_astrin_cyto,mKate2_astrin_bg
0,0_1,8,9062.625,Expt2020_017_setIII_STLC_GM132_DMSO_mKate2-Astrin_Nuf2-GFP_GFP_mCherry_04_R3D_D3D_Z00_C0_T0.tif,4693.892210978228,3479.395,5346.5,Expt2020_017_setIII_STLC_GM132_DMSO_mKate2-Astrin_Nuf2-GFP_GFP_mCherry_04_R3D_D3D_Z00_C1_T0.tif,4048.7104698483167,2837.24
1,0_2,8,8632.875,Expt2020_017_setIII_STLC_GM132_DMSO_mKate2-Astrin_Nuf2-GFP_GFP_mCherry_04_R3D_D3D_Z00_C0_T0.tif,4693.892210978228,3479.395,6294.75,Expt2020_017_setIII_STLC_GM132_DMSO_mKate2-Astrin_Nuf2-GFP_GFP_mCherry_04_R3D_D3D_Z00_C1_T0.tif,4048.7104698483167,2837.24
2,0_3,39,10369.51282051282,Expt2020_017_setIII_STLC_GM132_DMSO_mKate2-Astrin_Nuf2-GFP_GFP_mCherry_04_R3D_D3D_Z00_C0_T0.tif,4693.892210978228,3479.395,9184.846153846154,Expt2020_017_setIII_STLC_GM132_DMSO_mKate2-Astrin_Nuf2-GFP_GFP_mCherry_04_R3D_D3D_Z00_C1_T0.tif,4048.7104698483167,2837.24
3,0_4,36,8407.888888888889,Expt2020_017_setIII_STLC_GM132_DMSO_mKate2-Astrin_Nuf2-GFP_GFP_mCherry_04_R3D_D3D_Z00_C0_T0.tif,4693.892210978228,3479.395,5509.25,Expt2020_017_setIII_STLC_GM132_DMSO_mKate2-Astrin_Nuf2-GFP_GFP_mCherry_04_R3D_D3D_Z00_C1_T0.tif,4048.7104698483167,2837.24
4,0_5,35,8771.2,Expt2020_017_setIII_STLC_GM132_DMSO_mKate2-Astrin_Nuf2-GFP_GFP_mCherry_04_R3D_D3D_Z00_C0_T0.tif,4693.892210978228,3479.395,6645.228571428572,Expt2020_017_setIII_STLC_GM132_DMSO_mKate2-Astrin_Nuf2-GFP_GFP_mCherry_04_R3D_D3D_Z00_C1_T0.tif,4048.7104698483167,2837.24
5,0_6,12,8837.166666666666,Expt2020_017_setIII_STLC_GM132_DMSO_mKate2-Astrin_Nuf2-GFP_GFP_mCherry_04_R3D_D3D_Z00_C0_T0.tif,4693.892210978228,3479.395,7926.916666666667,Expt2020_017_setIII_STLC_GM132_DMSO_mKate2-Astrin_Nuf2-GFP_GFP_mCherry_04_R3D_D3D_Z00_C1_T0.tif,4048.7104698483167,2837.24
6,0_7,35,9108.314285714287,Expt2020_017_setIII_STLC_GM132_DMSO_mKate2-Astrin_Nuf2-GFP_GFP_mCherry_04_R3D_D3D_Z00_C0_T0.tif,4693.892210978228,3479.395,5671.628571428571,Expt2020_017_setIII_STLC_GM132_DMSO_mKate2-Astrin_Nuf2-GFP_GFP_mCherry_04_R3D_D3D_Z00_C1_T0.tif,4048.7104698483167,2837.24
7,0_8,29,8871.965517241379,Expt2020_017_setIII_STLC_GM132_DMSO_mKate2-Astrin_Nuf2-GFP_GFP_mCherry_04_R3D_D3D_Z00_C0_T0.tif,4693.892210978228,3479.395,4938.275862068966,Expt2020_017_setIII_STLC_GM132_DMSO_mKate2-Astrin_Nuf2-GFP_GFP_mCherry_04_R3D_D3D_Z00_C1_T0.tif,4048.7104698483167,2837.24
8,0_9,24,9534.291666666666,Expt2020_017_setIII_STLC_GM132_DMSO_mKate2-Astrin_Nuf2-GFP_GFP_mCherry_04_R3D_D3D_Z00_C0_T0.tif,4693.892210978228,3479.395,5892.541666666667,Expt2020_017_setIII_STLC_GM132_DMSO_mKate2-Astrin_Nuf2-GFP_GFP_mCherry_04_R3D_D3D_Z00_C1_T0.tif,4048.7104698483167,2837.24
9,0_10,22,8800.681818181818,Expt2020_017_setIII_STLC_GM132_DMSO_mKate2-Astrin_Nuf2-GFP_GFP_mCherry_04_R3D_D3D_Z00_C0_T0.tif,4693.892210978228,3479.395,6255.318181818182,Expt2020_017_setIII_STLC_GM132_DMSO_mKate2-Astrin_Nuf2-GFP_GFP_mCherry_04_R3D_D3D_Z00_C1_T0.tif,4048.7104698483167,2837.24
10,0_11,46,8908.195652173914,Expt2020_017_setIII_STLC_GM132_DMSO_mKate2-Astrin_Nuf2-GFP_GFP_mCherry_04_R3D_D3D_Z00_C0_T0.tif,4693.892210978228,3479.395,6129.108695652174,Expt2020_017_setIII_STLC_GM132_DMSO_mKate2-Astrin_Nuf2-GFP_GFP_mCherry_04_R3D_D3D_Z00_C1_T0.tif,4048.7104698483167,2837.24
11,0_12,18,8496.277777777777,Expt2020_017_setIII_STLC_GM132_DMSO_mKate2-Astrin_Nuf2-GFP_GFP_mCherry_04_R3D_D3D_Z00_C0_T0.tif,4693.892210978228,3479.395,5541.388888888889,Expt2020_017_setIII_STLC_GM132_DMSO_mKate2-Astrin_Nuf2-GFP_GFP_mCherry_04_R3D_D3D_Z00_C1_T0.tif,4048.7104698483167,2837.24
12,0_13,69,9452.347826086956,Expt2020_017_setIII_STLC_GM132_DMSO_mKate2-Astrin_Nuf2-GFP_GFP_mCherry_04_R3D_D3D_Z00_C0_T0.tif,4693.892210978228,3479.395,6480.028985507246,Expt2020_017_setIII_STLC_GM132_DMSO_mKate2-Astrin_Nuf2-GFP_GFP_mCherry_04_R3D_D3D_Z00_C1_T0.tif,4048.7104698483167,2837.24
13,0_14,16,8701.3125,Expt2020_017_setIII_STLC_GM132_DMSO_mKate2-Astrin_Nuf2-GFP_GFP_mCherry_04_R3D_D3D_Z00_C0_T0.tif,4693.892210978228,3479.395,7568.9375,Expt2020_017_setIII_STLC_GM132_DMSO_mKate2-Astrin_Nuf2-GFP_GFP_mCherry_04_R3D_D3D_Z00_C1_T0.tif,4048.7104698483167,2837.24
14,0_15,16,8450.375,Expt2020_017_setIII_STLC_GM132_DMSO_mKate2-Astrin_Nuf2-GFP_GFP_mCherry_04_R3D_D3D_Z00_C0_T0.tif,4693.892210978228,3479.395,5136.0625,Expt2020_017_setIII_STLC_GM132_DMSO_mKate2-Astrin_Nuf2-GFP_GFP_mCherry_04_R3D_D3D_Z00_C1_T0.tif,4048.7104698483167,2837.24
15,1_1,44,9610.772727272728,Expt2020_017_setIII_STLC_GM132_DMSO_mKate2-Astrin_Nuf2-GFP_GFP_mCherry_04_R3D_D3D_Z01_C0_T0.tif,4960.979267532005,3771.9,8348.045454545454,Expt2020_017_setIII_STLC_GM132_DMSO_mKate2-Astrin_Nuf2-GFP_GFP_mCherry_04_R3D_D3D_Z01_C1_T0.tif,3924.9905228031143,2843.7475
16,1_2,37,8721.432432432432,Expt2020_017_setIII_STLC_GM132_DMSO_mKate2-Astrin_Nuf2-GFP_GFP_mCherry_04_R3D_D3D_Z01_C0_T0.tif,4960.979267532005,3771.9,5641.5675675675675,Expt2020_017_setIII_STLC_GM132_DMSO_mKate2-Astrin_Nuf2-GFP_GFP_mCherry_04_R3D_D3D_Z01_C1_T0.tif,3924.9905228031143,2843.7475
17,1_3,49,8816.204081632653,Expt2020_017_setIII_STLC_GM132_DMSO_mKate2-Astrin_Nuf2-GFP_GFP_mCherry_04_R3D_D3D_Z01_C0_T0.tif,4960.979267532005,3771.9,6308.142857142857,Expt2020_017_setIII_STLC_GM132_DMSO_mKate2-Astrin_Nuf2-GFP_GFP_mCherry_04_R3D_D3D_Z01_C1_T0.tif,3924.9905228031143,2843.7475
18,1_4,12,8723.666666666666,Expt2020_017_setIII_STLC_GM132_DMSO_mKate2-Astrin_Nuf2-GFP_GFP_mCherry_04_R3D_D3D_Z01_C0_T0.tif,4960.979267532005,3771.9,8449.25,Expt2020_017_setIII_STLC_GM132_DMSO_mKate2-Astrin_Nuf2-GFP_GFP_mCherry_04_R3D_D3D_Z01_C1_T0.tif,3924.9905228031143,2843.7475
19,1_5,8,8367.375,Expt2020_017_setIII_STLC_GM132_DMSO_mKate2-Astrin_Nuf2-GFP_GFP_mCherry_04_R3D_D3D_Z01_C0_T0.tif,4960.979267532005,3771.9,7038.375,Expt2020_017_setIII_STLC_GM132_DMSO_mKate2-Astrin_Nuf2-GFP_GFP_mCherry_04_R3D_D3D_Z01_C1_T0.tif,3924.9905228031143,2843.7475
20,1_6,45,9321.844444444445,Expt2020_017_setIII_STLC_GM132_DMSO_mKate2-Astrin_Nuf2-GFP_GFP_mCherry_04_R3D_D3D_Z01_C0_T0.tif,4960.979267532005,3771.9,5589.688888888889,Expt2020_017_setIII_STLC_GM132_DMSO_mKate2-Astrin_Nuf2-GFP_GFP_mCherry_04_R3D_D3D_Z01_C1_T0.tif,3924.9905228031143,2843.7475
21,1_7,8,8448.25,Expt2020_017_setIII_STLC_GM132_DMSO_mKate2-Astrin_Nuf2-GFP_GFP_mCherry_04_R3D_D3D_Z01_C0_T0.tif,4960.979267532005,3771.9,7554.125,Expt2020_017_setIII_STLC_GM132_DMSO_mKate2-Astrin_Nuf2-GFP_GFP_mCherry_04_R3D_D3D_Z01_C1_T0.tif,3924.9905228031143,2843.7475
22,1_8,43,9073.744186046511,Expt2020_017_setIII_STLC_GM132_DMSO_mKate2-Astrin_Nuf2-GFP_GFP_mCherry_04_R3D_D3D_Z01_C0_T0.tif,4960.979267532005,3771.9,4884.860465116279,Expt2020_017_setIII_STLC_GM132_DMSO_mKate2-Astrin_Nuf2-GFP_GFP_mCherry_04_R3D_D3D_Z01_C1_T0.tif,3924.9905228031143,2843.7475
23,1_9,38,9428.342105263158,Expt2020_017_setIII_STLC_GM132_DMSO_mKate2-Astrin_Nuf2-GFP_GFP_mCherry_04_R3D_D3D_Z01_C0_T0.tif,4960.979267532005,3771.9,6008.5,Expt2020_017_setIII_STLC_GM132_DMSO_mKate2-Astrin_Nuf2-GFP_GFP_mCherry_04_R3D_D3D_Z01_C1_T0.tif,3924.9905228031143,2843.7475
24,1_10,16,9106.875,Expt2020_017_setIII_STLC_GM132_DMSO_mKate2-Astrin_Nuf2-GFP_GFP_mCherry_04_R3D_D3D_Z01_C0_T0.tif,4960.979267532005,3771.9,10846.5625,Expt2020_017_setIII_STLC_GM132_DMSO_mKate2-Astrin_Nuf2-GFP_GFP_mCherry_04_R3D_D3D_Z01_C1_T0.tif,3924.9905228031143,2843.7475
25,1_11,21,8823.238095238095,Expt2020_017_setIII_STLC_GM132_DMSO_mKate2-Astrin_Nuf2-GFP_GFP_mCherry_04_R3D_D3D_Z01_C0_T0.tif,4960.979267532005,3771.9,8453.57142857143,Expt2020_017_setIII_STLC_GM132_DMSO_mKate2-Astrin_Nuf2-GFP_GFP_mCherry_04_R3D_D3D_Z01_C1_T0.tif,3924.9905228031143,2843.7475
26,1_12,36,8796.111111111111,Expt2020_017_setIII_STLC_GM132_DMSO_mKate2-Astrin_Nuf2-GFP_GFP_mCherry_04_R3D_D3D_Z01_C0_T0.tif,4960.979267532005,3771.9,6839.027777777777,Expt2020_017_setIII_STLC_GM132_DMSO_mKate2-Astrin_Nuf2-GFP_GFP_mCherry_04_R3D_D3D_Z01_C1_T0.tif,3924.9905228031143,2843.7475
27,1_13,59,9157.559322033898,Expt2020_017_setIII_STLC_GM132_DMSO_mKate2-Astrin_Nuf2-GFP_GFP_mCherry_04_R3D_D3D_Z01_C0_T0.tif,4960.979267532005,3771.9,6530.932203389831,Expt2020_017_setIII_STLC_GM132_DMSO_mKate2-Astrin_Nuf2-GFP_GFP_mCherry_04_R3D_D3D_Z01_C1_T0.tif,3924.9905228031143,2843.7475
28,1_14,43,9564.53488372093,Expt2020_017_setIII_STLC_GM132_DMSO_mKate2-Astrin_Nuf2-GFP_GFP_mCherry_04_R3D_D3D_Z01_C0_T0.tif,4960.979267532005,3771.9,6172.883720930233,Expt2020_017_setIII_STLC_GM132_DMSO_mKate2-Astrin_Nuf2-GFP_GFP_mCherry_04_R3D_D3D_Z01_C1_T0.tif,3924.9905228031143,2843.7475
29,1_15,32,9242.875,Expt2020_017_setIII_STLC_GM132_DMSO_mKate2-Astrin_Nuf2-GFP_GFP_mCherry_04_R3D_D3D_Z01_C0_T0.tif,4960.979267532005,3771.9,7562.9375,Expt2020_017_setIII_STLC_GM132_DMSO_mKate2-Astrin_Nuf2-GFP_GFP_mCherry_04_R3D_D3D_Z01_C1_T0.tif,3924.9905228031143,2843.7475
30,1_16,27,9139.555555555555,Expt2020_017_setIII_STLC_GM132_DMSO_mKate2-Astrin_Nuf2-GFP_GFP_mCherry_04_R3D_D3D_Z01_C0_T0.tif,4960.979267532005,3771.9,8026.851851851852,Expt2020_017_setIII_STLC_GM132_DMSO_mKate2-Astrin_Nuf2-GFP_GFP_mCherry_04_R3D_D3D_Z01_C1_T0.tif,3924.9905228031143,2843.7475
31,1_17,21,8327.47619047619,Expt2020_017_setIII_STLC_GM132_DMSO_mKate2-Astrin_Nuf2-GFP_GFP_mCherry_04_R3D_D3D_Z01_C0_T0.tif,4960.979267532005,3771.9,6484.9047619047615,Expt2020_017_setIII_STLC_GM132_DMSO_mKate2-Astrin_Nuf2-GFP_GFP_mCherry_04_R3D_D3D_Z01_C1_T0.tif,3924.9905228031143,2843.7475
32,1_18,26,9669.76923076923,Expt2020_017_setIII_STLC_GM132_DMSO_mKate2-Astrin_Nuf2-GFP_GFP_mCherry_04_R3D_D3D_Z01_C0_T0.tif,4960.979267532005,3771.9,7130.692307692308,Expt2020_017_setIII_STLC_GM132_DMSO_mKate2-Astrin_Nuf2-GFP_GFP_mCherry_04_R3D_D3D_Z01_C1_T0.tif,3924.9905228031143,2843.7475
33,2_1,12,7796.583333333333,Expt2020_017_setIII_STLC_GM132_DMSO_mKate2-Astrin_Nuf2-GFP_GFP_mCherry_04_R3D_D3D_Z02_C0_T0.tif,5146.676019236071,3883.9525,4893.333333333333,Expt2020_017_setIII_STLC_GM132_DMSO_mKate2-Astrin_Nuf2-GFP_GFP_mCherry_04_R3D_D3D_Z02_C1_T0.tif,3891.9044987022976,2839.385
34,2_2,48,8907.3125,Expt2020_017_setIII_STLC_GM132_DMSO_mKate2-Astrin_Nuf2-GFP_GFP_mCherry_04_R3D_D3D_Z02_C0_T0.tif,5146.676019236071,3883.9525,5642.291666666667,Expt2020_017_setIII_STLC_GM132_DMSO_mKate2-Astrin_Nuf2-GFP_GFP_mCherry_04_R3D_D3D_Z02_C1_T0.tif,3891.9044987022976,2839.385
35,2_3,60,9010.5,Expt2020_017_setIII_STLC_GM132_DMSO_mKate2-Astrin_Nuf2-GFP_GFP_mCherry_04_R3D_D3D_Z02_C0_T0.tif,5146.676019236071,3883.9525,6116.85,Expt2020_017_setIII_STLC_GM132_DMSO_mKate2-Astrin_Nuf2-GFP_GFP_mCherry_04_R3D_D3D_Z02_C1_T0.tif,3891.9044987022976,2839.385
36,2_4,46,8617.739130434782,Expt2020_017_setIII_STLC_GM132_DMSO_mKate2-Astrin_Nuf2-GFP_GFP_mCherry_04_R3D_D3D_Z02_C0_T0.tif,5146.676019236071,3883.9525,8052.0,Expt2020_017_setIII_STLC_GM132_DMSO_mKate2-Astrin_Nuf2-GFP_GFP_mCherry_04_R3D_D3D_Z02_C1_T0.tif,3891.9044987022976,2839.385
37,2_5,11,7941.454545454545,Expt2020_017_setIII_STLC_GM132_DMSO_mKate2-Astrin_Nuf2-GFP_GFP_mCherry_04_R3D_D3D_Z02_C0_T0.tif,5146.676019236071,3883.9525,9196.727272727272,Expt2020_017_setIII_STLC_GM132_DMSO_mKate2-Astrin_Nuf2-GFP_GFP_mCherry_04_R3D_D3D_Z02_C1_T0.tif,3891.9044987022976,2839.385
38,2_6,21,8005.238095238095,Expt2020_017_setIII_STLC_GM132_DMSO_mKate2-Astrin_Nuf2-GFP_GFP_mCherry_04_R3D_D3D_Z02_C0_T0.tif,5146.676019236071,3883.9525,6466.238095238095,Expt2020_017_setIII_STLC_GM132_DMSO_mKate2-Astrin_Nuf2-GFP_GFP_mCherry_04_R3D_D3D_Z02_C1_T0.tif,3891.9044987022976,2839.385
39,2_7,57,9243.052631578947,Expt2020_017_setIII_STLC_GM132_DMSO_mKate2-Astrin_Nuf2-GFP_GFP_mCherry_04_R3D_D3D_Z02_C0_T0.tif,5146.676019236071,3883.9525,6218.438596491228,Expt2020_017_setIII_STLC_GM132_DMSO_mKate2-Astrin_Nuf2-GFP_GFP_mCherry_04_R3D_D3D_Z02_C1_T0.tif,3891.9044987022976,2839.385
40,2_8,45,8135.9111111111115,Expt2020_017_setIII_STLC_GM132_DMSO_mKate2-Astrin_Nuf2-GFP_GFP_mCherry_04_R3D_D3D_Z02_C0_T0.tif,5146.676019236071,3883.9525,6713.0,Expt2020_017_setIII_STLC_GM132_DMSO_mKate2-Astrin_Nuf2-GFP_GFP_mCherry_04_R3D_D3D_Z02_C1_T0.tif,3891.9044987022976,2839.385
41,2_9,58,9143.534482758621,Expt2020_017_setIII_STLC_GM132_DMSO_mKate2-Astrin_Nuf2-GFP_GFP_mCherry_04_R3D_D3D_Z02_C0_T0.tif,5146.676019236071,3883.9525,4930.396551724138,Expt2020_017_setIII_STLC_GM132_DMSO_mKate2-Astrin_Nuf2-GFP_GFP_mCherry_04_R3D_D3D_Z02_C1_T0.tif,3891.9044987022976,2839.385
42,2_10,56,8959.857142857143,Expt2020_017_setIII_STLC_GM132_DMSO_mKate2-Astrin_Nuf2-GFP_GFP_mCherry_04_R3D_D3D_Z02_C0_T0.tif,5146.676019236071,3883.9525,5983.017857142857,Expt2020_017_setIII_STLC_GM132_DMSO_mKate2-Astrin_Nuf2-GFP_GFP_mCherry_04_R3D_D3D_Z02_C1_T0.tif,3891.9044987022976,2839.385
43,2_11,8,8040.625,Expt2020_017_setIII_STLC_GM132_DMSO_mKate2-Astrin_Nuf2-GFP_GFP_mCherry_04_R3D_D3D_Z02_C0_T0.tif,5146.676019236071,3883.9525,7201.375,Expt2020_017_setIII_STLC_GM132_DMSO_mKate2-Astrin_Nuf2-GFP_GFP_mCherry_04_R3D_D3D_Z02_C1_T0.tif,3891.9044987022976,2839.385
44,2_12,36,8349.75,Expt2020_017_setIII_STLC_GM132_DMSO_mKate2-Astrin_Nuf2-GFP_GFP_mCherry_04_R3D_D3D_Z02_C0_T0.tif,5146.676019236071,3883.9525,10220.083333333334,Expt2020_017_setIII_STLC_GM132_DMSO_mKate2-Astrin_Nuf2-GFP_GFP_mCherry_04_R3D_D3D_Z02_C1_T0.tif,3891.9044987022976,2839.385
45,2_13,8,7975.0,Expt2020_017_setIII_STLC_GM132_DMSO_mKate2-Astrin_Nuf2-GFP_GFP_mCherry_04_R3D_D3D_Z02_C0_T0.tif,5146.676019236071,3883.9525,7802.0,Expt2020_017_setIII_STLC_GM132_DMSO_mKate2-Astrin_Nuf2-GFP_GFP_mCherry_04_R3D_D3D_Z02_C1_T0.tif,3891.9044987022976,2839.385
46,2_14,46,8081.5,Expt2020_017_setIII_STLC_GM132_DMSO_mKate2-Astrin_Nuf2-GFP_GFP_mCherry_04_R3D_D3D_Z02_C0_T0.tif,5146.676019236071,3883.9525,5264.804347826087,Expt2020_017_setIII_STLC_GM132_DMSO_mKate2-Astrin_Nuf2-GFP_GFP_mCherry_04_R3D_D3D_Z02_C1_T0.tif,3891.9044987022976,2839.385
47,2_15,52,8577.134615384615,Expt2020_017_setIII_STLC_GM132_DMSO_mKate2-Astrin_Nuf2-GFP_GFP_mCherry_04_R3D_D3D_Z02_C0_T0.tif,5146.676019236071,3883.9525,8510.384615384615,Expt2020_017_setIII_STLC_GM132_DMSO_mKate2-Astrin_Nuf2-GFP_GFP_mCherry_04_R3D_D3D_Z02_C1_T0.tif,3891.9044987022976,2839.385
48,2_16,48,8483.8125,Expt2020_017_setIII_STLC_GM132_DMSO_mKate2-Astrin_Nuf2-GFP_GFP_mCherry_04_R3D_D3D_Z02_C0_T0.tif,5146.676019236071,3883.9525,6751.354166666667,Expt2020_017_setIII_STLC_GM132_DMSO_mKate2-Astrin_Nuf2-GFP_GFP_mCherry_04_R3D_D3D_Z02_C1_T0.tif,3891.9044987022976,2839.385
49,2_17,8,7998.75,Expt2020_017_setIII_STLC_GM132_DMSO_mKate2-Astrin_Nuf2-GFP_GFP_mCherry_04_R3D_D3D_Z02_C0_T0.tif,5146.676019236071,3883.9525,7258.375,Expt2020_017_setIII_STLC_GM132_DMSO_mKate2-Astrin_Nuf2-GFP_GFP_mCherry_04_R3D_D3D_Z02_C1_T0.tif,3891.9044987022976,2839.385
50,2_18,12,8019.25,Expt2020_017_setIII_STLC_GM132_DMSO_mKate2-Astrin_Nuf2-GFP_GFP_mCherry_04_R3D_D3D_Z02_C0_T0.tif,5146.676019236071,3883.9525,9329.166666666666,Expt2020_017_setIII_STLC_GM132_DMSO_mKate2-Astrin_Nuf2-GFP_GFP_mCherry_04_R3D_D3D_Z02_C1_T0.tif,3891.9044987022976,2839.385
51,2_19,96,9072.875,Expt2020_017_setIII_STLC_GM132_DMSO_mKate2-Astrin_Nuf2-GFP_GFP_mCherry_04_R3D_D3D_Z02_C0_T0.tif,5146.676019236071,3883.9525,6503.916666666667,Expt2020_017_setIII_STLC_GM132_DMSO_mKate2-Astrin_Nuf2-GFP_GFP_mCherry_04_R3D_D3D_Z02_C1_T0.tif,3891.9044987022976,2839.385
52,2_20,16,8133.5,Expt2020_017_setIII_STLC_GM132_DMSO_mKate2-Astrin_Nuf2-GFP_GFP_mCherry_04_R3D_D3D_Z02_C0_T0.tif,5146.676019236071,3883.9525,7124.0625,Expt2020_017_setIII_STLC_GM132_DMSO_mKate2-Astrin_Nuf2-GFP_GFP_mCherry_04_R3D_D3D_Z02_C1_T0.tif,3891.9044987022976,2839.385
53,2_21,82,9225.085365853658,Expt2020_017_setIII_STLC_GM132_DMSO_mKate2-Astrin_Nuf2-GFP_GFP_mCherry_04_R3D_D3D_Z02_C0_T0.tif,5146.676019236071,3883.9525,6317.8536585365855,Expt2020_017_setIII_STLC_GM132_DMSO_mKate2-Astrin_Nuf2-GFP_GFP_mCherry_04_R3D_D3D_Z02_C1_T0.tif,3891.9044987022976,2839.385
54,2_22,43,9417.279069767443,Expt2020_017_setIII_STLC_GM132_DMSO_mKate2-Astrin_Nuf2-GFP_GFP_mCherry_04_R3D_D3D_Z02_C0_T0.tif,5146.676019236071,3883.9525,7570.790697674419,Expt2020_017_setIII_STLC_GM132_DMSO_mKate2-Astrin_Nuf2-GFP_GFP_mCherry_04_R3D_D3D_Z02_C1_T0.tif,3891.9044987022976,2839.385
55,2_23,48,8740.375,Expt2020_017_setIII_STLC_GM132_DMSO_mKate2-Astrin_Nuf2-GFP_GFP_mCherry_04_R3D_D3D_Z02_C0_T0.tif,5146.676019236071,3883.9525,6865.104166666667,Expt2020_017_setIII_STLC_GM132_DMSO_mKate2-Astrin_Nuf2-GFP_GFP_mCherry_04_R3D_D3D_Z02_C1_T0.tif,3891.9044987022976,2839.385
56,2_24,55,8272.072727272727,Expt2020_017_setIII_STLC_GM132_DMSO_mKate2-Astrin_Nuf2-GFP_GFP_mCherry_04_R3D_D3D_Z02_C0_T0.tif,5146.676019236071,3883.9525,6444.272727272727,Expt2020_017_setIII_STLC_GM132_DMSO_mKate2-Astrin_Nuf2-GFP_GFP_mCherry_04_R3D_D3D_Z02_C1_T0.tif,3891.9044987022976,2839.385
57,2_25,8,7896.625,Expt2020_017_setIII_STLC_GM132_DMSO_mKate2-Astrin_Nuf2-GFP_GFP_mCherry_04_R3D_D3D_Z02_C0_T0.tif,5146.676019236071,3883.9525,4330.5,Expt2020_017_setIII_STLC_GM132_DMSO_mKate2-Astrin_Nuf2-GFP_GFP_mCherry_04_R3D_D3D_Z02_C1_T0.tif,3891.9044987022976,2839.385
58,2_26,19,8045.526315789473,Expt2020_017_setIII_STLC_GM132_DMSO_mKate2-Astrin_Nuf2-GFP_GFP_mCherry_04_R3D_D3D_Z02_C0_T0.tif,5146.676019236071,3883.9525,4979.105263157895,Expt2020_017_setIII_STLC_GM132_DMSO_mKate2-Astrin_Nuf2-GFP_GFP_mCherry_04_R3D_D3D_Z02_C1_T0.tif,3891.9044987022976,2839.385
59,2_27,41,9150.170731707318,Expt2020_017_setIII_STLC_GM132_DMSO_mKate2-Astrin_Nuf2-GFP_GFP_mCherry_04_R3D_D3D_Z02_C0_T0.tif,5146.676019236071,3883.9525,6687.512195121952,Expt2020_017_setIII_STLC_GM132_DMSO_mKate2-Astrin_Nuf2-GFP_GFP_mCherry_04_R3D_D3D_Z02_C1_T0.tif,3891.9044987022976,2839.385
60,3_1,17,7747.882352941177,Expt2020_017_setIII_STLC_GM132_DMSO_mKate2-Astrin_Nuf2-GFP_GFP_mCherry_04_R3D_D3D_Z03_C0_T0.tif,5122.605408187985,3872.87,5977.411764705882,Expt2020_017_setIII_STLC_GM132_DMSO_mKate2-Astrin_Nuf2-GFP_GFP_mCherry_04_R3D_D3D_Z03_C1_T0.tif,3877.1035137186855,2769.99
61,3_2,18,8658.722222222223,Expt2020_017_setIII_STLC_GM132_DMSO_mKate2-Astrin_Nuf2-GFP_GFP_mCherry_04_R3D_D3D_Z03_C0_T0.tif,5122.605408187985,3872.87,5395.166666666667,Expt2020_017_setIII_STLC_GM132_DMSO_mKate2-Astrin_Nuf2-GFP_GFP_mCherry_04_R3D_D3D_Z03_C1_T0.tif,3877.1035137186855,2769.99
62,3_3,53,8772.132075471698,Expt2020_017_setIII_STLC_GM132_DMSO_mKate2-Astrin_Nuf2-GFP_GFP_mCherry_04_R3D_D3D_Z03_C0_T0.tif,5122.605408187985,3872.87,6039.226415094339,Expt2020_017_setIII_STLC_GM132_DMSO_mKate2-Astrin_Nuf2-GFP_GFP_mCherry_04_R3D_D3D_Z03_C1_T0.tif,3877.1035137186855,2769.99
63,3_4,32,8426.78125,Expt2020_017_setIII_STLC_GM132_DMSO_mKate2-Astrin_Nuf2-GFP_GFP_mCherry_04_R3D_D3D_Z03_C0_T0.tif,5122.605408187985,3872.87,7130.71875,Expt2020_017_setIII_STLC_GM132_DMSO_mKate2-Astrin_Nuf2-GFP_GFP_mCherry_04_R3D_D3D_Z03_C1_T0.tif,3877.1035137186855,2769.99
64,3_5,57,8907.947368421053,Expt2020_017_setIII_STLC_GM132_DMSO_mKate2-Astrin_Nuf2-GFP_GFP_mCherry_04_R3D_D3D_Z03_C0_T0.tif,5122.605408187985,3872.87,6490.666666666667,Expt2020_017_setIII_STLC_GM132_DMSO_mKate2-Astrin_Nuf2-GFP_GFP_mCherry_04_R3D_D3D_Z03_C1_T0.tif,3877.1035137186855,2769.99
65,3_6,21,8584.0,Expt2020_017_setIII_STLC_GM132_DMSO_mKate2-Astrin_Nuf2-GFP_GFP_mCherry_04_R3D_D3D_Z03_C0_T0.tif,5122.605408187985,3872.87,7718.571428571428,Expt2020_017_setIII_STLC_GM132_DMSO_mKate2-Astrin_Nuf2-GFP_GFP_mCherry_04_R3D_D3D_Z03_C1_T0.tif,3877.1035137186855,2769.99
66,3_7,55,9309.727272727272,Expt2020_017_setIII_STLC_GM132_DMSO_mKate2-Astrin_Nuf2-GFP_GFP_mCherry_04_R3D_D3D_Z03_C0_T0.tif,5122.605408187985,3872.87,7855.127272727273,Expt2020_017_setIII_STLC_GM132_DMSO_mKate2-Astrin_Nuf2-GFP_GFP_mCherry_04_R3D_D3D_Z03_C1_T0.tif,3877.1035137186855,2769.99
67,3_8,43,8453.906976744185,Expt2020_017_setIII_STLC_GM132_DMSO_mKate2-Astrin_Nuf2-GFP_GFP_mCherry_04_R3D_D3D_Z03_C0_T0.tif,5122.605408187985,3872.87,7723.581395348837,Expt2020_017_setIII_STLC_GM132_DMSO_mKate2-Astrin_Nuf2-GFP_GFP_mCherry_04_R3D_D3D_Z03_C1_T0.tif,3877.1035137186855,2769.99
68,3_9,53,9396.943396226416,Expt2020_017_setIII_STLC_GM132_DMSO_mKate2-Astrin_Nuf2-GFP_GFP_mCherry_04_R3D_D3D_Z03_C0_T0.tif,5122.605408187985,3872.87,6294.094339622641,Expt2020_017_setIII_STLC_GM132_DMSO_mKate2-Astrin_Nuf2-GFP_GFP_mCherry_04_R3D_D3D_Z03_C1_T0.tif,3877.1035137186855,2769.99
69,3_10,53,9337.566037735849,Expt2020_017_setIII_STLC_GM132_DMSO_mKate2-Astrin_Nuf2-GFP_GFP_mCherry_04_R3D_D3D_Z03_C0_T0.tif,5122.605408187985,3872.87,5448.396226415094,Expt2020_017_setIII_STLC_GM132_DMSO_mKate2-Astrin_Nuf2-GFP_GFP_mCherry_04_R3D_D3D_Z03_C1_T0.tif,3877.1035137186855,2769.99
70,3_11,19,8312.21052631579,Expt2020_017_setIII_STLC_GM132_DMSO_mKate2-Astrin_Nuf2-GFP_GFP_mCherry_04_R3D_D3D_Z03_C0_T0.tif,5122.605408187985,3872.87,11123.0,Expt2020_017_setIII_STLC_GM132_DMSO_mKate2-Astrin_Nuf2-GFP_GFP_mCherry_04_R3D_D3D_Z03_C1_T0.tif,3877.1035137186855,2769.99
71,3_12,14,8595.92857142857,Expt2020_017_setIII_STLC_GM132_DMSO_mKate2-Astrin_Nuf2-GFP_GFP_mCherry_04_R3D_D3D_Z03_C0_T0.tif,5122.605408187985,3872.87,9036.57142857143,Expt2020_017_setIII_STLC_GM132_DMSO_mKate2-Astrin_Nuf2-GFP_GFP_mCherry_04_R3D_D3D_Z03_C1_T0.tif,3877.1035137186855,2769.99
72,3_13,16,8023.875,Expt2020_017_setIII_STLC_GM132_DMSO_mKate2-Astrin_Nuf2-GFP_GFP_mCherry_04_R3D_D3D_Z03_C0_T0.tif,5122.605408187985,3872.87,6243.75,Expt2020_017_setIII_STLC_GM132_DMSO_mKate2-Astrin_Nuf2-GFP_GFP_mCherry_04_R3D_D3D_Z03_C1_T0.tif,3877.1035137186855,2769.99
73,3_14,56,8890.232142857143,Expt2020_017_setIII_STLC_GM132_DMSO_mKate2-Astrin_Nuf2-GFP_GFP_mCherry_04_R3D_D3D_Z03_C0_T0.tif,5122.605408187985,3872.87,5487.107142857143,Expt2020_017_setIII_STLC_GM132_DMSO_mKate2-Astrin_Nuf2-GFP_GFP_mCherry_04_R3D_D3D_Z03_C1_T0.tif,3877.1035137186855,2769.99
74,3_15,59,9143.06779661017,Expt2020_017_setIII_STLC_GM132_DMSO_mKate2-Astrin_Nuf2-GFP_GFP_mCherry_04_R3D_D3D_Z03_C0_T0.tif,5122.605408187985,3872.87,8706.152542372882,Expt2020_017_setIII_STLC_GM132_DMSO_mKate2-Astrin_Nuf2-GFP_GFP_mCherry_04_R3D_D3D_Z03_C1_T0.tif,3877.1035137186855,2769.99
75,3_16,49,9095.469387755102,Expt2020_017_setIII_STLC_GM132_DMSO_mKate2-Astrin_Nuf2-GFP_GFP_mCherry_04_R3D_D3D_Z03_C0_T0.tif,5122.605408187985,3872.87,6621.734693877551,Expt2020_017_setIII_STLC_GM132_DMSO_mKate2-Astrin_Nuf2-GFP_GFP_mCherry_04_R3D_D3D_Z03_C1_T0.tif,3877.1035137186855,2769.99
76,3_17,8,8368.625,Expt2020_017_setIII_STLC_GM132_DMSO_mKate2-Astrin_Nuf2-GFP_GFP_mCherry_04_R3D_D3D_Z03_C0_T0.tif,5122.605408187985,3872.87,8881.375,Expt2020_017_setIII_STLC_GM132_DMSO_mKate2-Astrin_Nuf2-GFP_GFP_mCherry_04_R3D_D3D_Z03_C1_T0.tif,3877.1035137186855,2769.99
77,3_18,67,9221.373134328358,Expt2020_017_setIII_STLC_GM132_DMSO_mKate2-Astrin_Nuf2-GFP_GFP_mCherry_04_R3D_D3D_Z03_C0_T0.tif,5122.605408187985,3872.87,6272.2835820895525,Expt2020_017_setIII_STLC_GM132_DMSO_mKate2-Astrin_Nuf2-GFP_GFP_mCherry_04_R3D_D3D_Z03_C1_T0.tif,3877.1035137186855,2769.99
78,3_19,68,9648.676470588236,Expt2020_017_setIII_STLC_GM132_DMSO_mKate2-Astrin_Nuf2-GFP_GFP_mCherry_04_R3D_D3D_Z03_C0_T0.tif,5122.605408187985,3872.87,6362.323529411765,Expt2020_017_setIII_STLC_GM132_DMSO_mKate2-Astrin_Nuf2-GFP_GFP_mCherry_04_R3D_D3D_Z03_C1_T0.tif,3877.1035137186855,2769.99
79,3_20,41,10280.90243902439,Expt2020_017_setIII_STLC_GM132_DMSO_mKate2-Astrin_Nuf2-GFP_GFP_mCherry_04_R3D_D3D_Z03_C0_T0.tif,5122.605408187985,3872.87,8806.439024390244,Expt2020_017_setIII_STLC_GM132_DMSO_mKate2-Astrin_Nuf2-GFP_GFP_mCherry_04_R3D_D3D_Z03_C1_T0.tif,3877.1035137186855,2769.99
80,3_21,30,8913.566666666668,Expt2020_017_setIII_STLC_GM132_DMSO_mKate2-Astrin_Nuf2-GFP_GFP_mCherry_04_R3D_D3D_Z03_C0_T0.tif,5122.605408187985,3872.87,5526.633333333333,Expt2020_017_setIII_STLC_GM132_DMSO_mKate2-Astrin_Nuf2-GFP_GFP_mCherry_04_R3D_D3D_Z03_C1_T0.tif,3877.1035137186855,2769.99
81,3_22,48,9446.666666666666,Expt2020_017_setIII_STLC_GM132_DMSO_mKate2-Astrin_Nuf2-GFP_GFP_mCherry_04_R3D_D3D_Z03_C0_T0.tif,5122.605408187985,3872.87,6053.104166666667,Expt2020_017_setIII_STLC_GM132_DMSO_mKate2-Astrin_Nuf2-GFP_GFP_mCherry_04_R3D_D3D_Z03_C1_T0.tif,3877.1035137186855,2769.99
82,3_23,60,8645.733333333334,Expt2020_017_setIII_STLC_GM132_DMSO_mKate2-Astrin_Nuf2-GFP_GFP_mCherry_04_R3D_D3D_Z03_C0_T0.tif,5122.605408187985,3872.87,6261.816666666667,Expt2020_017_setIII_STLC_GM132_DMSO_mKate2-Astrin_Nuf2-GFP_GFP_mCherry_04_R3D_D3D_Z03_C1_T0.tif,3877.1035137186855,2769.99
83,3_24,19,8647.263157894737,Expt2020_017_setIII_STLC_GM132_DMSO_mKate2-Astrin_Nuf2-GFP_GFP_mCherry_04_R3D_D3D_Z03_C0_T0.tif,5122.605408187985,3872.87,4694.0526315789475,Expt2020_017_setIII_STLC_GM132_DMSO_mKate2-Astrin_Nuf2-GFP_GFP_mCherry_04_R3D_D3D_Z03_C1_T0.tif,3877.1035137186855,2769.99
84,3_25,30,8720.966666666667,Expt2020_017_setIII_STLC_GM132_DMSO_mKate2-Astrin_Nuf2-GFP_GFP_mCherry_04_R3D_D3D_Z03_C0_T0.tif,5122.605408187985,3872.87,5332.4,Expt2020_017_setIII_STLC_GM132_DMSO_mKate2-Astrin_Nuf2-GFP_GFP_mCherry_04_R3D_D3D_Z03_C1_T0.tif,3877.1035137186855,2769.99
85,3_26,40,9364.95,Expt2020_017_setIII_STLC_GM132_DMSO_mKate2-Astrin_Nuf2-GFP_GFP_mCherry_04_R3D_D3D_Z03_C0_T0.tif,5122.605408187985,3872.87,6213.7,Expt2020_017_setIII_STLC_GM132_DMSO_mKate2-Astrin_Nuf2-GFP_GFP_mCherry_04_R3D_D3D_Z03_C1_T0.tif,3877.1035137186855,2769.99
86,4_1,12,8777.25,Expt2020_017_setIII_STLC_GM132_DMSO_mKate2-Astrin_Nuf2-GFP_GFP_mCherry_04_R3D_D3D_Z04_C0_T0.tif,5054.485699364075,3790.24,6376.083333333333,Expt2020_017_setIII_STLC_GM132_DMSO_mKate2-Astrin_Nuf2-GFP_GFP_mCherry_04_R3D_D3D_Z04_C1_T0.tif,3842.8754786337877,2730.0575
87,4_2,26,8912.346153846154,Expt2020_017_setIII_STLC_GM132_DMSO_mKate2-Astrin_Nuf2-GFP_GFP_mCherry_04_R3D_D3D_Z04_C0_T0.tif,5054.485699364075,3790.24,5092.923076923077,Expt2020_017_setIII_STLC_GM132_DMSO_mKate2-Astrin_Nuf2-GFP_GFP_mCherry_04_R3D_D3D_Z04_C1_T0.tif,3842.8754786337877,2730.0575
88,4_3,26,9088.115384615385,Expt2020_017_setIII_STLC_GM132_DMSO_mKate2-Astrin_Nuf2-GFP_GFP_mCherry_04_R3D_D3D_Z04_C0_T0.tif,5054.485699364075,3790.24,6843.615384615385,Expt2020_017_setIII_STLC_GM132_DMSO_mKate2-Astrin_Nuf2-GFP_GFP_mCherry_04_R3D_D3D_Z04_C1_T0.tif,3842.8754786337877,2730.0575
89,4_4,30,9285.966666666667,Expt2020_017_setIII_STLC_GM132_DMSO_mKate2-Astrin_Nuf2-GFP_GFP_mCherry_04_R3D_D3D_Z04_C0_T0.tif,5054.485699364075,3790.24,7777.1,Expt2020_017_setIII_STLC_GM132_DMSO_mKate2-Astrin_Nuf2-GFP_GFP_mCherry_04_R3D_D3D_Z04_C1_T0.tif,3842.8754786337877,2730.0575
90,4_5,12,8810.25,Expt2020_017_setIII_STLC_GM132_DMSO_mKate2-Astrin_Nuf2-GFP_GFP_mCherry_04_R3D_D3D_Z04_C0_T0.tif,5054.485699364075,3790.24,6619.666666666667,Expt2020_017_setIII_STLC_GM132_DMSO_mKate2-Astrin_Nuf2-GFP_GFP_mCherry_04_R3D_D3D_Z04_C1_T0.tif,3842.8754786337877,2730.0575
91,4_6,18,9490.888888888889,Expt2020_017_setIII_STLC_GM132_DMSO_mKate2-Astrin_Nuf2-GFP_GFP_mCherry_04_R3D_D3D_Z04_C0_T0.tif,5054.485699364075,3790.24,10314.833333333334,Expt2020_017_setIII_STLC_GM132_DMSO_mKate2-Astrin_Nuf2-GFP_GFP_mCherry_04_R3D_D3D_Z04_C1_T0.tif,3842.8754786337877,2730.0575
92,4_7,44,9158.318181818182,Expt2020_017_setIII_STLC_GM132_DMSO_mKate2-Astrin_Nuf2-GFP_GFP_mCherry_04_R3D_D3D_Z04_C0_T0.tif,5054.485699364075,3790.24,8008.704545454545,Expt2020_017_setIII_STLC_GM132_DMSO_mKate2-Astrin_Nuf2-GFP_GFP_mCherry_04_R3D_D3D_Z04_C1_T0.tif,3842.8754786337877,2730.0575
93,4_8,38,9478.026315789473,Expt2020_017_setIII_STLC_GM132_DMSO_mKate2-Astrin_Nuf2-GFP_GFP_mCherry_04_R3D_D3D_Z04_C0_T0.tif,5054.485699364075,3790.24,6771.315789473684,Expt2020_017_setIII_STLC_GM132_DMSO_mKate2-Astrin_Nuf2-GFP_GFP_mCherry_04_R3D_D3D_Z04_C1_T0.tif,3842.8754786337877,2730.0575
94,4_9,26,9452.5,Expt2020_017_setIII_STLC_GM132_DMSO_mKate2-Astrin_Nuf2-GFP_GFP_mCherry_04_R3D_D3D_Z04_C0_T0.tif,5054.485699364075,3790.24,6093.923076923077,Expt2020_017_setIII_STLC_GM132_DMSO_mKate2-Astrin_Nuf2-GFP_GFP_mCherry_04_R3D_D3D_Z04_C1_T0.tif,3842.8754786337877,2730.0575
95,4_10,8,9115.625,Expt2020_017_setIII_STLC_GM132_DMSO_mKate2-Astrin_Nuf2-GFP_GFP_mCherry_04_R3D_D3D_Z04_C0_T0.tif,5054.485699364075,3790.24,10214.375,Expt2020_017_setIII_STLC_GM132_DMSO_mKate2-Astrin_Nuf2-GFP_GFP_mCherry_04_R3D_D3D_Z04_C1_T0.tif,3842.8754786337877,2730.0575
96,4_11,46,9793.152173913044,Expt2020_017_setIII_STLC_GM132_DMSO_mKate2-Astrin_Nuf2-GFP_GFP_mCherry_04_R3D_D3D_Z04_C0_T0.tif,5054.485699364075,3790.24,6035.086956521739,Expt2020_017_setIII_STLC_GM132_DMSO_mKate2-Astrin_Nuf2-GFP_GFP_mCherry_04_R3D_D3D_Z04_C1_T0.tif,3842.8754786337877,2730.0575
97,4_12,19,8587.631578947368,Expt2020_017_setIII_STLC_GM132_DMSO_mKate2-Astrin_Nuf2-GFP_GFP_mCherry_04_R3D_D3D_Z04_C0_T0.tif,5054.485699364075,3790.24,5635.0526315789475,Expt2020_017_setIII_STLC_GM132_DMSO_mKate2-Astrin_Nuf2-GFP_GFP_mCherry_04_R3D_D3D_Z04_C1_T0.tif,3842.8754786337877,2730.0575
98,4_13,58,9448.862068965518,Expt2020_017_setIII_STLC_GM132_DMSO_mKate2-Astrin_Nuf2-GFP_GFP_mCherry_04_R3D_D3D_Z04_C0_T0.tif,5054.485699364075,3790.24,9165.413793103447,Expt2020_017_setIII_STLC_GM132_DMSO_mKate2-Astrin_Nuf2-GFP_GFP_mCherry_04_R3D_D3D_Z04_C1_T0.tif,3842.8754786337877,2730.0575
99,4_14,30,9480.433333333332,Expt2020_017_setIII_STLC_GM132_DMSO_mKate2-Astrin_Nuf2-GFP_GFP_mCherry_04_R3D_D3D_Z04_C0_T0.tif,5054.485699364075,3790.24,6788.866666666667,Expt2020_017_setIII_STLC_GM132_DMSO_mKate2-Astrin_Nuf2-GFP_GFP_mCherry_04_R3D_D3D_Z04_C1_T0.tif,3842.8754786337877,2730.0575
100,4_15,22,9354.045454545454,Expt2020_017_setIII_STLC_GM132_DMSO_mKate2-Astrin_Nuf2-GFP_GFP_mCherry_04_R3D_D3D_Z04_C0_T0.tif,5054.485699364075,3790.24,6248.727272727273,Expt2020_017_setIII_STLC_GM132_DMSO_mKate2-Astrin_Nuf2-GFP_GFP_mCherry_04_R3D_D3D_Z04_C1_T0.tif,3842.8754786337877,2730.0575
101,4_16,43,9647.372093023256,Expt2020_017_setIII_STLC_GM132_DMSO_mKate2-Astrin_Nuf2-GFP_GFP_mCherry_04_R3D_D3D_Z04_C0_T0.tif,5054.485699364075,3790.24,6454.790697674419,Expt2020_017_setIII_STLC_GM132_DMSO_mKate2-Astrin_Nuf2-GFP_GFP_mCherry_04_R3D_D3D_Z04_C1_T0.tif,3842.8754786337877,2730.0575
102,4_17,36,10985.138888888889,Expt2020_017_setIII_STLC_GM132_DMSO_mKate2-Astrin_Nuf2-GFP_GFP_mCherry_04_R3D_D3D_Z04_C0_T0.tif,5054.485699364075,3790.24,9038.777777777777,Expt2020_017_setIII_STLC_GM132_DMSO_mKate2-Astrin_Nuf2-GFP_GFP_mCherry_04_R3D_D3D_Z04_C1_T0.tif,3842.8754786337877,2730.0575
103,4_18,34,9671.529411764706,Expt2020_017_setIII_STLC_GM132_DMSO_mKate2-Astrin_Nuf2-GFP_GFP_mCherry_04_R3D_D3D_Z04_C0_T0.tif,5054.485699364075,3790.24,5361.558823529412,Expt2020_017_setIII_STLC_GM132_DMSO_mKate2-Astrin_Nuf2-GFP_GFP_mCherry_04_R3D_D3D_Z04_C1_T0.tif,3842.8754786337877,2730.0575
104,4_19,36,9715.138888888889,Expt2020_017_setIII_STLC_GM132_DMSO_mKate2-Astrin_Nuf2-GFP_GFP_mCherry_04_R3D_D3D_Z04_C0_T0.tif,5054.485699364075,3790.24,6250.416666666667,Expt2020_017_setIII_STLC_GM132_DMSO_mKate2-Astrin_Nuf2-GFP_GFP_mCherry_04_R3D_D3D_Z04_C1_T0.tif,3842.8754786337877,2730.0575
105,4_20,13,8791.23076923077,Expt2020_017_setIII_STLC_GM132_DMSO_mKate2-Astrin_Nuf2-GFP_GFP_mCherry_04_R3D_D3D_Z04_C0_T0.tif,5054.485699364075,3790.24,6276.461538461538,Expt2020_017_setIII_STLC_GM132_DMSO_mKate2-Astrin_Nuf2-GFP_GFP_mCherry_04_R3D_D3D_Z04_C1_T0.tif,3842.8754786337877,2730.0575
106,4_21,12,9680.833333333334,Expt2020_017_setIII_STLC_GM132_DMSO_mKate2-Astrin_Nuf2-GFP_GFP_mCherry_04_R3D_D3D_Z04_C0_T0.tif,5054.485699364075,3790.24,6041.333333333333,Expt2020_017_setIII_STLC_GM132_DMSO_mKate2-Astrin_Nuf2-GFP_GFP_mCherry_04_R3D_D3D_Z04_C1_T0.tif,3842.8754786337877,2730.0575
107,4_22,35,9501.828571428572,Expt2020_017_setIII_STLC_GM132_DMSO_mKate2-Astrin_Nuf2-GFP_GFP_mCherry_04_R3D_D3D_Z04_C0_T0.tif,5054.485699364075,3790.24,5418.142857142857,Expt2020_017_setIII_STLC_GM132_DMSO_mKate2-Astrin_Nuf2-GFP_GFP_mCherry_04_R3D_D3D_Z04_C1_T0.tif,3842.8754786337877,2730.0575
108,4_23,30,10387.2,Expt2020_017_setIII_STLC_GM132_DMSO_mKate2-Astrin_Nuf2-GFP_GFP_mCherry_04_R3D_D3D_Z04_C0_T0.tif,5054.485699364075,3790.24,7368.5,Expt2020_017_setIII_STLC_GM132_DMSO_mKate2-Astrin_Nuf2-GFP_GFP_mCherry_04_R3D_D3D_Z04_C1_T0.tif,3842.8754786337877,2730.0575
109,5_1,26,8503.26923076923,Expt2020_017_setIII_STLC_GM132_DMSO_mKate2-Astrin_Nuf2-GFP_GFP_mCherry_04_R3D_D3D_Z05_C0_T0.tif,4919.861998640381,3617.27,4939.153846153846,Expt2020_017_setIII_STLC_GM132_DMSO_mKate2-Astrin_Nuf2-GFP_GFP_mCherry_04_R3D_D3D_Z05_C1_T0.tif,3806.6319948489813,2736.9625
110,5_2,40,8967.325,Expt2020_017_setIII_STLC_GM132_DMSO_mKate2-Astrin_Nuf2-GFP_GFP_mCherry_04_R3D_D3D_Z05_C0_T0.tif,4919.861998640381,3617.27,6979.75,Expt2020_017_setIII_STLC_GM132_DMSO_mKate2-Astrin_Nuf2-GFP_GFP_mCherry_04_R3D_D3D_Z05_C1_T0.tif,3806.6319948489813,2736.9625
111,5_3,36,8837.305555555555,Expt2020_017_setIII_STLC_GM132_DMSO_mKate2-Astrin_Nuf2-GFP_GFP_mCherry_04_R3D_D3D_Z05_C0_T0.tif,4919.861998640381,3617.27,7548.083333333333,Expt2020_017_setIII_STLC_GM132_DMSO_mKate2-Astrin_Nuf2-GFP_GFP_mCherry_04_R3D_D3D_Z05_C1_T0.tif,3806.6319948489813,2736.9625
112,5_4,49,8432.224489795919,Expt2020_017_setIII_STLC_GM132_DMSO_mKate2-Astrin_Nuf2-GFP_GFP_mCherry_04_R3D_D3D_Z05_C0_T0.tif,4919.861998640381,3617.27,9675.408163265307,Expt2020_017_setIII_STLC_GM132_DMSO_mKate2-Astrin_Nuf2-GFP_GFP_mCherry_04_R3D_D3D_Z05_C1_T0.tif,3806.6319948489813,2736.9625
113,5_5,26,8597.307692307691,Expt2020_017_setIII_STLC_GM132_DMSO_mKate2-Astrin_Nuf2-GFP_GFP_mCherry_04_R3D_D3D_Z05_C0_T0.tif,4919.861998640381,3617.27,6290.7692307692305,Expt2020_017_setIII_STLC_GM132_DMSO_mKate2-Astrin_Nuf2-GFP_GFP_mCherry_04_R3D_D3D_Z05_C1_T0.tif,3806.6319948489813,2736.9625
114,5_6,42,9089.404761904761,Expt2020_017_setIII_STLC_GM132_DMSO_mKate2-Astrin_Nuf2-GFP_GFP_mCherry_04_R3D_D3D_Z05_C0_T0.tif,4919.861998640381,3617.27,6816.452380952381,Expt2020_017_setIII_STLC_GM132_DMSO_mKate2-Astrin_Nuf2-GFP_GFP_mCherry_04_R3D_D3D_Z05_C1_T0.tif,3806.6319948489813,2736.9625
115,5_7,40,8952.625,Expt2020_017_setIII_STLC_GM132_DMSO_mKate2-Astrin_Nuf2-GFP_GFP_mCherry_04_R3D_D3D_Z05_C0_T0.tif,4919.861998640381,3617.27,6879.95,Expt2020_017_setIII_STLC_GM132_DMSO_mKate2-Astrin_Nuf2-GFP_GFP_mCherry_04_R3D_D3D_Z05_C1_T0.tif,3806.6319948489813,2736.9625
116,5_8,54,9088.444444444445,Expt2020_017_setIII_STLC_GM132_DMSO_mKate2-Astrin_Nuf2-GFP_GFP_mCherry_04_R3D_D3D_Z05_C0_T0.tif,4919.861998640381,3617.27,6218.722222222223,Expt2020_017_setIII_STLC_GM132_DMSO_mKate2-Astrin_Nuf2-GFP_GFP_mCherry_04_R3D_D3D_Z05_C1_T0.tif,3806.6319948489813,2736.9625
117,5_9,33,8306.0,Expt2020_017_setIII_STLC_GM132_DMSO_mKate2-Astrin_Nuf2-GFP_GFP_mCherry_04_R3D_D3D_Z05_C0_T0.tif,4919.861998640381,3617.27,5063.848484848485,Expt2020_017_setIII_STLC_GM132_DMSO_mKate2-Astrin_Nuf2-GFP_GFP_mCherry_04_R3D_D3D_Z05_C1_T0.tif,3806.6319948489813,2736.9625
118,5_10,56,9079.0,Expt2020_017_setIII_STLC_GM132_DMSO_mKate2-Astrin_Nuf2-GFP_GFP_mCherry_04_R3D_D3D_Z05_C0_T0.tif,4919.861998640381,3617.27,8248.357142857143,Expt2020_017_setIII_STLC_GM132_DMSO_mKate2-Astrin_Nuf2-GFP_GFP_mCherry_04_R3D_D3D_Z05_C1_T0.tif,3806.6319948489813,2736.9625
119,5_11,12,8091.5,Expt2020_017_setIII_STLC_GM132_DMSO_mKate2-Astrin_Nuf2-GFP_GFP_mCherry_04_R3D_D3D_Z05_C0_T0.tif,4919.861998640381,3617.27,6314.166666666667,Expt2020_017_setIII_STLC_GM132_DMSO_mKate2-Astrin_Nuf2-GFP_GFP_mCherry_04_R3D_D3D_Z05_C1_T0.tif,3806.6319948489813,2736.9625
120,5_12,8,8661.625,Expt2020_017_setIII_STLC_GM132_DMSO_mKate2-Astrin_Nuf2-GFP_GFP_mCherry_04_R3D_D3D_Z05_C0_T0.tif,4919.861998640381,3617.27,9614.75,Expt2020_017_setIII_STLC_GM132_DMSO_mKate2-Astrin_Nuf2-GFP_GFP_mCherry_04_R3D_D3D_Z05_C1_T0.tif,3806.6319948489813,2736.9625
121,5_13,34,8765.029411764706,Expt2020_017_setIII_STLC_GM132_DMSO_mKate2-Astrin_Nuf2-GFP_GFP_mCherry_04_R3D_D3D_Z05_C0_T0.tif,4919.861998640381,3617.27,6557.470588235294,Expt2020_017_setIII_STLC_GM132_DMSO_mKate2-Astrin_Nuf2-GFP_GFP_mCherry_04_R3D_D3D_Z05_C1_T0.tif,3806.6319948489813,2736.9625
122,5_14,43,10058.558139534884,Expt2020_017_setIII_STLC_GM132_DMSO_mKate2-Astrin_Nuf2-GFP_GFP_mCherry_04_R3D_D3D_Z05_C0_T0.tif,4919.861998640381,3617.27,8508.093023255815,Expt2020_017_setIII_STLC_GM132_DMSO_mKate2-Astrin_Nuf2-GFP_GFP_mCherry_04_R3D_D3D_Z05_C1_T0.tif,3806.6319948489813,2736.9625
123,5_15,45,9667.68888888889,Expt2020_017_setIII_STLC_GM132_DMSO_mKate2-Astrin_Nuf2-GFP_GFP_mCherry_04_R3D_D3D_Z05_C0_T0.tif,4919.861998640381,3617.27,5720.822222222222,Expt2020_017_setIII_STLC_GM132_DMSO_mKate2-Astrin_Nuf2-GFP_GFP_mCherry_04_R3D_D3D_Z05_C1_T0.tif,3806.6319948489813,2736.9625
124,5_16,31,8890.548387096775,Expt2020_017_setIII_STLC_GM132_DMSO_mKate2-Astrin_Nuf2-GFP_GFP_mCherry_04_R3D_D3D_Z05_C0_T0.tif,4919.861998640381,3617.27,6101.741935483871,Expt2020_017_setIII_STLC_GM132_DMSO_mKate2-Astrin_Nuf2-GFP_GFP_mCherry_04_R3D_D3D_Z05_C1_T0.tif,3806.6319948489813,2736.9625
125,5_17,41,8450.926829268292,Expt2020_017_setIII_STLC_GM132_DMSO_mKate2-Astrin_Nuf2-GFP_GFP_mCherry_04_R3D_D3D_Z05_C0_T0.tif,4919.861998640381,3617.27,6245.609756097561,Expt2020_017_setIII_STLC_GM132_DMSO_mKate2-Astrin_Nuf2-GFP_GFP_mCherry_04_R3D_D3D_Z05_C1_T0.tif,3806.6319948489813,2736.9625
126,5_18,14,8171.642857142857,Expt2020_017_setIII_STLC_GM132_DMSO_mKate2-Astrin_Nuf2-GFP_GFP_mCherry_04_R3D_D3D_Z05_C0_T0.tif,4919.861998640381,3617.27,5571.571428571428,Expt2020_017_setIII_STLC_GM132_DMSO_mKate2-Astrin_Nuf2-GFP_GFP_mCherry_04_R3D_D3D_Z05_C1_T0.tif,3806.6319948489813,2736.9625
127,5_19,12,8872.833333333334,Expt2020_017_setIII_STLC_GM132_DMSO_mKate2-Astrin_Nuf2-GFP_GFP_mCherry_04_R3D_D3D_Z05_C0_T0.tif,4919.861998640381,3617.27,5573.0,Expt2020_017_setIII_STLC_GM132_DMSO_mKate2-Astrin_Nuf2-GFP_GFP_mCherry_04_R3D_D3D_Z05_C1_T0.tif,3806.6319948489813,2736.9625
128,5_20,46,8655.54347826087,Expt2020_017_setIII_STLC_GM132_DMSO_mKate2-Astrin_Nuf2-GFP_GFP_mCherry_04_R3D_D3D_Z05_C0_T0.tif,4919.861998640381,3617.27,5675.0,Expt2020_017_setIII_STLC_GM132_DMSO_mKate2-Astrin_Nuf2-GFP_GFP_mCherry_04_R3D_D3D_Z05_C1_T0.tif,3806.6319948489813,2736.9625
129,5_21,40,9517.3,Expt2020_017_setIII_STLC_GM132_DMSO_mKate2-Astrin_Nuf2-GFP_GFP_mCherry_04_R3D_D3D_Z05_C0_T0.tif,4919.861998640381,3617.27,7299.425,Expt2020_017_setIII_STLC_GM132_DMSO_mKate2-Astrin_Nuf2-GFP_GFP_mCherry_04_R3D_D3D_Z05_C1_T0.tif,3806.6319948489813,2736.9625
130,6_1,12,7924.833333333333,Expt2020_017_setIII_STLC_GM132_DMSO_mKate2-Astrin_Nuf2-GFP_GFP_mCherry_04_R3D_D3D_Z06_C0_T0.tif,4823.94954238921,3524.3775,6529.75,Expt2020_017_setIII_STLC_GM132_DMSO_mKate2-Astrin_Nuf2-GFP_GFP_mCherry_04_R3D_D3D_Z06_C1_T0.tif,3927.71289025091,2819.85
131,6_2,46,9202.5,Expt2020_017_setIII_STLC_GM132_DMSO_mKate2-Astrin_Nuf2-GFP_GFP_mCherry_04_R3D_D3D_Z06_C0_T0.tif,4823.94954238921,3524.3775,6754.847826086957,Expt2020_017_setIII_STLC_GM132_DMSO_mKate2-Astrin_Nuf2-GFP_GFP_mCherry_04_R3D_D3D_Z06_C1_T0.tif,3927.71289025091,2819.85
132,6_3,21,7810.666666666667,Expt2020_017_setIII_STLC_GM132_DMSO_mKate2-Astrin_Nuf2-GFP_GFP_mCherry_04_R3D_D3D_Z06_C0_T0.tif,4823.94954238921,3524.3775,5038.285714285715,Expt2020_017_setIII_STLC_GM132_DMSO_mKate2-Astrin_Nuf2-GFP_GFP_mCherry_04_R3D_D3D_Z06_C1_T0.tif,3927.71289025091,2819.85
133,6_4,16,8253.9375,Expt2020_017_setIII_STLC_GM132_DMSO_mKate2-Astrin_Nuf2-GFP_GFP_mCherry_04_R3D_D3D_Z06_C0_T0.tif,4823.94954238921,3524.3775,5927.875,Expt2020_017_setIII_STLC_GM132_DMSO_mKate2-Astrin_Nuf2-GFP_GFP_mCherry_04_R3D_D3D_Z06_C1_T0.tif,3927.71289025091,2819.85
134,6_5,29,8461.655172413793,Expt2020_017_setIII_STLC_GM132_DMSO_mKate2-Astrin_Nuf2-GFP_GFP_mCherry_04_R3D_D3D_Z06_C0_T0.tif,4823.94954238921,3524.3775,7265.3448275862065,Expt2020_017_setIII_STLC_GM132_DMSO_mKate2-Astrin_Nuf2-GFP_GFP_mCherry_04_R3D_D3D_Z06_C1_T0.tif,3927.71289025091,2819.85
135,6_6,8,7750.25,Expt2020_017_setIII_STLC_GM132_DMSO_mKate2-Astrin_Nuf2-GFP_GFP_mCherry_04_R3D_D3D_Z06_C0_T0.tif,4823.94954238921,3524.3775,8699.25,Expt2020_017_setIII_STLC_GM132_DMSO_mKate2-Astrin_Nuf2-GFP_GFP_mCherry_04_R3D_D3D_Z06_C1_T0.tif,3927.71289025091,2819.85
136,6_7,35,8251.4,Expt2020_017_setIII_STLC_GM132_DMSO_mKate2-Astrin_Nuf2-GFP_GFP_mCherry_04_R3D_D3D_Z06_C0_T0.tif,4823.94954238921,3524.3775,6911.2,Expt2020_017_setIII_STLC_GM132_DMSO_mKate2-Astrin_Nuf2-GFP_GFP_mCherry_04_R3D_D3D_Z06_C1_T0.tif,3927.71289025091,2819.85
137,6_8,8,8477.25,Expt2020_017_setIII_STLC_GM132_DMSO_mKate2-Astrin_Nuf2-GFP_GFP_mCherry_04_R3D_D3D_Z06_C0_T0.tif,4823.94954238921,3524.3775,11183.125,Expt2020_017_setIII_STLC_GM132_DMSO_mKate2-Astrin_Nuf2-GFP_GFP_mCherry_04_R3D_D3D_Z06_C1_T0.tif,3927.71289025091,2819.85
138,6_9,8,8053.5,Expt2020_017_setIII_STLC_GM132_DMSO_mKate2-Astrin_Nuf2-GFP_GFP_mCherry_04_R3D_D3D_Z06_C0_T0.tif,4823.94954238921,3524.3775,8819.375,Expt2020_017_setIII_STLC_GM132_DMSO_mKate2-Astrin_Nuf2-GFP_GFP_mCherry_04_R3D_D3D_Z06_C1_T0.tif,3927.71289025091,2819.85
139,6_10,30,8258.866666666667,Expt2020_017_setIII_STLC_GM132_DMSO_mKate2-Astrin_Nuf2-GFP_GFP_mCherry_04_R3D_D3D_Z06_C0_T0.tif,4823.94954238921,3524.3775,6522.4,Expt2020_017_setIII_STLC_GM132_DMSO_mKate2-Astrin_Nuf2-GFP_GFP_mCherry_04_R3D_D3D_Z06_C1_T0.tif,3927.71289025091,2819.85
140,6_11,12,8481.916666666666,Expt2020_017_setIII_STLC_GM132_DMSO_mKate2-Astrin_Nuf2-GFP_GFP_mCherry_04_R3D_D3D_Z06_C0_T0.tif,4823.94954238921,3524.3775,7203.75,Expt2020_017_setIII_STLC_GM132_DMSO_mKate2-Astrin_Nuf2-GFP_GFP_mCherry_04_R3D_D3D_Z06_C1_T0.tif,3927.71289025091,2819.85
141,6_12,22,8322.727272727272,Expt2020_017_setIII_STLC_GM132_DMSO_mKate2-Astrin_Nuf2-GFP_GFP_mCherry_04_R3D_D3D_Z06_C0_T0.tif,4823.94954238921,3524.3775,6266.454545454545,Expt2020_017_setIII_STLC_GM132_DMSO_mKate2-Astrin_Nuf2-GFP_GFP_mCherry_04_R3D_D3D_Z06_C1_T0.tif,3927.71289025091,2819.85
142,6_13,11,8181.818181818182,Expt2020_017_setIII_STLC_GM132_DMSO_mKate2-Astrin_Nuf2-GFP_GFP_mCherry_04_R3D_D3D_Z06_C0_T0.tif,4823.94954238921,3524.3775,6123.545454545455,Expt2020_017_setIII_STLC_GM132_DMSO_mKate2-Astrin_Nuf2-GFP_GFP_mCherry_04_R3D_D3D_Z06_C1_T0.tif,3927.71289025091,2819.85
143,6_14,30,8195.1,Expt2020_017_setIII_STLC_GM132_DMSO_mKate2-Astrin_Nuf2-GFP_GFP_mCherry_04_R3D_D3D_Z06_C0_T0.tif,4823.94954238921,3524.3775,4757.233333333334,Expt2020_017_setIII_STLC_GM132_DMSO_mKate2-Astrin_Nuf2-GFP_GFP_mCherry_04_R3D_D3D_Z06_C1_T0.tif,3927.71289025091,2819.85
144,6_15,46,8257.804347826086,Expt2020_017_setIII_STLC_GM132_DMSO_mKate2-Astrin_Nuf2-GFP_GFP_mCherry_04_R3D_D3D_Z06_C0_T0.tif,4823.94954238921,3524.3775,6498.608695652174,Expt2020_017_setIII_STLC_GM132_DMSO_mKate2-Astrin_Nuf2-GFP_GFP_mCherry_04_R3D_D3D_Z06_C1_T0.tif,3927.71289025091,2819.85
145,6_16,46,8617.95652173913,Expt2020_017_setIII_STLC_GM132_DMSO_mKate2-Astrin_Nuf2-GFP_GFP_mCherry_04_R3D_D3D_Z06_C0_T0.tif,4823.94954238921,3524.3775,7885.739130434783,Expt2020_017_setIII_STLC_GM132_DMSO_mKate2-Astrin_Nuf2-GFP_GFP_mCherry_04_R3D_D3D_Z06_C1_T0.tif,3927.71289025091,2819.85
146,6_17,28,8227.785714285714,Expt2020_017_setIII_STLC_GM132_DMSO_mKate2-Astrin_Nuf2-GFP_GFP_mCherry_04_R3D_D3D_Z06_C0_T0.tif,4823.94954238921,3524.3775,9559.214285714286,Expt2020_017_setIII_STLC_GM132_DMSO_mKate2-Astrin_Nuf2-GFP_GFP_mCherry_04_R3D_D3D_Z06_C1_T0.tif,3927.71289025091,2819.85
147,6_18,8,8162.375,Expt2020_017_setIII_STLC_GM132_DMSO_mKate2-Astrin_Nuf2-GFP_GFP_mCherry_04_R3D_D3D_Z06_C0_T0.tif,4823.94954238921,3524.3775,7729.625,Expt2020_017_setIII_STLC_GM132_DMSO_mKate2-Astrin_Nuf2-GFP_GFP_mCherry_04_R3D_D3D_Z06_C1_T0.tif,3927.71289025091,2819.85
148,6_19,8,8419.625,Expt2020_017_setIII_STLC_GM132_DMSO_mKate2-Astrin_Nuf2-GFP_GFP_mCherry_04_R3D_D3D_Z06_C0_T0.tif,4823.94954238921,3524.3775,8538.875,Expt2020_017_setIII_STLC_GM132_DMSO_mKate2-Astrin_Nuf2-GFP_GFP_mCherry_04_R3D_D3D_Z06_C1_T0.tif,3927.71289025091,2819.85
149,6_20,36,8886.055555555555,Expt2020_017_setIII_STLC_GM132_DMSO_mKate2-Astrin_Nuf2-GFP_GFP_mCherry_04_R3D_D3D_Z06_C0_T0.tif,4823.94954238921,3524.3775,7536.25,Expt2020_017_setIII_STLC_GM132_DMSO_mKate2-Astrin_Nuf2-GFP_GFP_mCherry_04_R3D_D3D_Z06_C1_T0.tif,3927.71289025091,2819.85
150,6_21,49,9686.979591836734,Expt2020_017_setIII_STLC_GM132_DMSO_mKate2-Astrin_Nuf2-GFP_GFP_mCherry_04_R3D_D3D_Z06_C0_T0.tif,4823.94954238921,3524.3775,5729.775510204082,Expt2020_017_setIII_STLC_GM132_DMSO_mKate2-Astrin_Nuf2-GFP_GFP_mCherry_04_R3D_D3D_Z06_C1_T0.tif,3927.71289025091,2819.85
151,6_22,32,8314.625,Expt2020_017_setIII_STLC_GM132_DMSO_mKate2-Astrin_Nuf2-GFP_GFP_mCherry_04_R3D_D3D_Z06_C0_T0.tif,4823.94954238921,3524.3775,6745.3125,Expt2020_017_setIII_STLC_GM132_DMSO_mKate2-Astrin_Nuf2-GFP_GFP_mCherry_04_R3D_D3D_Z06_C1_T0.tif,3927.71289025091,2819.85
152,6_23,34,8531.735294117647,Expt2020_017_setIII_STLC_GM132_DMSO_mKate2-Astrin_Nuf2-GFP_GFP_mCherry_04_R3D_D3D_Z06_C0_T0.tif,4823.94954238921,3524.3775,7225.85294117647,Expt2020_017_setIII_STLC_GM132_DMSO_mKate2-Astrin_Nuf2-GFP_GFP_mCherry_04_R3D_D3D_Z06_C1_T0.tif,3927.71289025091,2819.85
153,6_24,45,8044.0,Expt2020_017_setIII_STLC_GM132_DMSO_mKate2-Astrin_Nuf2-GFP_GFP_mCherry_04_R3D_D3D_Z06_C0_T0.tif,4823.94954238921,3524.3775,5659.355555555556,Expt2020_017_setIII_STLC_GM132_DMSO_mKate2-Astrin_Nuf2-GFP_GFP_mCherry_04_R3D_D3D_Z06_C1_T0.tif,3927.71289025091,2819.85
154,6_25,36,9381.333333333334,Expt2020_017_setIII_STLC_GM132_DMSO_mKate2-Astrin_Nuf2-GFP_GFP_mCherry_04_R3D_D3D_Z06_C0_T0.tif,4823.94954238921,3524.3775,6268.0,Expt2020_017_setIII_STLC_GM132_DMSO_mKate2-Astrin_Nuf2-GFP_GFP_mCherry_04_R3D_D3D_Z06_C1_T0.tif,3927.71289025091,2819.85
155,6_26,44,8626.704545454546,Expt2020_017_setIII_STLC_GM132_DMSO_mKate2-Astrin_Nuf2-GFP_GFP_mCherry_04_R3D_D3D_Z06_C0_T0.tif,4823.94954238921,3524.3775,7320.613636363636,Expt2020_017_setIII_STLC_GM132_DMSO_mKate2-Astrin_Nuf2-GFP_GFP_mCherry_04_R3D_D3D_Z06_C1_T0.tif,3927.71289025091,2819.85
156,7_1,53,9017.566037735849,Expt2020_017_setIII_STLC_GM132_DMSO_mKate2-Astrin_Nuf2-GFP_GFP_mCherry_04_R3D_D3D_Z07_C0_T0.tif,4814.543844243929,3497.35,6117.1509433962265,Expt2020_017_setIII_STLC_GM132_DMSO_mKate2-Astrin_Nuf2-GFP_GFP_mCherry_04_R3D_D3D_Z07_C1_T0.tif,3828.616210382824,2819.935
157,7_2,12,8502.666666666666,Expt2020_017_setIII_STLC_GM132_DMSO_mKate2-Astrin_Nuf2-GFP_GFP_mCherry_04_R3D_D3D_Z07_C0_T0.tif,4814.543844243929,3497.35,5420.5,Expt2020_017_setIII_STLC_GM132_DMSO_mKate2-Astrin_Nuf2-GFP_GFP_mCherry_04_R3D_D3D_Z07_C1_T0.tif,3828.616210382824,2819.935
158,7_3,26,8258.538461538461,Expt2020_017_setIII_STLC_GM132_DMSO_mKate2-Astrin_Nuf2-GFP_GFP_mCherry_04_R3D_D3D_Z07_C0_T0.tif,4814.543844243929,3497.35,5853.423076923077,Expt2020_017_setIII_STLC_GM132_DMSO_mKate2-Astrin_Nuf2-GFP_GFP_mCherry_04_R3D_D3D_Z07_C1_T0.tif,3828.616210382824,2819.935
159,7_4,33,8905.242424242424,Expt2020_017_setIII_STLC_GM132_DMSO_mKate2-Astrin_Nuf2-GFP_GFP_mCherry_04_R3D_D3D_Z07_C0_T0.tif,4814.543844243929,3497.35,7345.363636363636,Expt2020_017_setIII_STLC_GM132_DMSO_mKate2-Astrin_Nuf2-GFP_GFP_mCherry_04_R3D_D3D_Z07_C1_T0.tif,3828.616210382824,2819.935
160,7_5,16,7896.5625,Expt2020_017_setIII_STLC_GM132_DMSO_mKate2-Astrin_Nuf2-GFP_GFP_mCherry_04_R3D_D3D_Z07_C0_T0.tif,4814.543844243929,3497.35,7238.375,Expt2020_017_setIII_STLC_GM132_DMSO_mKate2-Astrin_Nuf2-GFP_GFP_mCherry_04_R3D_D3D_Z07_C1_T0.tif,3828.616210382824,2819.935
161,7_6,41,8308.292682926829,Expt2020_017_setIII_STLC_GM132_DMSO_mKate2-Astrin_Nuf2-GFP_GFP_mCherry_04_R3D_D3D_Z07_C0_T0.tif,4814.543844243929,3497.35,7172.0,Expt2020_017_setIII_STLC_GM132_DMSO_mKate2-Astrin_Nuf2-GFP_GFP_mCherry_04_R3D_D3D_Z07_C1_T0.tif,3828.616210382824,2819.935
162,7_7,39,8674.871794871795,Expt2020_017_setIII_STLC_GM132_DMSO_mKate2-Astrin_Nuf2-GFP_GFP_mCherry_04_R3D_D3D_Z07_C0_T0.tif,4814.543844243929,3497.35,6438.717948717948,Expt2020_017_setIII_STLC_GM132_DMSO_mKate2-Astrin_Nuf2-GFP_GFP_mCherry_04_R3D_D3D_Z07_C1_T0.tif,3828.616210382824,2819.935
163,7_8,5,8696.6,Expt2020_017_setIII_STLC_GM132_DMSO_mKate2-Astrin_Nuf2-GFP_GFP_mCherry_04_R3D_D3D_Z07_C0_T0.tif,4814.543844243929,3497.35,4653.4,Expt2020_017_setIII_STLC_GM132_DMSO_mKate2-Astrin_Nuf2-GFP_GFP_mCherry_04_R3D_D3D_Z07_C1_T0.tif,3828.616210382824,2819.935
164,7_9,14,8525.214285714286,Expt2020_017_setIII_STLC_GM132_DMSO_mKate2-Astrin_Nuf2-GFP_GFP_mCherry_04_R3D_D3D_Z07_C0_T0.tif,4814.543844243929,3497.35,4998.285714285715,Expt2020_017_setIII_STLC_GM132_DMSO_mKate2-Astrin_Nuf2-GFP_GFP_mCherry_04_R3D_D3D_Z07_C1_T0.tif,3828.616210382824,2819.935
165,7_10,8,8204.0,Expt2020_017_setIII_STLC_GM132_DMSO_mKate2-Astrin_Nuf2-GFP_GFP_mCherry_04_R3D_D3D_Z07_C0_T0.tif,4814.543844243929,3497.35,6938.25,Expt2020_017_setIII_STLC_GM132_DMSO_mKate2-Astrin_Nuf2-GFP_GFP_mCherry_04_R3D_D3D_Z07_C1_T0.tif,3828.616210382824,2819.935
166,7_11,29,8569.620689655172,Expt2020_017_setIII_STLC_GM132_DMSO_mKate2-Astrin_Nuf2-GFP_GFP_mCherry_04_R3D_D3D_Z07_C0_T0.tif,4814.543844243929,3497.35,6700.206896551724,Expt2020_017_setIII_STLC_GM132_DMSO_mKate2-Astrin_Nuf2-GFP_GFP_mCherry_04_R3D_D3D_Z07_C1_T0.tif,3828.616210382824,2819.935
167,7_12,16,8396.5625,Expt2020_017_setIII_STLC_GM132_DMSO_mKate2-Astrin_Nuf2-GFP_GFP_mCherry_04_R3D_D3D_Z07_C0_T0.tif,4814.543844243929,3497.35,7608.625,Expt2020_017_setIII_STLC_GM132_DMSO_mKate2-Astrin_Nuf2-GFP_GFP_mCherry_04_R3D_D3D_Z07_C1_T0.tif,3828.616210382824,2819.935
168,7_13,34,8301.088235294117,Expt2020_017_setIII_STLC_GM132_DMSO_mKate2-Astrin_Nuf2-GFP_GFP_mCherry_04_R3D_D3D_Z07_C0_T0.tif,4814.543844243929,3497.35,10101.823529411764,Expt2020_017_setIII_STLC_GM132_DMSO_mKate2-Astrin_Nuf2-GFP_GFP_mCherry_04_R3D_D3D_Z07_C1_T0.tif,3828.616210382824,2819.935
169,7_14,43,8728.209302325582,Expt2020_017_setIII_STLC_GM132_DMSO_mKate2-Astrin_Nuf2-GFP_GFP_mCherry_04_R3D_D3D_Z07_C0_T0.tif,4814.543844243929,3497.35,7461.674418604651,Expt2020_017_setIII_STLC_GM132_DMSO_mKate2-Astrin_Nuf2-GFP_GFP_mCherry_04_R3D_D3D_Z07_C1_T0.tif,3828.616210382824,2819.935
170,7_15,8,8560.0,Expt2020_017_setIII_STLC_GM132_DMSO_mKate2-Astrin_Nuf2-GFP_GFP_mCherry_04_R3D_D3D_Z07_C0_T0.tif,4814.543844243929,3497.35,7012.5,Expt2020_017_setIII_STLC_GM132_DMSO_mKate2-Astrin_Nuf2-GFP_GFP_mCherry_04_R3D_D3D_Z07_C1_T0.tif,3828.616210382824,2819.935
171,7_16,48,9516.5,Expt2020_017_setIII_STLC_GM132_DMSO_mKate2-Astrin_Nuf2-GFP_GFP_mCherry_04_R3D_D3D_Z07_C0_T0.tif,4814.543844243929,3497.35,6105.895833333333,Expt2020_017_setIII_STLC_GM132_DMSO_mKate2-Astrin_Nuf2-GFP_GFP_mCherry_04_R3D_D3D_Z07_C1_T0.tif,3828.616210382824,2819.935
172,7_17,12,8259.416666666666,Expt2020_017_setIII_STLC_GM132_DMSO_mKate2-Astrin_Nuf2-GFP_GFP_mCherry_04_R3D_D3D_Z07_C0_T0.tif,4814.543844243929,3497.35,7692.916666666667,Expt2020_017_setIII_STLC_GM132_DMSO_mKate2-Astrin_Nuf2-GFP_GFP_mCherry_04_R3D_D3D_Z07_C1_T0.tif,3828.616210382824,2819.935
173,7_18,12,8332.666666666666,Expt2020_017_setIII_STLC_GM132_DMSO_mKate2-Astrin_Nuf2-GFP_GFP_mCherry_04_R3D_D3D_Z07_C0_T0.tif,4814.543844243929,3497.35,7525.166666666667,Expt2020_017_setIII_STLC_GM132_DMSO_mKate2-Astrin_Nuf2-GFP_GFP_mCherry_04_R3D_D3D_Z07_C1_T0.tif,3828.616210382824,2819.935
174,7_19,14,8609.714285714286,Expt2020_017_setIII_STLC_GM132_DMSO_mKate2-Astrin_Nuf2-GFP_GFP_mCherry_04_R3D_D3D_Z07_C0_T0.tif,4814.543844243929,3497.35,7072.571428571428,Expt2020_017_setIII_STLC_GM132_DMSO_mKate2-Astrin_Nuf2-GFP_GFP_mCherry_04_R3D_D3D_Z07_C1_T0.tif,3828.616210382824,2819.935
175,7_20,12,8254.25,Expt2020_017_setIII_STLC_GM132_DMSO_mKate2-Astrin_Nuf2-GFP_GFP_mCherry_04_R3D_D3D_Z07_C0_T0.tif,4814.543844243929,3497.35,5680.916666666667,Expt2020_017_setIII_STLC_GM132_DMSO_mKate2-Astrin_Nuf2-GFP_GFP_mCherry_04_R3D_D3D_Z07_C1_T0.tif,3828.616210382824,2819.935
176,7_21,32,9133.21875,Expt2020_017_setIII_STLC_GM132_DMSO_mKate2-Astrin_Nuf2-GFP_GFP_mCherry_04_R3D_D3D_Z07_C0_T0.tif,4814.543844243929,3497.35,5392.3125,Expt2020_017_setIII_STLC_GM132_DMSO_mKate2-Astrin_Nuf2-GFP_GFP_mCherry_04_R3D_D3D_Z07_C1_T0.tif,3828.616210382824,2819.935
177,7_22,30,8891.133333333333,Expt2020_017_setIII_STLC_GM132_DMSO_mKate2-Astrin_Nuf2-GFP_GFP_mCherry_04_R3D_D3D_Z07_C0_T0.tif,4814.543844243929,3497.35,5671.233333333334,Expt2020_017_setIII_STLC_GM132_DMSO_mKate2-Astrin_Nuf2-GFP_GFP_mCherry_04_R3D_D3D_Z07_C1_T0.tif,3828.616210382824,2819.935
178,7_23,20,8203.0,Expt2020_017_setIII_STLC_GM132_DMSO_mKate2-Astrin_Nuf2-GFP_GFP_mCherry_04_R3D_D3D_Z07_C0_T0.tif,4814.543844243929,3497.35,7354.05,Expt2020_017_setIII_STLC_GM132_DMSO_mKate2-Astrin_Nuf2-GFP_GFP_mCherry_04_R3D_D3D_Z07_C1_T0.tif,3828.616210382824,2819.935
179,8_1,49,8978.918367346938,Expt2020_017_setIII_STLC_GM132_DMSO_mKate2-Astrin_Nuf2-GFP_GFP_mCherry_04_R3D_D3D_Z08_C0_T0.tif,4819.019736448038,3492.5825,6404.0204081632655,Expt2020_017_setIII_STLC_GM132_DMSO_mKate2-Astrin_Nuf2-GFP_GFP_mCherry_04_R3D_D3D_Z08_C1_T0.tif,3865.0294588183374,2798.6075
180,8_2,12,7718.833333333333,Expt2020_017_setIII_STLC_GM132_DMSO_mKate2-Astrin_Nuf2-GFP_GFP_mCherry_04_R3D_D3D_Z08_C0_T0.tif,4819.019736448038,3492.5825,5341.25,Expt2020_017_setIII_STLC_GM132_DMSO_mKate2-Astrin_Nuf2-GFP_GFP_mCherry_04_R3D_D3D_Z08_C1_T0.tif,3865.0294588183374,2798.6075
181,8_3,16,8475.9375,Expt2020_017_setIII_STLC_GM132_DMSO_mKate2-Astrin_Nuf2-GFP_GFP_mCherry_04_R3D_D3D_Z08_C0_T0.tif,4819.019736448038,3492.5825,5490.0625,Expt2020_017_setIII_STLC_GM132_DMSO_mKate2-Astrin_Nuf2-GFP_GFP_mCherry_04_R3D_D3D_Z08_C1_T0.tif,3865.0294588183374,2798.6075
182,8_4,26,8550.0,Expt2020_017_setIII_STLC_GM132_DMSO_mKate2-Astrin_Nuf2-GFP_GFP_mCherry_04_R3D_D3D_Z08_C0_T0.tif,4819.019736448038,3492.5825,5707.038461538462,Expt2020_017_setIII_STLC_GM132_DMSO_mKate2-Astrin_Nuf2-GFP_GFP_mCherry_04_R3D_D3D_Z08_C1_T0.tif,3865.0294588183374,2798.6075
183,8_5,21,8535.761904761905,Expt2020_017_setIII_STLC_GM132_DMSO_mKate2-Astrin_Nuf2-GFP_GFP_mCherry_04_R3D_D3D_Z08_C0_T0.tif,4819.019736448038,3492.5825,8431.047619047618,Expt2020_017_setIII_STLC_GM132_DMSO_mKate2-Astrin_Nuf2-GFP_GFP_mCherry_04_R3D_D3D_Z08_C1_T0.tif,3865.0294588183374,2798.6075
184,8_6,12,8446.75,Expt2020_017_setIII_STLC_GM132_DMSO_mKate2-Astrin_Nuf2-GFP_GFP_mCherry_04_R3D_D3D_Z08_C0_T0.tif,4819.019736448038,3492.5825,8496.166666666666,Expt2020_017_setIII_STLC_GM132_DMSO_mKate2-Astrin_Nuf2-GFP_GFP_mCherry_04_R3D_D3D_Z08_C1_T0.tif,3865.0294588183374,2798.6075
185,8_7,36,8606.888888888889,Expt2020_017_setIII_STLC_GM132_DMSO_mKate2-Astrin_Nuf2-GFP_GFP_mCherry_04_R3D_D3D_Z08_C0_T0.tif,4819.019736448038,3492.5825,6873.111111111111,Expt2020_017_setIII_STLC_GM132_DMSO_mKate2-Astrin_Nuf2-GFP_GFP_mCherry_04_R3D_D3D_Z08_C1_T0.tif,3865.0294588183374,2798.6075
186,8_8,8,8500.5,Expt2020_017_setIII_STLC_GM132_DMSO_mKate2-Astrin_Nuf2-GFP_GFP_mCherry_04_R3D_D3D_Z08_C0_T0.tif,4819.019736448038,3492.5825,5464.375,Expt2020_017_setIII_STLC_GM132_DMSO_mKate2-Astrin_Nuf2-GFP_GFP_mCherry_04_R3D_D3D_Z08_C1_T0.tif,3865.0294588183374,2798.6075
187,8_9,48,9156.041666666666,Expt2020_017_setIII_STLC_GM132_DMSO_mKate2-Astrin_Nuf2-GFP_GFP_mCherry_04_R3D_D3D_Z08_C0_T0.tif,4819.019736448038,3492.5825,6729.5,Expt2020_017_setIII_STLC_GM132_DMSO_mKate2-Astrin_Nuf2-GFP_GFP_mCherry_04_R3D_D3D_Z08_C1_T0.tif,3865.0294588183374,2798.6075
188,8_10,24,8769.875,Expt2020_017_setIII_STLC_GM132_DMSO_mKate2-Astrin_Nuf2-GFP_GFP_mCherry_04_R3D_D3D_Z08_C0_T0.tif,4819.019736448038,3492.5825,7034.708333333333,Expt2020_017_setIII_STLC_GM132_DMSO_mKate2-Astrin_Nuf2-GFP_GFP_mCherry_04_R3D_D3D_Z08_C1_T0.tif,3865.0294588183374,2798.6075
189,8_11,16,8251.4375,Expt2020_017_setIII_STLC_GM132_DMSO_mKate2-Astrin_Nuf2-GFP_GFP_mCherry_04_R3D_D3D_Z08_C0_T0.tif,4819.019736448038,3492.5825,5140.0625,Expt2020_017_setIII_STLC_GM132_DMSO_mKate2-Astrin_Nuf2-GFP_GFP_mCherry_04_R3D_D3D_Z08_C1_T0.tif,3865.0294588183374,2798.6075
190,8_12,8,8428.25,Expt2020_017_setIII_STLC_GM132_DMSO_mKate2-Astrin_Nuf2-GFP_GFP_mCherry_04_R3D_D3D_Z08_C0_T0.tif,4819.019736448038,3492.5825,13222.375,Expt2020_017_setIII_STLC_GM132_DMSO_mKate2-Astrin_Nuf2-GFP_GFP_mCherry_04_R3D_D3D_Z08_C1_T0.tif,3865.0294588183374,2798.6075
191,8_13,21,8538.047619047618,Expt2020_017_setIII_STLC_GM132_DMSO_mKate2-Astrin_Nuf2-GFP_GFP_mCherry_04_R3D_D3D_Z08_C0_T0.tif,4819.019736448038,3492.5825,7107.190476190476,Expt2020_017_setIII_STLC_GM132_DMSO_mKate2-Astrin_Nuf2-GFP_GFP_mCherry_04_R3D_D3D_Z08_C1_T0.tif,3865.0294588183374,2798.6075
192,8_14,11,8259.454545454546,Expt2020_017_setIII_STLC_GM132_DMSO_mKate2-Astrin_Nuf2-GFP_GFP_mCherry_04_R3D_D3D_Z08_C0_T0.tif,4819.019736448038,3492.5825,6898.272727272727,Expt2020_017_setIII_STLC_GM132_DMSO_mKate2-Astrin_Nuf2-GFP_GFP_mCherry_04_R3D_D3D_Z08_C1_T0.tif,3865.0294588183374,2798.6075
193,8_15,43,8888.651162790698,Expt2020_017_setIII_STLC_GM132_DMSO_mKate2-Astrin_Nuf2-GFP_GFP_mCherry_04_R3D_D3D_Z08_C0_T0.tif,4819.019736448038,3492.5825,7335.906976744186,Expt2020_017_setIII_STLC_GM132_DMSO_mKate2-Astrin_Nuf2-GFP_GFP_mCherry_04_R3D_D3D_Z08_C1_T0.tif,3865.0294588183374,2798.6075
194,8_16,40,8924.975,Expt2020_017_setIII_STLC_GM132_DMSO_mKate2-Astrin_Nuf2-GFP_GFP_mCherry_04_R3D_D3D_Z08_C0_T0.tif,4819.019736448038,3492.5825,6423.125,Expt2020_017_setIII_STLC_GM132_DMSO_mKate2-Astrin_Nuf2-GFP_GFP_mCherry_04_R3D_D3D_Z08_C1_T0.tif,3865.0294588183374,2798.6075
195,8_17,24,8316.625,Expt2020_017_setIII_STLC_GM132_DMSO_mKate2-Astrin_Nuf2-GFP_GFP_mCherry_04_R3D_D3D_Z08_C0_T0.tif,4819.019736448038,3492.5825,7281.833333333333,Expt2020_017_setIII_STLC_GM132_DMSO_mKate2-Astrin_Nuf2-GFP_GFP_mCherry_04_R3D_D3D_Z08_C1_T0.tif,3865.0294588183374,2798.6075
196,8_18,44,10007.795454545454,Expt2020_017_setIII_STLC_GM132_DMSO_mKate2-Astrin_Nuf2-GFP_GFP_mCherry_04_R3D_D3D_Z08_C0_T0.tif,4819.019736448038,3492.5825,5181.477272727273,Expt2020_017_setIII_STLC_GM132_DMSO_mKate2-Astrin_Nuf2-GFP_GFP_mCherry_04_R3D_D3D_Z08_C1_T0.tif,3865.0294588183374,2798.6075
197,8_19,21,8024.142857142857,Expt2020_017_setIII_STLC_GM132_DMSO_mKate2-Astrin_Nuf2-GFP_GFP_mCherry_04_R3D_D3D_Z08_C0_T0.tif,4819.019736448038,3492.5825,6225.238095238095,Expt2020_017_setIII_STLC_GM132_DMSO_mKate2-Astrin_Nuf2-GFP_GFP_mCherry_04_R3D_D3D_Z08_C1_T0.tif,3865.0294588183374,2798.6075
198,8_20,19,8517.78947368421,Expt2020_017_setIII_STLC_GM132_DMSO_mKate2-Astrin_Nuf2-GFP_GFP_mCherry_04_R3D_D3D_Z08_C0_T0.tif,4819.019736448038,3492.5825,5900.526315789473,Expt2020_017_setIII_STLC_GM132_DMSO_mKate2-Astrin_Nuf2-GFP_GFP_mCherry_04_R3D_D3D_Z08_C1_T0.tif,3865.0294588183374,2798.6075
199,8_21,12,8057.333333333333,Expt2020_017_setIII_STLC_GM132_DMSO_mKate2-Astrin_Nuf2-GFP_GFP_mCherry_04_R3D_D3D_Z08_C0_T0.tif,4819.019736448038,3492.5825,6403.416666666667,Expt2020_017_setIII_STLC_GM132_DMSO_mKate2-Astrin_Nuf2-GFP_GFP_mCherry_04_R3D_D3D_Z08_C1_T0.tif,3865.0294588183374,2798.6075
200,9_1,10,8928.3,Expt2020_017_setIII_STLC_GM132_DMSO_mKate2-Astrin_Nuf2-GFP_GFP_mCherry_04_R3D_D3D_Z09_C0_T0.tif,4813.755121716076,3520.125,5488.7,Expt2020_017_setIII_STLC_GM132_DMSO_mKate2-Astrin_Nuf2-GFP_GFP_mCherry_04_R3D_D3D_Z09_C1_T0.tif,3872.5862445414846,2857.65
201,9_2,22,7991.590909090909,Expt2020_017_setIII_STLC_GM132_DMSO_mKate2-Astrin_Nuf2-GFP_GFP_mCherry_04_R3D_D3D_Z09_C0_T0.tif,4813.755121716076,3520.125,6073.636363636364,Expt2020_017_setIII_STLC_GM132_DMSO_mKate2-Astrin_Nuf2-GFP_GFP_mCherry_04_R3D_D3D_Z09_C1_T0.tif,3872.5862445414846,2857.65
202,9_3,36,8463.305555555555,Expt2020_017_setIII_STLC_GM132_DMSO_mKate2-Astrin_Nuf2-GFP_GFP_mCherry_04_R3D_D3D_Z09_C0_T0.tif,4813.755121716076,3520.125,6418.694444444444,Expt2020_017_setIII_STLC_GM132_DMSO_mKate2-Astrin_Nuf2-GFP_GFP_mCherry_04_R3D_D3D_Z09_C1_T0.tif,3872.5862445414846,2857.65
203,9_4,45,8259.288888888888,Expt2020_017_setIII_STLC_GM132_DMSO_mKate2-Astrin_Nuf2-GFP_GFP_mCherry_04_R3D_D3D_Z09_C0_T0.tif,4813.755121716076,3520.125,5861.511111111111,Expt2020_017_setIII_STLC_GM132_DMSO_mKate2-Astrin_Nuf2-GFP_GFP_mCherry_04_R3D_D3D_Z09_C1_T0.tif,3872.5862445414846,2857.65
204,9_5,38,9587.526315789473,Expt2020_017_setIII_STLC_GM132_DMSO_mKate2-Astrin_Nuf2-GFP_GFP_mCherry_04_R3D_D3D_Z09_C0_T0.tif,4813.755121716076,3520.125,5589.578947368421,Expt2020_017_setIII_STLC_GM132_DMSO_mKate2-Astrin_Nuf2-GFP_GFP_mCherry_04_R3D_D3D_Z09_C1_T0.tif,3872.5862445414846,2857.65
205,9_6,16,7679.375,Expt2020_017_setIII_STLC_GM132_DMSO_mKate2-Astrin_Nuf2-GFP_GFP_mCherry_04_R3D_D3D_Z09_C0_T0.tif,4813.755121716076,3520.125,4805.3125,Expt2020_017_setIII_STLC_GM132_DMSO_mKate2-Astrin_Nuf2-GFP_GFP_mCherry_04_R3D_D3D_Z09_C1_T0.tif,3872.5862445414846,2857.65
206,9_7,12,8124.833333333333,Expt2020_017_setIII_STLC_GM132_DMSO_mKate2-Astrin_Nuf2-GFP_GFP_mCherry_04_R3D_D3D_Z09_C0_T0.tif,4813.755121716076,3520.125,9571.333333333334,Expt2020_017_setIII_STLC_GM132_DMSO_mKate2-Astrin_Nuf2-GFP_GFP_mCherry_04_R3D_D3D_Z09_C1_T0.tif,3872.5862445414846,2857.65
207,9_8,26,8481.076923076924,Expt2020_017_setIII_STLC_GM132_DMSO_mKate2-Astrin_Nuf2-GFP_GFP_mCherry_04_R3D_D3D_Z09_C0_T0.tif,4813.755121716076,3520.125,7362.538461538462,Expt2020_017_setIII_STLC_GM132_DMSO_mKate2-Astrin_Nuf2-GFP_GFP_mCherry_04_R3D_D3D_Z09_C1_T0.tif,3872.5862445414846,2857.65
208,9_9,35,8350.228571428572,Expt2020_017_setIII_STLC_GM132_DMSO_mKate2-Astrin_Nuf2-GFP_GFP_mCherry_04_R3D_D3D_Z09_C0_T0.tif,4813.755121716076,3520.125,6245.571428571428,Expt2020_017_setIII_STLC_GM132_DMSO_mKate2-Astrin_Nuf2-GFP_GFP_mCherry_04_R3D_D3D_Z09_C1_T0.tif,3872.5862445414846,2857.65
209,9_10,26,8146.153846153846,Expt2020_017_setIII_STLC_GM132_DMSO_mKate2-Astrin_Nuf2-GFP_GFP_mCherry_04_R3D_D3D_Z09_C0_T0.tif,4813.755121716076,3520.125,6678.153846153846,Expt2020_017_setIII_STLC_GM132_DMSO_mKate2-Astrin_Nuf2-GFP_GFP_mCherry_04_R3D_D3D_Z09_C1_T0.tif,3872.5862445414846,2857.65
210,9_11,57,9031.61403508772,Expt2020_017_setIII_STLC_GM132_DMSO_mKate2-Astrin_Nuf2-GFP_GFP_mCherry_04_R3D_D3D_Z09_C0_T0.tif,4813.755121716076,3520.125,6569.228070175439,Expt2020_017_setIII_STLC_GM132_DMSO_mKate2-Astrin_Nuf2-GFP_GFP_mCherry_04_R3D_D3D_Z09_C1_T0.tif,3872.5862445414846,2857.65
211,9_12,26,8039.692307692308,Expt2020_017_setIII_STLC_GM132_DMSO_mKate2-Astrin_Nuf2-GFP_GFP_mCherry_04_R3D_D3D_Z09_C0_T0.tif,4813.755121716076,3520.125,7175.807692307692,Expt2020_017_setIII_STLC_GM132_DMSO_mKate2-Astrin_Nuf2-GFP_GFP_mCherry_04_R3D_D3D_Z09_C1_T0.tif,3872.5862445414846,2857.65
212,9_13,16,8024.625,Expt2020_017_setIII_STLC_GM132_DMSO_mKate2-Astrin_Nuf2-GFP_GFP_mCherry_04_R3D_D3D_Z09_C0_T0.tif,4813.755121716076,3520.125,5965.875,Expt2020_017_setIII_STLC_GM132_DMSO_mKate2-Astrin_Nuf2-GFP_GFP_mCherry_04_R3D_D3D_Z09_C1_T0.tif,3872.5862445414846,2857.65
213,9_14,42,8709.047619047618,Expt2020_017_setIII_STLC_GM132_DMSO_mKate2-Astrin_Nuf2-GFP_GFP_mCherry_04_R3D_D3D_Z09_C0_T0.tif,4813.755121716076,3520.125,7295.833333333333,Expt2020_017_setIII_STLC_GM132_DMSO_mKate2-Astrin_Nuf2-GFP_GFP_mCherry_04_R3D_D3D_Z09_C1_T0.tif,3872.5862445414846,2857.65
214,9_15,12,7837.166666666667,Expt2020_017_setIII_STLC_GM132_DMSO_mKate2-Astrin_Nuf2-GFP_GFP_mCherry_04_R3D_D3D_Z09_C0_T0.tif,4813.755121716076,3520.125,5785.083333333333,Expt2020_017_setIII_STLC_GM132_DMSO_mKate2-Astrin_Nuf2-GFP_GFP_mCherry_04_R3D_D3D_Z09_C1_T0.tif,3872.5862445414846,2857.65
215,9_16,8,7506.375,Expt2020_017_setIII_STLC_GM132_DMSO_mKate2-Astrin_Nuf2-GFP_GFP_mCherry_04_R3D_D3D_Z09_C0_T0.tif,4813.755121716076,3520.125,6247.0,Expt2020_017_setIII_STLC_GM132_DMSO_mKate2-Astrin_Nuf2-GFP_GFP_mCherry_04_R3D_D3D_Z09_C1_T0.tif,3872.5862445414846,2857.65
216,9_17,12,8152.583333333333,Expt2020_017_setIII_STLC_GM132_DMSO_mKate2-Astrin_Nuf2-GFP_GFP_mCherry_04_R3D_D3D_Z09_C0_T0.tif,4813.755121716076,3520.125,9611.0,Expt2020_017_setIII_STLC_GM132_DMSO_mKate2-Astrin_Nuf2-GFP_GFP_mCherry_04_R3D_D3D_Z09_C1_T0.tif,3872.5862445414846,2857.65
217,9_18,28,8379.392857142857,Expt2020_017_setIII_STLC_GM132_DMSO_mKate2-Astrin_Nuf2-GFP_GFP_mCherry_04_R3D_D3D_Z09_C0_T0.tif,4813.755121716076,3520.125,7998.142857142857,Expt2020_017_setIII_STLC_GM132_DMSO_mKate2-Astrin_Nuf2-GFP_GFP_mCherry_04_R3D_D3D_Z09_C1_T0.tif,3872.5862445414846,2857.65
218,9_19,43,8477.651162790698,Expt2020_017_setIII_STLC_GM132_DMSO_mKate2-Astrin_Nuf2-GFP_GFP_mCherry_04_R3D_D3D_Z09_C0_T0.tif,4813.755121716076,3520.125,6463.046511627907,Expt2020_017_setIII_STLC_GM132_DMSO_mKate2-Astrin_Nuf2-GFP_GFP_mCherry_04_R3D_D3D_Z09_C1_T0.tif,3872.5862445414846,2857.65
219,9_20,38,9251.631578947368,Expt2020_017_setIII_STLC_GM132_DMSO_mKate2-Astrin_Nuf2-GFP_GFP_mCherry_04_R3D_D3D_Z09_C0_T0.tif,4813.755121716076,3520.125,7631.0526315789475,Expt2020_017_setIII_STLC_GM132_DMSO_mKate2-Astrin_Nuf2-GFP_GFP_mCherry_04_R3D_D3D_Z09_C1_T0.tif,3872.5862445414846,2857.65
220,9_21,8,7767.125,Expt2020_017_setIII_STLC_GM132_DMSO_mKate2-Astrin_Nuf2-GFP_GFP_mCherry_04_R3D_D3D_Z09_C0_T0.tif,4813.755121716076,3520.125,7159.0,Expt2020_017_setIII_STLC_GM132_DMSO_mKate2-Astrin_Nuf2-GFP_GFP_mCherry_04_R3D_D3D_Z09_C1_T0.tif,3872.5862445414846,2857.65
221,9_22,10,8310.5,Expt2020_017_setIII_STLC_GM132_DMSO_mKate2-Astrin_Nuf2-GFP_GFP_mCherry_04_R3D_D3D_Z09_C0_T0.tif,4813.755121716076,3520.125,6610.9,Expt2020_017_setIII_STLC_GM132_DMSO_mKate2-Astrin_Nuf2-GFP_GFP_mCherry_04_R3D_D3D_Z09_C1_T0.tif,3872.5862445414846,2857.65
222,9_23,20,8077.95,Expt2020_017_setIII_STLC_GM132_DMSO_mKate2-Astrin_Nuf2-GFP_GFP_mCherry_04_R3D_D3D_Z09_C0_T0.tif,4813.755121716076,3520.125,7168.6,Expt2020_017_setIII_STLC_GM132_DMSO_mKate2-Astrin_Nuf2-GFP_GFP_mCherry_04_R3D_D3D_Z09_C1_T0.tif,3872.5862445414846,2857.65
223,9_24,21,8469.47619047619,Expt2020_017_setIII_STLC_GM132_DMSO_mKate2-Astrin_Nuf2-GFP_GFP_mCherry_04_R3D_D3D_Z09_C0_T0.tif,4813.755121716076,3520.125,7172.809523809524,Expt2020_017_setIII_STLC_GM132_DMSO_mKate2-Astrin_Nuf2-GFP_GFP_mCherry_04_R3D_D3D_Z09_C1_T0.tif,3872.5862445414846,2857.65
224,9_25,16,7927.6875,Expt2020_017_setIII_STLC_GM132_DMSO_mKate2-Astrin_Nuf2-GFP_GFP_mCherry_04_R3D_D3D_Z09_C0_T0.tif,4813.755121716076,3520.125,5351.875,Expt2020_017_setIII_STLC_GM132_DMSO_mKate2-Astrin_Nuf2-GFP_GFP_mCherry_04_R3D_D3D_Z09_C1_T0.tif,3872.5862445414846,2857.65
225,9_26,50,9756.28,Expt2020_017_setIII_STLC_GM132_DMSO_mKate2-Astrin_Nuf2-GFP_GFP_mCherry_04_R3D_D3D_Z09_C0_T0.tif,4813.755121716076,3520.125,5042.92,Expt2020_017_setIII_STLC_GM132_DMSO_mKate2-Astrin_Nuf2-GFP_GFP_mCherry_04_R3D_D3D_Z09_C1_T0.tif,3872.5862445414846,2857.65
226,9_27,16,8411.0,Expt2020_017_setIII_STLC_GM132_DMSO_mKate2-Astrin_Nuf2-GFP_GFP_mCherry_04_R3D_D3D_Z09_C0_T0.tif,4813.755121716076,3520.125,4834.75,Expt2020_017_setIII_STLC_GM132_DMSO_mKate2-Astrin_Nuf2-GFP_GFP_mCherry_04_R3D_D3D_Z09_C1_T0.tif,3872.5862445414846,2857.65
227,9_28,16,7680.3125,Expt2020_017_setIII_STLC_GM132_DMSO_mKate2-Astrin_Nuf2-GFP_GFP_mCherry_04_R3D_D3D_Z09_C0_T0.tif,4813.755121716076,3520.125,7184.0,Expt2020_017_setIII_STLC_GM132_DMSO_mKate2-Astrin_Nuf2-GFP_GFP_mCherry_04_R3D_D3D_Z09_C1_T0.tif,3872.5862445414846,2857.65
