,label,mean_intensity_YFP_astrin,fname_YFP_astrin,mean_intensity_CENP_B_ds_red,fname_CENP_B_ds_red,YFP_astrin_cyto,CENP_B_ds_red_cyto,YFP_astrin_bg,CENP_B_ds_red_bg
0,0_1,16650.02162162162,Exp2018_032_IV_HeLa_MG132_YFP-AstrinWT_CENPB-dsRed_GFP_mcherry03_R3D_D3D_Z0_C1_T00.tif,12915.145945945946,Exp2018_032_IV_HeLa_MG132_YFP-AstrinWT_CENPB-dsRed_GFP_mcherry03_R3D_D3D_Z0_C0_T00.tif,10995.308969210175,13426.90275908479,7471.1325,9396.55
1,0_2,17340.42661448141,Exp2018_032_IV_HeLa_MG132_YFP-AstrinWT_CENPB-dsRed_GFP_mcherry03_R3D_D3D_Z0_C1_T00.tif,13997.841487279844,Exp2018_032_IV_HeLa_MG132_YFP-AstrinWT_CENPB-dsRed_GFP_mcherry03_R3D_D3D_Z0_C0_T00.tif,10995.308969210175,13426.90275908479,7471.1325,9396.55
2,0_3,12974.25,Exp2018_032_IV_HeLa_MG132_YFP-AstrinWT_CENPB-dsRed_GFP_mcherry03_R3D_D3D_Z0_C1_T00.tif,11361.25,Exp2018_032_IV_HeLa_MG132_YFP-AstrinWT_CENPB-dsRed_GFP_mcherry03_R3D_D3D_Z0_C0_T00.tif,10995.308969210175,13426.90275908479,7471.1325,9396.55
3,0_4,17305.79736408567,Exp2018_032_IV_HeLa_MG132_YFP-AstrinWT_CENPB-dsRed_GFP_mcherry03_R3D_D3D_Z0_C1_T00.tif,13696.546952224053,Exp2018_032_IV_HeLa_MG132_YFP-AstrinWT_CENPB-dsRed_GFP_mcherry03_R3D_D3D_Z0_C0_T00.tif,10995.308969210175,13426.90275908479,7471.1325,9396.55
4,0_5,14560.0,Exp2018_032_IV_HeLa_MG132_YFP-AstrinWT_CENPB-dsRed_GFP_mcherry03_R3D_D3D_Z0_C1_T00.tif,10804.5,Exp2018_032_IV_HeLa_MG132_YFP-AstrinWT_CENPB-dsRed_GFP_mcherry03_R3D_D3D_Z0_C0_T00.tif,10995.308969210175,13426.90275908479,7471.1325,9396.55
5,0_6,14879.857142857143,Exp2018_032_IV_HeLa_MG132_YFP-AstrinWT_CENPB-dsRed_GFP_mcherry03_R3D_D3D_Z0_C1_T00.tif,14735.714285714286,Exp2018_032_IV_HeLa_MG132_YFP-AstrinWT_CENPB-dsRed_GFP_mcherry03_R3D_D3D_Z0_C0_T00.tif,10995.308969210175,13426.90275908479,7471.1325,9396.55
6,0_7,14664.0,Exp2018_032_IV_HeLa_MG132_YFP-AstrinWT_CENPB-dsRed_GFP_mcherry03_R3D_D3D_Z0_C1_T00.tif,12041.5,Exp2018_032_IV_HeLa_MG132_YFP-AstrinWT_CENPB-dsRed_GFP_mcherry03_R3D_D3D_Z0_C0_T00.tif,10995.308969210175,13426.90275908479,7471.1325,9396.55
7,1_1,15562.297777777778,Exp2018_032_IV_HeLa_MG132_YFP-AstrinWT_CENPB-dsRed_GFP_mcherry03_R3D_D3D_Z0_C1_T01.tif,12816.195555555556,Exp2018_032_IV_HeLa_MG132_YFP-AstrinWT_CENPB-dsRed_GFP_mcherry03_R3D_D3D_Z0_C0_T01.tif,10995.308969210175,13426.90275908479,7471.1325,9396.55
8,1_2,16507.89278055754,Exp2018_032_IV_HeLa_MG132_YFP-AstrinWT_CENPB-dsRed_GFP_mcherry03_R3D_D3D_Z0_C1_T01.tif,13618.774839170836,Exp2018_032_IV_HeLa_MG132_YFP-AstrinWT_CENPB-dsRed_GFP_mcherry03_R3D_D3D_Z0_C0_T01.tif,10995.308969210175,13426.90275908479,7471.1325,9396.55
9,1_3,12676.5,Exp2018_032_IV_HeLa_MG132_YFP-AstrinWT_CENPB-dsRed_GFP_mcherry03_R3D_D3D_Z0_C1_T01.tif,12770.25,Exp2018_032_IV_HeLa_MG132_YFP-AstrinWT_CENPB-dsRed_GFP_mcherry03_R3D_D3D_Z0_C0_T01.tif,10995.308969210175,13426.90275908479,7471.1325,9396.55
10,1_4,11849.9,Exp2018_032_IV_HeLa_MG132_YFP-AstrinWT_CENPB-dsRed_GFP_mcherry03_R3D_D3D_Z0_C1_T01.tif,13215.4,Exp2018_032_IV_HeLa_MG132_YFP-AstrinWT_CENPB-dsRed_GFP_mcherry03_R3D_D3D_Z0_C0_T01.tif,10995.308969210175,13426.90275908479,7471.1325,9396.55
11,1_5,11711.357142857143,Exp2018_032_IV_HeLa_MG132_YFP-AstrinWT_CENPB-dsRed_GFP_mcherry03_R3D_D3D_Z0_C1_T01.tif,13447.07142857143,Exp2018_032_IV_HeLa_MG132_YFP-AstrinWT_CENPB-dsRed_GFP_mcherry03_R3D_D3D_Z0_C0_T01.tif,10995.308969210175,13426.90275908479,7471.1325,9396.55
12,1_6,13481.0,Exp2018_032_IV_HeLa_MG132_YFP-AstrinWT_CENPB-dsRed_GFP_mcherry03_R3D_D3D_Z0_C1_T01.tif,11251.0,Exp2018_032_IV_HeLa_MG132_YFP-AstrinWT_CENPB-dsRed_GFP_mcherry03_R3D_D3D_Z0_C0_T01.tif,10995.308969210175,13426.90275908479,7471.1325,9396.55
13,1_7,13251.666666666666,Exp2018_032_IV_HeLa_MG132_YFP-AstrinWT_CENPB-dsRed_GFP_mcherry03_R3D_D3D_Z0_C1_T01.tif,10757.733333333334,Exp2018_032_IV_HeLa_MG132_YFP-AstrinWT_CENPB-dsRed_GFP_mcherry03_R3D_D3D_Z0_C0_T01.tif,10995.308969210175,13426.90275908479,7471.1325,9396.55
14,1_8,11708.833333333334,Exp2018_032_IV_HeLa_MG132_YFP-AstrinWT_CENPB-dsRed_GFP_mcherry03_R3D_D3D_Z0_C1_T01.tif,12279.416666666666,Exp2018_032_IV_HeLa_MG132_YFP-AstrinWT_CENPB-dsRed_GFP_mcherry03_R3D_D3D_Z0_C0_T01.tif,10995.308969210175,13426.90275908479,7471.1325,9396.55
15,1_9,13184.75,Exp2018_032_IV_HeLa_MG132_YFP-AstrinWT_CENPB-dsRed_GFP_mcherry03_R3D_D3D_Z0_C1_T01.tif,12989.0,Exp2018_032_IV_HeLa_MG132_YFP-AstrinWT_CENPB-dsRed_GFP_mcherry03_R3D_D3D_Z0_C0_T01.tif,10995.308969210175,13426.90275908479,7471.1325,9396.55
16,1_10,12834.3,Exp2018_032_IV_HeLa_MG132_YFP-AstrinWT_CENPB-dsRed_GFP_mcherry03_R3D_D3D_Z0_C1_T01.tif,11206.0,Exp2018_032_IV_HeLa_MG132_YFP-AstrinWT_CENPB-dsRed_GFP_mcherry03_R3D_D3D_Z0_C0_T01.tif,10995.308969210175,13426.90275908479,7471.1325,9396.55
17,1_11,13627.083333333334,Exp2018_032_IV_HeLa_MG132_YFP-AstrinWT_CENPB-dsRed_GFP_mcherry03_R3D_D3D_Z0_C1_T01.tif,13680.833333333334,Exp2018_032_IV_HeLa_MG132_YFP-AstrinWT_CENPB-dsRed_GFP_mcherry03_R3D_D3D_Z0_C0_T01.tif,10995.308969210175,13426.90275908479,7471.1325,9396.55
18,2_1,15890.052631578947,Exp2018_032_IV_HeLa_MG132_YFP-AstrinWT_CENPB-dsRed_GFP_mcherry03_R3D_D3D_Z0_C1_T02.tif,12847.592105263158,Exp2018_032_IV_HeLa_MG132_YFP-AstrinWT_CENPB-dsRed_GFP_mcherry03_R3D_D3D_Z0_C0_T02.tif,10995.308969210175,13426.90275908479,7471.1325,9396.55
19,2_2,17581.64461247637,Exp2018_032_IV_HeLa_MG132_YFP-AstrinWT_CENPB-dsRed_GFP_mcherry03_R3D_D3D_Z0_C1_T02.tif,13735.45179584121,Exp2018_032_IV_HeLa_MG132_YFP-AstrinWT_CENPB-dsRed_GFP_mcherry03_R3D_D3D_Z0_C0_T02.tif,10995.308969210175,13426.90275908479,7471.1325,9396.55
20,2_3,15102.5,Exp2018_032_IV_HeLa_MG132_YFP-AstrinWT_CENPB-dsRed_GFP_mcherry03_R3D_D3D_Z0_C1_T02.tif,13278.75,Exp2018_032_IV_HeLa_MG132_YFP-AstrinWT_CENPB-dsRed_GFP_mcherry03_R3D_D3D_Z0_C0_T02.tif,10995.308969210175,13426.90275908479,7471.1325,9396.55
21,2_4,17573.993103448276,Exp2018_032_IV_HeLa_MG132_YFP-AstrinWT_CENPB-dsRed_GFP_mcherry03_R3D_D3D_Z0_C1_T02.tif,13651.565517241379,Exp2018_032_IV_HeLa_MG132_YFP-AstrinWT_CENPB-dsRed_GFP_mcherry03_R3D_D3D_Z0_C0_T02.tif,10995.308969210175,13426.90275908479,7471.1325,9396.55
22,2_5,17738.065375302664,Exp2018_032_IV_HeLa_MG132_YFP-AstrinWT_CENPB-dsRed_GFP_mcherry03_R3D_D3D_Z0_C1_T02.tif,13336.57627118644,Exp2018_032_IV_HeLa_MG132_YFP-AstrinWT_CENPB-dsRed_GFP_mcherry03_R3D_D3D_Z0_C0_T02.tif,10995.308969210175,13426.90275908479,7471.1325,9396.55
23,3_1,16636.029069767443,Exp2018_032_IV_HeLa_MG132_YFP-AstrinWT_CENPB-dsRed_GFP_mcherry03_R3D_D3D_Z0_C1_T03.tif,13438.331395348838,Exp2018_032_IV_HeLa_MG132_YFP-AstrinWT_CENPB-dsRed_GFP_mcherry03_R3D_D3D_Z0_C0_T03.tif,10995.308969210175,13426.90275908479,7471.1325,9396.55
24,3_2,14099.0,Exp2018_032_IV_HeLa_MG132_YFP-AstrinWT_CENPB-dsRed_GFP_mcherry03_R3D_D3D_Z0_C1_T03.tif,13389.75,Exp2018_032_IV_HeLa_MG132_YFP-AstrinWT_CENPB-dsRed_GFP_mcherry03_R3D_D3D_Z0_C0_T03.tif,10995.308969210175,13426.90275908479,7471.1325,9396.55
25,3_3,14227.238095238095,Exp2018_032_IV_HeLa_MG132_YFP-AstrinWT_CENPB-dsRed_GFP_mcherry03_R3D_D3D_Z0_C1_T03.tif,13862.666666666666,Exp2018_032_IV_HeLa_MG132_YFP-AstrinWT_CENPB-dsRed_GFP_mcherry03_R3D_D3D_Z0_C0_T03.tif,10995.308969210175,13426.90275908479,7471.1325,9396.55
26,3_4,16454.0094637224,Exp2018_032_IV_HeLa_MG132_YFP-AstrinWT_CENPB-dsRed_GFP_mcherry03_R3D_D3D_Z0_C1_T03.tif,13718.337539432177,Exp2018_032_IV_HeLa_MG132_YFP-AstrinWT_CENPB-dsRed_GFP_mcherry03_R3D_D3D_Z0_C0_T03.tif,10995.308969210175,13426.90275908479,7471.1325,9396.55
27,3_5,12850.375,Exp2018_032_IV_HeLa_MG132_YFP-AstrinWT_CENPB-dsRed_GFP_mcherry03_R3D_D3D_Z0_C1_T03.tif,10804.875,Exp2018_032_IV_HeLa_MG132_YFP-AstrinWT_CENPB-dsRed_GFP_mcherry03_R3D_D3D_Z0_C0_T03.tif,10995.308969210175,13426.90275908479,7471.1325,9396.55
28,3_6,17477.654596100278,Exp2018_032_IV_HeLa_MG132_YFP-AstrinWT_CENPB-dsRed_GFP_mcherry03_R3D_D3D_Z0_C1_T03.tif,13337.064066852368,Exp2018_032_IV_HeLa_MG132_YFP-AstrinWT_CENPB-dsRed_GFP_mcherry03_R3D_D3D_Z0_C0_T03.tif,10995.308969210175,13426.90275908479,7471.1325,9396.55
29,4_1,12248.75,Exp2018_032_IV_HeLa_MG132_YFP-AstrinWT_CENPB-dsRed_GFP_mcherry03_R3D_D3D_Z0_C1_T04.tif,10828.25,Exp2018_032_IV_HeLa_MG132_YFP-AstrinWT_CENPB-dsRed_GFP_mcherry03_R3D_D3D_Z0_C0_T04.tif,10995.308969210175,13426.90275908479,7471.1325,9396.55
30,4_2,16498.488597097443,Exp2018_032_IV_HeLa_MG132_YFP-AstrinWT_CENPB-dsRed_GFP_mcherry03_R3D_D3D_Z0_C1_T04.tif,13501.080856945404,Exp2018_032_IV_HeLa_MG132_YFP-AstrinWT_CENPB-dsRed_GFP_mcherry03_R3D_D3D_Z0_C0_T04.tif,10995.308969210175,13426.90275908479,7471.1325,9396.55
31,4_3,13731.0,Exp2018_032_IV_HeLa_MG132_YFP-AstrinWT_CENPB-dsRed_GFP_mcherry03_R3D_D3D_Z0_C1_T04.tif,13287.75,Exp2018_032_IV_HeLa_MG132_YFP-AstrinWT_CENPB-dsRed_GFP_mcherry03_R3D_D3D_Z0_C0_T04.tif,10995.308969210175,13426.90275908479,7471.1325,9396.55
32,4_4,14307.666666666666,Exp2018_032_IV_HeLa_MG132_YFP-AstrinWT_CENPB-dsRed_GFP_mcherry03_R3D_D3D_Z0_C1_T04.tif,12548.5,Exp2018_032_IV_HeLa_MG132_YFP-AstrinWT_CENPB-dsRed_GFP_mcherry03_R3D_D3D_Z0_C0_T04.tif,10995.308969210175,13426.90275908479,7471.1325,9396.55
33,4_5,14780.75,Exp2018_032_IV_HeLa_MG132_YFP-AstrinWT_CENPB-dsRed_GFP_mcherry03_R3D_D3D_Z0_C1_T04.tif,12534.75,Exp2018_032_IV_HeLa_MG132_YFP-AstrinWT_CENPB-dsRed_GFP_mcherry03_R3D_D3D_Z0_C0_T04.tif,10995.308969210175,13426.90275908479,7471.1325,9396.55
34,4_6,13915.75,Exp2018_032_IV_HeLa_MG132_YFP-AstrinWT_CENPB-dsRed_GFP_mcherry03_R3D_D3D_Z0_C1_T04.tif,11426.5,Exp2018_032_IV_HeLa_MG132_YFP-AstrinWT_CENPB-dsRed_GFP_mcherry03_R3D_D3D_Z0_C0_T04.tif,10995.308969210175,13426.90275908479,7471.1325,9396.55
35,5_1,16177.666666666666,Exp2018_032_IV_HeLa_MG132_YFP-AstrinWT_CENPB-dsRed_GFP_mcherry03_R3D_D3D_Z0_C1_T05.tif,13546.26895565093,Exp2018_032_IV_HeLa_MG132_YFP-AstrinWT_CENPB-dsRed_GFP_mcherry03_R3D_D3D_Z0_C0_T05.tif,10995.308969210175,13426.90275908479,7471.1325,9396.55
36,5_2,13055.375,Exp2018_032_IV_HeLa_MG132_YFP-AstrinWT_CENPB-dsRed_GFP_mcherry03_R3D_D3D_Z0_C1_T05.tif,12252.875,Exp2018_032_IV_HeLa_MG132_YFP-AstrinWT_CENPB-dsRed_GFP_mcherry03_R3D_D3D_Z0_C0_T05.tif,10995.308969210175,13426.90275908479,7471.1325,9396.55
37,5_3,11755.5,Exp2018_032_IV_HeLa_MG132_YFP-AstrinWT_CENPB-dsRed_GFP_mcherry03_R3D_D3D_Z0_C1_T05.tif,13031.75,Exp2018_032_IV_HeLa_MG132_YFP-AstrinWT_CENPB-dsRed_GFP_mcherry03_R3D_D3D_Z0_C0_T05.tif,10995.308969210175,13426.90275908479,7471.1325,9396.55
38,5_4,16135.651741293532,Exp2018_032_IV_HeLa_MG132_YFP-AstrinWT_CENPB-dsRed_GFP_mcherry03_R3D_D3D_Z0_C1_T05.tif,13449.149253731342,Exp2018_032_IV_HeLa_MG132_YFP-AstrinWT_CENPB-dsRed_GFP_mcherry03_R3D_D3D_Z0_C0_T05.tif,10995.308969210175,13426.90275908479,7471.1325,9396.55
39,5_5,12149.125,Exp2018_032_IV_HeLa_MG132_YFP-AstrinWT_CENPB-dsRed_GFP_mcherry03_R3D_D3D_Z0_C1_T05.tif,10399.375,Exp2018_032_IV_HeLa_MG132_YFP-AstrinWT_CENPB-dsRed_GFP_mcherry03_R3D_D3D_Z0_C0_T05.tif,10995.308969210175,13426.90275908479,7471.1325,9396.55
40,5_6,12659.25,Exp2018_032_IV_HeLa_MG132_YFP-AstrinWT_CENPB-dsRed_GFP_mcherry03_R3D_D3D_Z0_C1_T05.tif,12763.25,Exp2018_032_IV_HeLa_MG132_YFP-AstrinWT_CENPB-dsRed_GFP_mcherry03_R3D_D3D_Z0_C0_T05.tif,10995.308969210175,13426.90275908479,7471.1325,9396.55
41,5_7,12436.333333333334,Exp2018_032_IV_HeLa_MG132_YFP-AstrinWT_CENPB-dsRed_GFP_mcherry03_R3D_D3D_Z0_C1_T05.tif,10428.333333333334,Exp2018_032_IV_HeLa_MG132_YFP-AstrinWT_CENPB-dsRed_GFP_mcherry03_R3D_D3D_Z0_C0_T05.tif,10995.308969210175,13426.90275908479,7471.1325,9396.55
42,6_1,16479.895475819034,Exp2018_032_IV_HeLa_MG132_YFP-AstrinWT_CENPB-dsRed_GFP_mcherry03_R3D_D3D_Z0_C1_T06.tif,13450.761310452419,Exp2018_032_IV_HeLa_MG132_YFP-AstrinWT_CENPB-dsRed_GFP_mcherry03_R3D_D3D_Z0_C0_T06.tif,10995.308969210175,13426.90275908479,7471.1325,9396.55
43,6_2,12226.625,Exp2018_032_IV_HeLa_MG132_YFP-AstrinWT_CENPB-dsRed_GFP_mcherry03_R3D_D3D_Z0_C1_T06.tif,13101.375,Exp2018_032_IV_HeLa_MG132_YFP-AstrinWT_CENPB-dsRed_GFP_mcherry03_R3D_D3D_Z0_C0_T06.tif,10995.308969210175,13426.90275908479,7471.1325,9396.55
44,6_3,16999.373015873014,Exp2018_032_IV_HeLa_MG132_YFP-AstrinWT_CENPB-dsRed_GFP_mcherry03_R3D_D3D_Z0_C1_T06.tif,14019.746031746032,Exp2018_032_IV_HeLa_MG132_YFP-AstrinWT_CENPB-dsRed_GFP_mcherry03_R3D_D3D_Z0_C0_T06.tif,10995.308969210175,13426.90275908479,7471.1325,9396.55
45,6_4,16430.335034013606,Exp2018_032_IV_HeLa_MG132_YFP-AstrinWT_CENPB-dsRed_GFP_mcherry03_R3D_D3D_Z0_C1_T06.tif,13681.358843537415,Exp2018_032_IV_HeLa_MG132_YFP-AstrinWT_CENPB-dsRed_GFP_mcherry03_R3D_D3D_Z0_C0_T06.tif,10995.308969210175,13426.90275908479,7471.1325,9396.55
46,6_5,13115.5,Exp2018_032_IV_HeLa_MG132_YFP-AstrinWT_CENPB-dsRed_GFP_mcherry03_R3D_D3D_Z0_C1_T06.tif,13725.25,Exp2018_032_IV_HeLa_MG132_YFP-AstrinWT_CENPB-dsRed_GFP_mcherry03_R3D_D3D_Z0_C0_T06.tif,10995.308969210175,13426.90275908479,7471.1325,9396.55
47,7_1,16740.344525547443,Exp2018_032_IV_HeLa_MG132_YFP-AstrinWT_CENPB-dsRed_GFP_mcherry03_R3D_D3D_Z0_C1_T07.tif,13845.45401459854,Exp2018_032_IV_HeLa_MG132_YFP-AstrinWT_CENPB-dsRed_GFP_mcherry03_R3D_D3D_Z0_C0_T07.tif,10995.308969210175,13426.90275908479,7471.1325,9396.55
48,7_2,16591.959537572253,Exp2018_032_IV_HeLa_MG132_YFP-AstrinWT_CENPB-dsRed_GFP_mcherry03_R3D_D3D_Z0_C1_T07.tif,13859.971098265896,Exp2018_032_IV_HeLa_MG132_YFP-AstrinWT_CENPB-dsRed_GFP_mcherry03_R3D_D3D_Z0_C0_T07.tif,10995.308969210175,13426.90275908479,7471.1325,9396.55
49,7_3,17209.75,Exp2018_032_IV_HeLa_MG132_YFP-AstrinWT_CENPB-dsRed_GFP_mcherry03_R3D_D3D_Z0_C1_T07.tif,13509.61052631579,Exp2018_032_IV_HeLa_MG132_YFP-AstrinWT_CENPB-dsRed_GFP_mcherry03_R3D_D3D_Z0_C0_T07.tif,10995.308969210175,13426.90275908479,7471.1325,9396.55
50,7_4,13373.75,Exp2018_032_IV_HeLa_MG132_YFP-AstrinWT_CENPB-dsRed_GFP_mcherry03_R3D_D3D_Z0_C1_T07.tif,12455.25,Exp2018_032_IV_HeLa_MG132_YFP-AstrinWT_CENPB-dsRed_GFP_mcherry03_R3D_D3D_Z0_C0_T07.tif,10995.308969210175,13426.90275908479,7471.1325,9396.55
51,8_1,16156.35534591195,Exp2018_032_IV_HeLa_MG132_YFP-AstrinWT_CENPB-dsRed_GFP_mcherry03_R3D_D3D_Z0_C1_T08.tif,13363.5,Exp2018_032_IV_HeLa_MG132_YFP-AstrinWT_CENPB-dsRed_GFP_mcherry03_R3D_D3D_Z0_C0_T08.tif,10995.308969210175,13426.90275908479,7471.1325,9396.55
52,8_2,12079.5,Exp2018_032_IV_HeLa_MG132_YFP-AstrinWT_CENPB-dsRed_GFP_mcherry03_R3D_D3D_Z0_C1_T08.tif,12813.0,Exp2018_032_IV_HeLa_MG132_YFP-AstrinWT_CENPB-dsRed_GFP_mcherry03_R3D_D3D_Z0_C0_T08.tif,10995.308969210175,13426.90275908479,7471.1325,9396.55
53,8_3,12408.5,Exp2018_032_IV_HeLa_MG132_YFP-AstrinWT_CENPB-dsRed_GFP_mcherry03_R3D_D3D_Z0_C1_T08.tif,13141.0,Exp2018_032_IV_HeLa_MG132_YFP-AstrinWT_CENPB-dsRed_GFP_mcherry03_R3D_D3D_Z0_C0_T08.tif,10995.308969210175,13426.90275908479,7471.1325,9396.55
54,8_4,11720.375,Exp2018_032_IV_HeLa_MG132_YFP-AstrinWT_CENPB-dsRed_GFP_mcherry03_R3D_D3D_Z0_C1_T08.tif,13258.125,Exp2018_032_IV_HeLa_MG132_YFP-AstrinWT_CENPB-dsRed_GFP_mcherry03_R3D_D3D_Z0_C0_T08.tif,10995.308969210175,13426.90275908479,7471.1325,9396.55
55,8_5,12426.875,Exp2018_032_IV_HeLa_MG132_YFP-AstrinWT_CENPB-dsRed_GFP_mcherry03_R3D_D3D_Z0_C1_T08.tif,14180.875,Exp2018_032_IV_HeLa_MG132_YFP-AstrinWT_CENPB-dsRed_GFP_mcherry03_R3D_D3D_Z0_C0_T08.tif,10995.308969210175,13426.90275908479,7471.1325,9396.55
56,8_6,16093.307692307691,Exp2018_032_IV_HeLa_MG132_YFP-AstrinWT_CENPB-dsRed_GFP_mcherry03_R3D_D3D_Z0_C1_T08.tif,13554.158508158509,Exp2018_032_IV_HeLa_MG132_YFP-AstrinWT_CENPB-dsRed_GFP_mcherry03_R3D_D3D_Z0_C0_T08.tif,10995.308969210175,13426.90275908479,7471.1325,9396.55
57,8_7,13773.2,Exp2018_032_IV_HeLa_MG132_YFP-AstrinWT_CENPB-dsRed_GFP_mcherry03_R3D_D3D_Z0_C1_T08.tif,14437.4,Exp2018_032_IV_HeLa_MG132_YFP-AstrinWT_CENPB-dsRed_GFP_mcherry03_R3D_D3D_Z0_C0_T08.tif,10995.308969210175,13426.90275908479,7471.1325,9396.55
58,8_8,12391.2,Exp2018_032_IV_HeLa_MG132_YFP-AstrinWT_CENPB-dsRed_GFP_mcherry03_R3D_D3D_Z0_C1_T08.tif,11155.4,Exp2018_032_IV_HeLa_MG132_YFP-AstrinWT_CENPB-dsRed_GFP_mcherry03_R3D_D3D_Z0_C0_T08.tif,10995.308969210175,13426.90275908479,7471.1325,9396.55
59,8_9,13395.5,Exp2018_032_IV_HeLa_MG132_YFP-AstrinWT_CENPB-dsRed_GFP_mcherry03_R3D_D3D_Z0_C1_T08.tif,14279.416666666666,Exp2018_032_IV_HeLa_MG132_YFP-AstrinWT_CENPB-dsRed_GFP_mcherry03_R3D_D3D_Z0_C0_T08.tif,10995.308969210175,13426.90275908479,7471.1325,9396.55
60,8_10,12776.375,Exp2018_032_IV_HeLa_MG132_YFP-AstrinWT_CENPB-dsRed_GFP_mcherry03_R3D_D3D_Z0_C1_T08.tif,13629.875,Exp2018_032_IV_HeLa_MG132_YFP-AstrinWT_CENPB-dsRed_GFP_mcherry03_R3D_D3D_Z0_C0_T08.tif,10995.308969210175,13426.90275908479,7471.1325,9396.55
61,8_11,12966.25,Exp2018_032_IV_HeLa_MG132_YFP-AstrinWT_CENPB-dsRed_GFP_mcherry03_R3D_D3D_Z0_C1_T08.tif,10826.75,Exp2018_032_IV_HeLa_MG132_YFP-AstrinWT_CENPB-dsRed_GFP_mcherry03_R3D_D3D_Z0_C0_T08.tif,10995.308969210175,13426.90275908479,7471.1325,9396.55
62,9_1,16807.159392789374,Exp2018_032_IV_HeLa_MG132_YFP-AstrinWT_CENPB-dsRed_GFP_mcherry03_R3D_D3D_Z0_C1_T09.tif,13464.056925996205,Exp2018_032_IV_HeLa_MG132_YFP-AstrinWT_CENPB-dsRed_GFP_mcherry03_R3D_D3D_Z0_C0_T09.tif,10995.308969210175,13426.90275908479,7471.1325,9396.55
63,9_2,16373.345828295041,Exp2018_032_IV_HeLa_MG132_YFP-AstrinWT_CENPB-dsRed_GFP_mcherry03_R3D_D3D_Z0_C1_T09.tif,13520.134220072552,Exp2018_032_IV_HeLa_MG132_YFP-AstrinWT_CENPB-dsRed_GFP_mcherry03_R3D_D3D_Z0_C0_T09.tif,10995.308969210175,13426.90275908479,7471.1325,9396.55
64,9_3,14037.6,Exp2018_032_IV_HeLa_MG132_YFP-AstrinWT_CENPB-dsRed_GFP_mcherry03_R3D_D3D_Z0_C1_T09.tif,13114.2,Exp2018_032_IV_HeLa_MG132_YFP-AstrinWT_CENPB-dsRed_GFP_mcherry03_R3D_D3D_Z0_C0_T09.tif,10995.308969210175,13426.90275908479,7471.1325,9396.55
65,9_4,12883.8,Exp2018_032_IV_HeLa_MG132_YFP-AstrinWT_CENPB-dsRed_GFP_mcherry03_R3D_D3D_Z0_C1_T09.tif,14201.2,Exp2018_032_IV_HeLa_MG132_YFP-AstrinWT_CENPB-dsRed_GFP_mcherry03_R3D_D3D_Z0_C0_T09.tif,10995.308969210175,13426.90275908479,7471.1325,9396.55
66,9_5,12671.25,Exp2018_032_IV_HeLa_MG132_YFP-AstrinWT_CENPB-dsRed_GFP_mcherry03_R3D_D3D_Z0_C1_T09.tif,11504.25,Exp2018_032_IV_HeLa_MG132_YFP-AstrinWT_CENPB-dsRed_GFP_mcherry03_R3D_D3D_Z0_C0_T09.tif,10995.308969210175,13426.90275908479,7471.1325,9396.55
67,10_1,16746.66918238994,Exp2018_032_IV_HeLa_MG132_YFP-AstrinWT_CENPB-dsRed_GFP_mcherry03_R3D_D3D_Z0_C1_T10.tif,13736.68176100629,Exp2018_032_IV_HeLa_MG132_YFP-AstrinWT_CENPB-dsRed_GFP_mcherry03_R3D_D3D_Z0_C0_T10.tif,10995.308969210175,13426.90275908479,7471.1325,9396.55
68,10_2,14057.25,Exp2018_032_IV_HeLa_MG132_YFP-AstrinWT_CENPB-dsRed_GFP_mcherry03_R3D_D3D_Z0_C1_T10.tif,15219.25,Exp2018_032_IV_HeLa_MG132_YFP-AstrinWT_CENPB-dsRed_GFP_mcherry03_R3D_D3D_Z0_C0_T10.tif,10995.308969210175,13426.90275908479,7471.1325,9396.55
69,10_3,13023.0,Exp2018_032_IV_HeLa_MG132_YFP-AstrinWT_CENPB-dsRed_GFP_mcherry03_R3D_D3D_Z0_C1_T10.tif,13172.25,Exp2018_032_IV_HeLa_MG132_YFP-AstrinWT_CENPB-dsRed_GFP_mcherry03_R3D_D3D_Z0_C0_T10.tif,10995.308969210175,13426.90275908479,7471.1325,9396.55
70,10_4,16668.168032786885,Exp2018_032_IV_HeLa_MG132_YFP-AstrinWT_CENPB-dsRed_GFP_mcherry03_R3D_D3D_Z0_C1_T10.tif,14050.495901639344,Exp2018_032_IV_HeLa_MG132_YFP-AstrinWT_CENPB-dsRed_GFP_mcherry03_R3D_D3D_Z0_C0_T10.tif,10995.308969210175,13426.90275908479,7471.1325,9396.55
71,10_5,18559.367021276597,Exp2018_032_IV_HeLa_MG132_YFP-AstrinWT_CENPB-dsRed_GFP_mcherry03_R3D_D3D_Z0_C1_T10.tif,13145.234042553191,Exp2018_032_IV_HeLa_MG132_YFP-AstrinWT_CENPB-dsRed_GFP_mcherry03_R3D_D3D_Z0_C0_T10.tif,10995.308969210175,13426.90275908479,7471.1325,9396.55
72,11_1,17115.775510204083,Exp2018_032_IV_HeLa_MG132_YFP-AstrinWT_CENPB-dsRed_GFP_mcherry03_R3D_D3D_Z1_C1_T00.tif,12985.115646258504,Exp2018_032_IV_HeLa_MG132_YFP-AstrinWT_CENPB-dsRed_GFP_mcherry03_R3D_D3D_Z1_C0_T00.tif,10995.308969210175,13426.90275908479,7471.1325,9396.55
73,11_2,18446.623853211007,Exp2018_032_IV_HeLa_MG132_YFP-AstrinWT_CENPB-dsRed_GFP_mcherry03_R3D_D3D_Z1_C1_T00.tif,13169.467889908257,Exp2018_032_IV_HeLa_MG132_YFP-AstrinWT_CENPB-dsRed_GFP_mcherry03_R3D_D3D_Z1_C0_T00.tif,10995.308969210175,13426.90275908479,7471.1325,9396.55
74,11_3,17945.71497584541,Exp2018_032_IV_HeLa_MG132_YFP-AstrinWT_CENPB-dsRed_GFP_mcherry03_R3D_D3D_Z1_C1_T00.tif,14187.410628019325,Exp2018_032_IV_HeLa_MG132_YFP-AstrinWT_CENPB-dsRed_GFP_mcherry03_R3D_D3D_Z1_C0_T00.tif,10995.308969210175,13426.90275908479,7471.1325,9396.55
75,11_4,18121.169230769232,Exp2018_032_IV_HeLa_MG132_YFP-AstrinWT_CENPB-dsRed_GFP_mcherry03_R3D_D3D_Z1_C1_T00.tif,14211.792307692307,Exp2018_032_IV_HeLa_MG132_YFP-AstrinWT_CENPB-dsRed_GFP_mcherry03_R3D_D3D_Z1_C0_T00.tif,10995.308969210175,13426.90275908479,7471.1325,9396.55
76,11_5,18683.41379310345,Exp2018_032_IV_HeLa_MG132_YFP-AstrinWT_CENPB-dsRed_GFP_mcherry03_R3D_D3D_Z1_C1_T00.tif,14428.853448275862,Exp2018_032_IV_HeLa_MG132_YFP-AstrinWT_CENPB-dsRed_GFP_mcherry03_R3D_D3D_Z1_C0_T00.tif,10995.308969210175,13426.90275908479,7471.1325,9396.55
77,11_6,17374.464,Exp2018_032_IV_HeLa_MG132_YFP-AstrinWT_CENPB-dsRed_GFP_mcherry03_R3D_D3D_Z1_C1_T00.tif,13425.28,Exp2018_032_IV_HeLa_MG132_YFP-AstrinWT_CENPB-dsRed_GFP_mcherry03_R3D_D3D_Z1_C0_T00.tif,10995.308969210175,13426.90275908479,7471.1325,9396.55
78,11_7,15398.42857142857,Exp2018_032_IV_HeLa_MG132_YFP-AstrinWT_CENPB-dsRed_GFP_mcherry03_R3D_D3D_Z1_C1_T00.tif,14596.380952380952,Exp2018_032_IV_HeLa_MG132_YFP-AstrinWT_CENPB-dsRed_GFP_mcherry03_R3D_D3D_Z1_C0_T00.tif,10995.308969210175,13426.90275908479,7471.1325,9396.55
79,12_1,15228.490384615385,Exp2018_032_IV_HeLa_MG132_YFP-AstrinWT_CENPB-dsRed_GFP_mcherry03_R3D_D3D_Z1_C1_T01.tif,12459.341346153846,Exp2018_032_IV_HeLa_MG132_YFP-AstrinWT_CENPB-dsRed_GFP_mcherry03_R3D_D3D_Z1_C0_T01.tif,10995.308969210175,13426.90275908479,7471.1325,9396.55
80,12_2,16891.47266313933,Exp2018_032_IV_HeLa_MG132_YFP-AstrinWT_CENPB-dsRed_GFP_mcherry03_R3D_D3D_Z1_C1_T01.tif,13812.125220458554,Exp2018_032_IV_HeLa_MG132_YFP-AstrinWT_CENPB-dsRed_GFP_mcherry03_R3D_D3D_Z1_C0_T01.tif,10995.308969210175,13426.90275908479,7471.1325,9396.55
81,12_3,16861.458333333332,Exp2018_032_IV_HeLa_MG132_YFP-AstrinWT_CENPB-dsRed_GFP_mcherry03_R3D_D3D_Z1_C1_T01.tif,13574.802083333334,Exp2018_032_IV_HeLa_MG132_YFP-AstrinWT_CENPB-dsRed_GFP_mcherry03_R3D_D3D_Z1_C0_T01.tif,10995.308969210175,13426.90275908479,7471.1325,9396.55
82,12_4,13045.25,Exp2018_032_IV_HeLa_MG132_YFP-AstrinWT_CENPB-dsRed_GFP_mcherry03_R3D_D3D_Z1_C1_T01.tif,10336.5,Exp2018_032_IV_HeLa_MG132_YFP-AstrinWT_CENPB-dsRed_GFP_mcherry03_R3D_D3D_Z1_C0_T01.tif,10995.308969210175,13426.90275908479,7471.1325,9396.55
83,12_5,13922.48275862069,Exp2018_032_IV_HeLa_MG132_YFP-AstrinWT_CENPB-dsRed_GFP_mcherry03_R3D_D3D_Z1_C1_T01.tif,13773.034482758621,Exp2018_032_IV_HeLa_MG132_YFP-AstrinWT_CENPB-dsRed_GFP_mcherry03_R3D_D3D_Z1_C0_T01.tif,10995.308969210175,13426.90275908479,7471.1325,9396.55
84,13_1,17179.593548387096,Exp2018_032_IV_HeLa_MG132_YFP-AstrinWT_CENPB-dsRed_GFP_mcherry03_R3D_D3D_Z1_C1_T02.tif,13684.627419354838,Exp2018_032_IV_HeLa_MG132_YFP-AstrinWT_CENPB-dsRed_GFP_mcherry03_R3D_D3D_Z1_C0_T02.tif,10995.308969210175,13426.90275908479,7471.1325,9396.55
85,13_2,17787.738095238095,Exp2018_032_IV_HeLa_MG132_YFP-AstrinWT_CENPB-dsRed_GFP_mcherry03_R3D_D3D_Z1_C1_T02.tif,14452.484126984127,Exp2018_032_IV_HeLa_MG132_YFP-AstrinWT_CENPB-dsRed_GFP_mcherry03_R3D_D3D_Z1_C0_T02.tif,10995.308969210175,13426.90275908479,7471.1325,9396.55
86,13_3,17294.068649885583,Exp2018_032_IV_HeLa_MG132_YFP-AstrinWT_CENPB-dsRed_GFP_mcherry03_R3D_D3D_Z1_C1_T02.tif,13413.91990846682,Exp2018_032_IV_HeLa_MG132_YFP-AstrinWT_CENPB-dsRed_GFP_mcherry03_R3D_D3D_Z1_C0_T02.tif,10995.308969210175,13426.90275908479,7471.1325,9396.55
87,13_4,14427.857142857143,Exp2018_032_IV_HeLa_MG132_YFP-AstrinWT_CENPB-dsRed_GFP_mcherry03_R3D_D3D_Z1_C1_T02.tif,13212.714285714286,Exp2018_032_IV_HeLa_MG132_YFP-AstrinWT_CENPB-dsRed_GFP_mcherry03_R3D_D3D_Z1_C0_T02.tif,10995.308969210175,13426.90275908479,7471.1325,9396.55
88,14_1,15991.83850129199,Exp2018_032_IV_HeLa_MG132_YFP-AstrinWT_CENPB-dsRed_GFP_mcherry03_R3D_D3D_Z1_C1_T03.tif,13386.665374677003,Exp2018_032_IV_HeLa_MG132_YFP-AstrinWT_CENPB-dsRed_GFP_mcherry03_R3D_D3D_Z1_C0_T03.tif,10995.308969210175,13426.90275908479,7471.1325,9396.55
89,14_2,15908.919767441861,Exp2018_032_IV_HeLa_MG132_YFP-AstrinWT_CENPB-dsRed_GFP_mcherry03_R3D_D3D_Z1_C1_T03.tif,13539.004651162792,Exp2018_032_IV_HeLa_MG132_YFP-AstrinWT_CENPB-dsRed_GFP_mcherry03_R3D_D3D_Z1_C0_T03.tif,10995.308969210175,13426.90275908479,7471.1325,9396.55
90,14_3,12698.6,Exp2018_032_IV_HeLa_MG132_YFP-AstrinWT_CENPB-dsRed_GFP_mcherry03_R3D_D3D_Z1_C1_T03.tif,13799.4,Exp2018_032_IV_HeLa_MG132_YFP-AstrinWT_CENPB-dsRed_GFP_mcherry03_R3D_D3D_Z1_C0_T03.tif,10995.308969210175,13426.90275908479,7471.1325,9396.55
91,14_4,12888.5,Exp2018_032_IV_HeLa_MG132_YFP-AstrinWT_CENPB-dsRed_GFP_mcherry03_R3D_D3D_Z1_C1_T03.tif,12363.75,Exp2018_032_IV_HeLa_MG132_YFP-AstrinWT_CENPB-dsRed_GFP_mcherry03_R3D_D3D_Z1_C0_T03.tif,10995.308969210175,13426.90275908479,7471.1325,9396.55
92,15_1,16162.119278779473,Exp2018_032_IV_HeLa_MG132_YFP-AstrinWT_CENPB-dsRed_GFP_mcherry03_R3D_D3D_Z1_C1_T04.tif,13407.887656033286,Exp2018_032_IV_HeLa_MG132_YFP-AstrinWT_CENPB-dsRed_GFP_mcherry03_R3D_D3D_Z1_C0_T04.tif,10995.308969210175,13426.90275908479,7471.1325,9396.55
93,15_2,15876.983490566037,Exp2018_032_IV_HeLa_MG132_YFP-AstrinWT_CENPB-dsRed_GFP_mcherry03_R3D_D3D_Z1_C1_T04.tif,13455.404481132075,Exp2018_032_IV_HeLa_MG132_YFP-AstrinWT_CENPB-dsRed_GFP_mcherry03_R3D_D3D_Z1_C0_T04.tif,10995.308969210175,13426.90275908479,7471.1325,9396.55
94,15_3,12913.25,Exp2018_032_IV_HeLa_MG132_YFP-AstrinWT_CENPB-dsRed_GFP_mcherry03_R3D_D3D_Z1_C1_T04.tif,11839.5,Exp2018_032_IV_HeLa_MG132_YFP-AstrinWT_CENPB-dsRed_GFP_mcherry03_R3D_D3D_Z1_C0_T04.tif,10995.308969210175,13426.90275908479,7471.1325,9396.55
95,15_4,12984.1,Exp2018_032_IV_HeLa_MG132_YFP-AstrinWT_CENPB-dsRed_GFP_mcherry03_R3D_D3D_Z1_C1_T04.tif,11647.2,Exp2018_032_IV_HeLa_MG132_YFP-AstrinWT_CENPB-dsRed_GFP_mcherry03_R3D_D3D_Z1_C0_T04.tif,10995.308969210175,13426.90275908479,7471.1325,9396.55
96,15_5,12884.75,Exp2018_032_IV_HeLa_MG132_YFP-AstrinWT_CENPB-dsRed_GFP_mcherry03_R3D_D3D_Z1_C1_T04.tif,11258.0,Exp2018_032_IV_HeLa_MG132_YFP-AstrinWT_CENPB-dsRed_GFP_mcherry03_R3D_D3D_Z1_C0_T04.tif,10995.308969210175,13426.90275908479,7471.1325,9396.55
97,15_6,12404.25,Exp2018_032_IV_HeLa_MG132_YFP-AstrinWT_CENPB-dsRed_GFP_mcherry03_R3D_D3D_Z1_C1_T04.tif,10341.75,Exp2018_032_IV_HeLa_MG132_YFP-AstrinWT_CENPB-dsRed_GFP_mcherry03_R3D_D3D_Z1_C0_T04.tif,10995.308969210175,13426.90275908479,7471.1325,9396.55
98,16_1,15850.01439790576,Exp2018_032_IV_HeLa_MG132_YFP-AstrinWT_CENPB-dsRed_GFP_mcherry03_R3D_D3D_Z1_C1_T05.tif,13533.896596858638,Exp2018_032_IV_HeLa_MG132_YFP-AstrinWT_CENPB-dsRed_GFP_mcherry03_R3D_D3D_Z1_C0_T05.tif,10995.308969210175,13426.90275908479,7471.1325,9396.55
99,16_2,15443.497849462365,Exp2018_032_IV_HeLa_MG132_YFP-AstrinWT_CENPB-dsRed_GFP_mcherry03_R3D_D3D_Z1_C1_T05.tif,13358.46129032258,Exp2018_032_IV_HeLa_MG132_YFP-AstrinWT_CENPB-dsRed_GFP_mcherry03_R3D_D3D_Z1_C0_T05.tif,10995.308969210175,13426.90275908479,7471.1325,9396.55
100,16_3,12186.5,Exp2018_032_IV_HeLa_MG132_YFP-AstrinWT_CENPB-dsRed_GFP_mcherry03_R3D_D3D_Z1_C1_T05.tif,13603.5,Exp2018_032_IV_HeLa_MG132_YFP-AstrinWT_CENPB-dsRed_GFP_mcherry03_R3D_D3D_Z1_C0_T05.tif,10995.308969210175,13426.90275908479,7471.1325,9396.55
101,16_4,12430.25,Exp2018_032_IV_HeLa_MG132_YFP-AstrinWT_CENPB-dsRed_GFP_mcherry03_R3D_D3D_Z1_C1_T05.tif,12488.25,Exp2018_032_IV_HeLa_MG132_YFP-AstrinWT_CENPB-dsRed_GFP_mcherry03_R3D_D3D_Z1_C0_T05.tif,10995.308969210175,13426.90275908479,7471.1325,9396.55
102,16_5,13154.25,Exp2018_032_IV_HeLa_MG132_YFP-AstrinWT_CENPB-dsRed_GFP_mcherry03_R3D_D3D_Z1_C1_T05.tif,12065.25,Exp2018_032_IV_HeLa_MG132_YFP-AstrinWT_CENPB-dsRed_GFP_mcherry03_R3D_D3D_Z1_C0_T05.tif,10995.308969210175,13426.90275908479,7471.1325,9396.55
103,16_6,12093.5,Exp2018_032_IV_HeLa_MG132_YFP-AstrinWT_CENPB-dsRed_GFP_mcherry03_R3D_D3D_Z1_C1_T05.tif,11665.75,Exp2018_032_IV_HeLa_MG132_YFP-AstrinWT_CENPB-dsRed_GFP_mcherry03_R3D_D3D_Z1_C0_T05.tif,10995.308969210175,13426.90275908479,7471.1325,9396.55
104,16_7,12158.166666666666,Exp2018_032_IV_HeLa_MG132_YFP-AstrinWT_CENPB-dsRed_GFP_mcherry03_R3D_D3D_Z1_C1_T05.tif,11277.166666666666,Exp2018_032_IV_HeLa_MG132_YFP-AstrinWT_CENPB-dsRed_GFP_mcherry03_R3D_D3D_Z1_C0_T05.tif,10995.308969210175,13426.90275908479,7471.1325,9396.55
105,16_8,11668.0,Exp2018_032_IV_HeLa_MG132_YFP-AstrinWT_CENPB-dsRed_GFP_mcherry03_R3D_D3D_Z1_C1_T05.tif,11575.625,Exp2018_032_IV_HeLa_MG132_YFP-AstrinWT_CENPB-dsRed_GFP_mcherry03_R3D_D3D_Z1_C0_T05.tif,10995.308969210175,13426.90275908479,7471.1325,9396.55
106,17_1,15386.135254988914,Exp2018_032_IV_HeLa_MG132_YFP-AstrinWT_CENPB-dsRed_GFP_mcherry03_R3D_D3D_Z1_C1_T06.tif,13430.88802660754,Exp2018_032_IV_HeLa_MG132_YFP-AstrinWT_CENPB-dsRed_GFP_mcherry03_R3D_D3D_Z1_C0_T06.tif,10995.308969210175,13426.90275908479,7471.1325,9396.55
107,17_2,12628.75,Exp2018_032_IV_HeLa_MG132_YFP-AstrinWT_CENPB-dsRed_GFP_mcherry03_R3D_D3D_Z1_C1_T06.tif,10935.0,Exp2018_032_IV_HeLa_MG132_YFP-AstrinWT_CENPB-dsRed_GFP_mcherry03_R3D_D3D_Z1_C0_T06.tif,10995.308969210175,13426.90275908479,7471.1325,9396.55
108,18_1,15692.249687108886,Exp2018_032_IV_HeLa_MG132_YFP-AstrinWT_CENPB-dsRed_GFP_mcherry03_R3D_D3D_Z1_C1_T07.tif,13498.81914893617,Exp2018_032_IV_HeLa_MG132_YFP-AstrinWT_CENPB-dsRed_GFP_mcherry03_R3D_D3D_Z1_C0_T07.tif,10995.308969210175,13426.90275908479,7471.1325,9396.55
109,18_2,12843.75,Exp2018_032_IV_HeLa_MG132_YFP-AstrinWT_CENPB-dsRed_GFP_mcherry03_R3D_D3D_Z1_C1_T07.tif,12638.25,Exp2018_032_IV_HeLa_MG132_YFP-AstrinWT_CENPB-dsRed_GFP_mcherry03_R3D_D3D_Z1_C0_T07.tif,10995.308969210175,13426.90275908479,7471.1325,9396.55
110,18_3,12221.0,Exp2018_032_IV_HeLa_MG132_YFP-AstrinWT_CENPB-dsRed_GFP_mcherry03_R3D_D3D_Z1_C1_T07.tif,14445.5,Exp2018_032_IV_HeLa_MG132_YFP-AstrinWT_CENPB-dsRed_GFP_mcherry03_R3D_D3D_Z1_C0_T07.tif,10995.308969210175,13426.90275908479,7471.1325,9396.55
111,18_4,12702.25,Exp2018_032_IV_HeLa_MG132_YFP-AstrinWT_CENPB-dsRed_GFP_mcherry03_R3D_D3D_Z1_C1_T07.tif,14138.25,Exp2018_032_IV_HeLa_MG132_YFP-AstrinWT_CENPB-dsRed_GFP_mcherry03_R3D_D3D_Z1_C0_T07.tif,10995.308969210175,13426.90275908479,7471.1325,9396.55
112,18_5,11849.0,Exp2018_032_IV_HeLa_MG132_YFP-AstrinWT_CENPB-dsRed_GFP_mcherry03_R3D_D3D_Z1_C1_T07.tif,11946.533333333333,Exp2018_032_IV_HeLa_MG132_YFP-AstrinWT_CENPB-dsRed_GFP_mcherry03_R3D_D3D_Z1_C0_T07.tif,10995.308969210175,13426.90275908479,7471.1325,9396.55
113,19_1,15965.872340425532,Exp2018_032_IV_HeLa_MG132_YFP-AstrinWT_CENPB-dsRed_GFP_mcherry03_R3D_D3D_Z1_C1_T08.tif,13360.71214017522,Exp2018_032_IV_HeLa_MG132_YFP-AstrinWT_CENPB-dsRed_GFP_mcherry03_R3D_D3D_Z1_C0_T08.tif,10995.308969210175,13426.90275908479,7471.1325,9396.55
114,19_2,15835.092307692308,Exp2018_032_IV_HeLa_MG132_YFP-AstrinWT_CENPB-dsRed_GFP_mcherry03_R3D_D3D_Z1_C1_T08.tif,13427.07972027972,Exp2018_032_IV_HeLa_MG132_YFP-AstrinWT_CENPB-dsRed_GFP_mcherry03_R3D_D3D_Z1_C0_T08.tif,10995.308969210175,13426.90275908479,7471.1325,9396.55
115,20_1,18087.25641025641,Exp2018_032_IV_HeLa_MG132_YFP-AstrinWT_CENPB-dsRed_GFP_mcherry03_R3D_D3D_Z1_C1_T09.tif,12992.47435897436,Exp2018_032_IV_HeLa_MG132_YFP-AstrinWT_CENPB-dsRed_GFP_mcherry03_R3D_D3D_Z1_C0_T09.tif,10995.308969210175,13426.90275908479,7471.1325,9396.55
116,20_2,16587.333333333332,Exp2018_032_IV_HeLa_MG132_YFP-AstrinWT_CENPB-dsRed_GFP_mcherry03_R3D_D3D_Z1_C1_T09.tif,13847.666666666666,Exp2018_032_IV_HeLa_MG132_YFP-AstrinWT_CENPB-dsRed_GFP_mcherry03_R3D_D3D_Z1_C0_T09.tif,10995.308969210175,13426.90275908479,7471.1325,9396.55
117,20_3,20268.10447761194,Exp2018_032_IV_HeLa_MG132_YFP-AstrinWT_CENPB-dsRed_GFP_mcherry03_R3D_D3D_Z1_C1_T09.tif,13696.119402985074,Exp2018_032_IV_HeLa_MG132_YFP-AstrinWT_CENPB-dsRed_GFP_mcherry03_R3D_D3D_Z1_C0_T09.tif,10995.308969210175,13426.90275908479,7471.1325,9396.55
118,20_4,17875.66037735849,Exp2018_032_IV_HeLa_MG132_YFP-AstrinWT_CENPB-dsRed_GFP_mcherry03_R3D_D3D_Z1_C1_T09.tif,12978.641509433963,Exp2018_032_IV_HeLa_MG132_YFP-AstrinWT_CENPB-dsRed_GFP_mcherry03_R3D_D3D_Z1_C0_T09.tif,10995.308969210175,13426.90275908479,7471.1325,9396.55
119,20_5,18528.13888888889,Exp2018_032_IV_HeLa_MG132_YFP-AstrinWT_CENPB-dsRed_GFP_mcherry03_R3D_D3D_Z1_C1_T09.tif,14980.458333333334,Exp2018_032_IV_HeLa_MG132_YFP-AstrinWT_CENPB-dsRed_GFP_mcherry03_R3D_D3D_Z1_C0_T09.tif,10995.308969210175,13426.90275908479,7471.1325,9396.55
120,20_6,19327.015625,Exp2018_032_IV_HeLa_MG132_YFP-AstrinWT_CENPB-dsRed_GFP_mcherry03_R3D_D3D_Z1_C1_T09.tif,13763.78125,Exp2018_032_IV_HeLa_MG132_YFP-AstrinWT_CENPB-dsRed_GFP_mcherry03_R3D_D3D_Z1_C0_T09.tif,10995.308969210175,13426.90275908479,7471.1325,9396.55
121,20_7,18024.0625,Exp2018_032_IV_HeLa_MG132_YFP-AstrinWT_CENPB-dsRed_GFP_mcherry03_R3D_D3D_Z1_C1_T09.tif,15241.125,Exp2018_032_IV_HeLa_MG132_YFP-AstrinWT_CENPB-dsRed_GFP_mcherry03_R3D_D3D_Z1_C0_T09.tif,10995.308969210175,13426.90275908479,7471.1325,9396.55
122,20_8,18754.45,Exp2018_032_IV_HeLa_MG132_YFP-AstrinWT_CENPB-dsRed_GFP_mcherry03_R3D_D3D_Z1_C1_T09.tif,14924.475,Exp2018_032_IV_HeLa_MG132_YFP-AstrinWT_CENPB-dsRed_GFP_mcherry03_R3D_D3D_Z1_C0_T09.tif,10995.308969210175,13426.90275908479,7471.1325,9396.55
123,20_9,17227.40625,Exp2018_032_IV_HeLa_MG132_YFP-AstrinWT_CENPB-dsRed_GFP_mcherry03_R3D_D3D_Z1_C1_T09.tif,12902.21875,Exp2018_032_IV_HeLa_MG132_YFP-AstrinWT_CENPB-dsRed_GFP_mcherry03_R3D_D3D_Z1_C0_T09.tif,10995.308969210175,13426.90275908479,7471.1325,9396.55
124,20_10,18637.08510638298,Exp2018_032_IV_HeLa_MG132_YFP-AstrinWT_CENPB-dsRed_GFP_mcherry03_R3D_D3D_Z1_C1_T09.tif,14363.489361702128,Exp2018_032_IV_HeLa_MG132_YFP-AstrinWT_CENPB-dsRed_GFP_mcherry03_R3D_D3D_Z1_C0_T09.tif,10995.308969210175,13426.90275908479,7471.1325,9396.55
125,20_11,18071.875,Exp2018_032_IV_HeLa_MG132_YFP-AstrinWT_CENPB-dsRed_GFP_mcherry03_R3D_D3D_Z1_C1_T09.tif,13894.125,Exp2018_032_IV_HeLa_MG132_YFP-AstrinWT_CENPB-dsRed_GFP_mcherry03_R3D_D3D_Z1_C0_T09.tif,10995.308969210175,13426.90275908479,7471.1325,9396.55
126,20_12,18872.48979591837,Exp2018_032_IV_HeLa_MG132_YFP-AstrinWT_CENPB-dsRed_GFP_mcherry03_R3D_D3D_Z1_C1_T09.tif,12658.377551020409,Exp2018_032_IV_HeLa_MG132_YFP-AstrinWT_CENPB-dsRed_GFP_mcherry03_R3D_D3D_Z1_C0_T09.tif,10995.308969210175,13426.90275908479,7471.1325,9396.55
127,21_1,16464.61630516081,Exp2018_032_IV_HeLa_MG132_YFP-AstrinWT_CENPB-dsRed_GFP_mcherry03_R3D_D3D_Z1_C1_T10.tif,13653.747195213164,Exp2018_032_IV_HeLa_MG132_YFP-AstrinWT_CENPB-dsRed_GFP_mcherry03_R3D_D3D_Z1_C0_T10.tif,10995.308969210175,13426.90275908479,7471.1325,9396.55
128,22_1,18761.78494623656,Exp2018_032_IV_HeLa_MG132_YFP-AstrinWT_CENPB-dsRed_GFP_mcherry03_R3D_D3D_Z2_C1_T00.tif,12962.774193548386,Exp2018_032_IV_HeLa_MG132_YFP-AstrinWT_CENPB-dsRed_GFP_mcherry03_R3D_D3D_Z2_C0_T00.tif,10995.308969210175,13426.90275908479,7471.1325,9396.55
129,22_2,19233.30476190476,Exp2018_032_IV_HeLa_MG132_YFP-AstrinWT_CENPB-dsRed_GFP_mcherry03_R3D_D3D_Z2_C1_T00.tif,13123.533333333333,Exp2018_032_IV_HeLa_MG132_YFP-AstrinWT_CENPB-dsRed_GFP_mcherry03_R3D_D3D_Z2_C0_T00.tif,10995.308969210175,13426.90275908479,7471.1325,9396.55
130,22_3,19212.852112676057,Exp2018_032_IV_HeLa_MG132_YFP-AstrinWT_CENPB-dsRed_GFP_mcherry03_R3D_D3D_Z2_C1_T00.tif,14761.81690140845,Exp2018_032_IV_HeLa_MG132_YFP-AstrinWT_CENPB-dsRed_GFP_mcherry03_R3D_D3D_Z2_C0_T00.tif,10995.308969210175,13426.90275908479,7471.1325,9396.55
131,22_4,19365.322580645163,Exp2018_032_IV_HeLa_MG132_YFP-AstrinWT_CENPB-dsRed_GFP_mcherry03_R3D_D3D_Z2_C1_T00.tif,14311.58064516129,Exp2018_032_IV_HeLa_MG132_YFP-AstrinWT_CENPB-dsRed_GFP_mcherry03_R3D_D3D_Z2_C0_T00.tif,10995.308969210175,13426.90275908479,7471.1325,9396.55
132,22_5,16207.166666666666,Exp2018_032_IV_HeLa_MG132_YFP-AstrinWT_CENPB-dsRed_GFP_mcherry03_R3D_D3D_Z2_C1_T00.tif,13053.916666666666,Exp2018_032_IV_HeLa_MG132_YFP-AstrinWT_CENPB-dsRed_GFP_mcherry03_R3D_D3D_Z2_C0_T00.tif,10995.308969210175,13426.90275908479,7471.1325,9396.55
133,22_6,20382.0,Exp2018_032_IV_HeLa_MG132_YFP-AstrinWT_CENPB-dsRed_GFP_mcherry03_R3D_D3D_Z2_C1_T00.tif,14136.615384615385,Exp2018_032_IV_HeLa_MG132_YFP-AstrinWT_CENPB-dsRed_GFP_mcherry03_R3D_D3D_Z2_C0_T00.tif,10995.308969210175,13426.90275908479,7471.1325,9396.55
134,22_7,17125.125,Exp2018_032_IV_HeLa_MG132_YFP-AstrinWT_CENPB-dsRed_GFP_mcherry03_R3D_D3D_Z2_C1_T00.tif,13304.40625,Exp2018_032_IV_HeLa_MG132_YFP-AstrinWT_CENPB-dsRed_GFP_mcherry03_R3D_D3D_Z2_C0_T00.tif,10995.308969210175,13426.90275908479,7471.1325,9396.55
135,22_8,17669.333333333332,Exp2018_032_IV_HeLa_MG132_YFP-AstrinWT_CENPB-dsRed_GFP_mcherry03_R3D_D3D_Z2_C1_T00.tif,13499.333333333334,Exp2018_032_IV_HeLa_MG132_YFP-AstrinWT_CENPB-dsRed_GFP_mcherry03_R3D_D3D_Z2_C0_T00.tif,10995.308969210175,13426.90275908479,7471.1325,9396.55
136,22_9,17278.962962962964,Exp2018_032_IV_HeLa_MG132_YFP-AstrinWT_CENPB-dsRed_GFP_mcherry03_R3D_D3D_Z2_C1_T00.tif,13687.296296296296,Exp2018_032_IV_HeLa_MG132_YFP-AstrinWT_CENPB-dsRed_GFP_mcherry03_R3D_D3D_Z2_C0_T00.tif,10995.308969210175,13426.90275908479,7471.1325,9396.55
137,22_10,19219.662983425413,Exp2018_032_IV_HeLa_MG132_YFP-AstrinWT_CENPB-dsRed_GFP_mcherry03_R3D_D3D_Z2_C1_T00.tif,13431.519337016574,Exp2018_032_IV_HeLa_MG132_YFP-AstrinWT_CENPB-dsRed_GFP_mcherry03_R3D_D3D_Z2_C0_T00.tif,10995.308969210175,13426.90275908479,7471.1325,9396.55
138,22_11,17303.5,Exp2018_032_IV_HeLa_MG132_YFP-AstrinWT_CENPB-dsRed_GFP_mcherry03_R3D_D3D_Z2_C1_T00.tif,14776.333333333334,Exp2018_032_IV_HeLa_MG132_YFP-AstrinWT_CENPB-dsRed_GFP_mcherry03_R3D_D3D_Z2_C0_T00.tif,10995.308969210175,13426.90275908479,7471.1325,9396.55
139,22_12,15627.214285714286,Exp2018_032_IV_HeLa_MG132_YFP-AstrinWT_CENPB-dsRed_GFP_mcherry03_R3D_D3D_Z2_C1_T00.tif,13329.285714285714,Exp2018_032_IV_HeLa_MG132_YFP-AstrinWT_CENPB-dsRed_GFP_mcherry03_R3D_D3D_Z2_C0_T00.tif,10995.308969210175,13426.90275908479,7471.1325,9396.55
140,23_1,17259.850806451614,Exp2018_032_IV_HeLa_MG132_YFP-AstrinWT_CENPB-dsRed_GFP_mcherry03_R3D_D3D_Z2_C1_T01.tif,13092.5,Exp2018_032_IV_HeLa_MG132_YFP-AstrinWT_CENPB-dsRed_GFP_mcherry03_R3D_D3D_Z2_C0_T01.tif,10995.308969210175,13426.90275908479,7471.1325,9396.55
141,23_2,18166.42774566474,Exp2018_032_IV_HeLa_MG132_YFP-AstrinWT_CENPB-dsRed_GFP_mcherry03_R3D_D3D_Z2_C1_T01.tif,14530.35838150289,Exp2018_032_IV_HeLa_MG132_YFP-AstrinWT_CENPB-dsRed_GFP_mcherry03_R3D_D3D_Z2_C0_T01.tif,10995.308969210175,13426.90275908479,7471.1325,9396.55
142,23_3,17521.891719745225,Exp2018_032_IV_HeLa_MG132_YFP-AstrinWT_CENPB-dsRed_GFP_mcherry03_R3D_D3D_Z2_C1_T01.tif,14047.75796178344,Exp2018_032_IV_HeLa_MG132_YFP-AstrinWT_CENPB-dsRed_GFP_mcherry03_R3D_D3D_Z2_C0_T01.tif,10995.308969210175,13426.90275908479,7471.1325,9396.55
143,23_4,18782.454545454544,Exp2018_032_IV_HeLa_MG132_YFP-AstrinWT_CENPB-dsRed_GFP_mcherry03_R3D_D3D_Z2_C1_T01.tif,14096.355371900827,Exp2018_032_IV_HeLa_MG132_YFP-AstrinWT_CENPB-dsRed_GFP_mcherry03_R3D_D3D_Z2_C0_T01.tif,10995.308969210175,13426.90275908479,7471.1325,9396.55
144,23_5,17371.15883668904,Exp2018_032_IV_HeLa_MG132_YFP-AstrinWT_CENPB-dsRed_GFP_mcherry03_R3D_D3D_Z2_C1_T01.tif,13705.409395973154,Exp2018_032_IV_HeLa_MG132_YFP-AstrinWT_CENPB-dsRed_GFP_mcherry03_R3D_D3D_Z2_C0_T01.tif,10995.308969210175,13426.90275908479,7471.1325,9396.55
145,23_6,14447.5,Exp2018_032_IV_HeLa_MG132_YFP-AstrinWT_CENPB-dsRed_GFP_mcherry03_R3D_D3D_Z2_C1_T01.tif,10034.75,Exp2018_032_IV_HeLa_MG132_YFP-AstrinWT_CENPB-dsRed_GFP_mcherry03_R3D_D3D_Z2_C0_T01.tif,10995.308969210175,13426.90275908479,7471.1325,9396.55
146,24_1,16708.355395683455,Exp2018_032_IV_HeLa_MG132_YFP-AstrinWT_CENPB-dsRed_GFP_mcherry03_R3D_D3D_Z2_C1_T02.tif,13762.385611510792,Exp2018_032_IV_HeLa_MG132_YFP-AstrinWT_CENPB-dsRed_GFP_mcherry03_R3D_D3D_Z2_C0_T02.tif,10995.308969210175,13426.90275908479,7471.1325,9396.55
147,24_2,16436.13606340819,Exp2018_032_IV_HeLa_MG132_YFP-AstrinWT_CENPB-dsRed_GFP_mcherry03_R3D_D3D_Z2_C1_T02.tif,13576.457067371202,Exp2018_032_IV_HeLa_MG132_YFP-AstrinWT_CENPB-dsRed_GFP_mcherry03_R3D_D3D_Z2_C0_T02.tif,10995.308969210175,13426.90275908479,7471.1325,9396.55
148,24_3,13937.5,Exp2018_032_IV_HeLa_MG132_YFP-AstrinWT_CENPB-dsRed_GFP_mcherry03_R3D_D3D_Z2_C1_T02.tif,14446.0,Exp2018_032_IV_HeLa_MG132_YFP-AstrinWT_CENPB-dsRed_GFP_mcherry03_R3D_D3D_Z2_C0_T02.tif,10995.308969210175,13426.90275908479,7471.1325,9396.55
149,24_4,13504.8,Exp2018_032_IV_HeLa_MG132_YFP-AstrinWT_CENPB-dsRed_GFP_mcherry03_R3D_D3D_Z2_C1_T02.tif,12627.4,Exp2018_032_IV_HeLa_MG132_YFP-AstrinWT_CENPB-dsRed_GFP_mcherry03_R3D_D3D_Z2_C0_T02.tif,10995.308969210175,13426.90275908479,7471.1325,9396.55
150,25_1,16527.349854227406,Exp2018_032_IV_HeLa_MG132_YFP-AstrinWT_CENPB-dsRed_GFP_mcherry03_R3D_D3D_Z2_C1_T03.tif,13597.21137026239,Exp2018_032_IV_HeLa_MG132_YFP-AstrinWT_CENPB-dsRed_GFP_mcherry03_R3D_D3D_Z2_C0_T03.tif,10995.308969210175,13426.90275908479,7471.1325,9396.55
151,25_2,13758.5,Exp2018_032_IV_HeLa_MG132_YFP-AstrinWT_CENPB-dsRed_GFP_mcherry03_R3D_D3D_Z2_C1_T03.tif,15048.0,Exp2018_032_IV_HeLa_MG132_YFP-AstrinWT_CENPB-dsRed_GFP_mcherry03_R3D_D3D_Z2_C0_T03.tif,10995.308969210175,13426.90275908479,7471.1325,9396.55
152,25_3,16058.804994054697,Exp2018_032_IV_HeLa_MG132_YFP-AstrinWT_CENPB-dsRed_GFP_mcherry03_R3D_D3D_Z2_C1_T03.tif,13453.401902497028,Exp2018_032_IV_HeLa_MG132_YFP-AstrinWT_CENPB-dsRed_GFP_mcherry03_R3D_D3D_Z2_C0_T03.tif,10995.308969210175,13426.90275908479,7471.1325,9396.55
153,25_4,12584.833333333334,Exp2018_032_IV_HeLa_MG132_YFP-AstrinWT_CENPB-dsRed_GFP_mcherry03_R3D_D3D_Z2_C1_T03.tif,12283.166666666666,Exp2018_032_IV_HeLa_MG132_YFP-AstrinWT_CENPB-dsRed_GFP_mcherry03_R3D_D3D_Z2_C0_T03.tif,10995.308969210175,13426.90275908479,7471.1325,9396.55
154,25_5,14112.5,Exp2018_032_IV_HeLa_MG132_YFP-AstrinWT_CENPB-dsRed_GFP_mcherry03_R3D_D3D_Z2_C1_T03.tif,12182.666666666666,Exp2018_032_IV_HeLa_MG132_YFP-AstrinWT_CENPB-dsRed_GFP_mcherry03_R3D_D3D_Z2_C0_T03.tif,10995.308969210175,13426.90275908479,7471.1325,9396.55
155,26_1,16773.372488408037,Exp2018_032_IV_HeLa_MG132_YFP-AstrinWT_CENPB-dsRed_GFP_mcherry03_R3D_D3D_Z2_C1_T04.tif,13646.307573415765,Exp2018_032_IV_HeLa_MG132_YFP-AstrinWT_CENPB-dsRed_GFP_mcherry03_R3D_D3D_Z2_C0_T04.tif,10995.308969210175,13426.90275908479,7471.1325,9396.55
156,26_2,16764.11111111111,Exp2018_032_IV_HeLa_MG132_YFP-AstrinWT_CENPB-dsRed_GFP_mcherry03_R3D_D3D_Z2_C1_T04.tif,13388.346031746032,Exp2018_032_IV_HeLa_MG132_YFP-AstrinWT_CENPB-dsRed_GFP_mcherry03_R3D_D3D_Z2_C0_T04.tif,10995.308969210175,13426.90275908479,7471.1325,9396.55
157,26_3,14333.954545454546,Exp2018_032_IV_HeLa_MG132_YFP-AstrinWT_CENPB-dsRed_GFP_mcherry03_R3D_D3D_Z2_C1_T04.tif,13321.454545454546,Exp2018_032_IV_HeLa_MG132_YFP-AstrinWT_CENPB-dsRed_GFP_mcherry03_R3D_D3D_Z2_C0_T04.tif,10995.308969210175,13426.90275908479,7471.1325,9396.55
158,27_1,16481.010279001468,Exp2018_032_IV_HeLa_MG132_YFP-AstrinWT_CENPB-dsRed_GFP_mcherry03_R3D_D3D_Z2_C1_T05.tif,13651.070484581498,Exp2018_032_IV_HeLa_MG132_YFP-AstrinWT_CENPB-dsRed_GFP_mcherry03_R3D_D3D_Z2_C0_T05.tif,10995.308969210175,13426.90275908479,7471.1325,9396.55
159,27_2,16001.861768368617,Exp2018_032_IV_HeLa_MG132_YFP-AstrinWT_CENPB-dsRed_GFP_mcherry03_R3D_D3D_Z2_C1_T05.tif,13548.530510585306,Exp2018_032_IV_HeLa_MG132_YFP-AstrinWT_CENPB-dsRed_GFP_mcherry03_R3D_D3D_Z2_C0_T05.tif,10995.308969210175,13426.90275908479,7471.1325,9396.55
160,27_3,11878.875,Exp2018_032_IV_HeLa_MG132_YFP-AstrinWT_CENPB-dsRed_GFP_mcherry03_R3D_D3D_Z2_C1_T05.tif,10878.375,Exp2018_032_IV_HeLa_MG132_YFP-AstrinWT_CENPB-dsRed_GFP_mcherry03_R3D_D3D_Z2_C0_T05.tif,10995.308969210175,13426.90275908479,7471.1325,9396.55
161,28_1,16189.319942611191,Exp2018_032_IV_HeLa_MG132_YFP-AstrinWT_CENPB-dsRed_GFP_mcherry03_R3D_D3D_Z2_C1_T06.tif,13450.648493543758,Exp2018_032_IV_HeLa_MG132_YFP-AstrinWT_CENPB-dsRed_GFP_mcherry03_R3D_D3D_Z2_C0_T06.tif,10995.308969210175,13426.90275908479,7471.1325,9396.55
162,28_2,12339.25,Exp2018_032_IV_HeLa_MG132_YFP-AstrinWT_CENPB-dsRed_GFP_mcherry03_R3D_D3D_Z2_C1_T06.tif,13198.0,Exp2018_032_IV_HeLa_MG132_YFP-AstrinWT_CENPB-dsRed_GFP_mcherry03_R3D_D3D_Z2_C0_T06.tif,10995.308969210175,13426.90275908479,7471.1325,9396.55
163,28_3,13262.0,Exp2018_032_IV_HeLa_MG132_YFP-AstrinWT_CENPB-dsRed_GFP_mcherry03_R3D_D3D_Z2_C1_T06.tif,12583.875,Exp2018_032_IV_HeLa_MG132_YFP-AstrinWT_CENPB-dsRed_GFP_mcherry03_R3D_D3D_Z2_C0_T06.tif,10995.308969210175,13426.90275908479,7471.1325,9396.55
164,28_4,12095.25,Exp2018_032_IV_HeLa_MG132_YFP-AstrinWT_CENPB-dsRed_GFP_mcherry03_R3D_D3D_Z2_C1_T06.tif,13619.875,Exp2018_032_IV_HeLa_MG132_YFP-AstrinWT_CENPB-dsRed_GFP_mcherry03_R3D_D3D_Z2_C0_T06.tif,10995.308969210175,13426.90275908479,7471.1325,9396.55
165,28_5,15573.861520998866,Exp2018_032_IV_HeLa_MG132_YFP-AstrinWT_CENPB-dsRed_GFP_mcherry03_R3D_D3D_Z2_C1_T06.tif,13498.481271282633,Exp2018_032_IV_HeLa_MG132_YFP-AstrinWT_CENPB-dsRed_GFP_mcherry03_R3D_D3D_Z2_C0_T06.tif,10995.308969210175,13426.90275908479,7471.1325,9396.55
166,28_6,12936.5,Exp2018_032_IV_HeLa_MG132_YFP-AstrinWT_CENPB-dsRed_GFP_mcherry03_R3D_D3D_Z2_C1_T06.tif,12436.0,Exp2018_032_IV_HeLa_MG132_YFP-AstrinWT_CENPB-dsRed_GFP_mcherry03_R3D_D3D_Z2_C0_T06.tif,10995.308969210175,13426.90275908479,7471.1325,9396.55
167,28_7,12960.166666666666,Exp2018_032_IV_HeLa_MG132_YFP-AstrinWT_CENPB-dsRed_GFP_mcherry03_R3D_D3D_Z2_C1_T06.tif,11512.833333333334,Exp2018_032_IV_HeLa_MG132_YFP-AstrinWT_CENPB-dsRed_GFP_mcherry03_R3D_D3D_Z2_C0_T06.tif,10995.308969210175,13426.90275908479,7471.1325,9396.55
168,28_8,12508.75,Exp2018_032_IV_HeLa_MG132_YFP-AstrinWT_CENPB-dsRed_GFP_mcherry03_R3D_D3D_Z2_C1_T06.tif,10450.25,Exp2018_032_IV_HeLa_MG132_YFP-AstrinWT_CENPB-dsRed_GFP_mcherry03_R3D_D3D_Z2_C0_T06.tif,10995.308969210175,13426.90275908479,7471.1325,9396.55
169,29_1,15968.681169272604,Exp2018_032_IV_HeLa_MG132_YFP-AstrinWT_CENPB-dsRed_GFP_mcherry03_R3D_D3D_Z2_C1_T07.tif,13612.23317471108,Exp2018_032_IV_HeLa_MG132_YFP-AstrinWT_CENPB-dsRed_GFP_mcherry03_R3D_D3D_Z2_C0_T07.tif,10995.308969210175,13426.90275908479,7471.1325,9396.55
170,29_2,12436.0,Exp2018_032_IV_HeLa_MG132_YFP-AstrinWT_CENPB-dsRed_GFP_mcherry03_R3D_D3D_Z2_C1_T07.tif,14617.625,Exp2018_032_IV_HeLa_MG132_YFP-AstrinWT_CENPB-dsRed_GFP_mcherry03_R3D_D3D_Z2_C0_T07.tif,10995.308969210175,13426.90275908479,7471.1325,9396.55
171,29_3,12883.529411764706,Exp2018_032_IV_HeLa_MG132_YFP-AstrinWT_CENPB-dsRed_GFP_mcherry03_R3D_D3D_Z2_C1_T07.tif,12432.941176470587,Exp2018_032_IV_HeLa_MG132_YFP-AstrinWT_CENPB-dsRed_GFP_mcherry03_R3D_D3D_Z2_C0_T07.tif,10995.308969210175,13426.90275908479,7471.1325,9396.55
172,29_4,13100.111111111111,Exp2018_032_IV_HeLa_MG132_YFP-AstrinWT_CENPB-dsRed_GFP_mcherry03_R3D_D3D_Z2_C1_T07.tif,15265.222222222223,Exp2018_032_IV_HeLa_MG132_YFP-AstrinWT_CENPB-dsRed_GFP_mcherry03_R3D_D3D_Z2_C0_T07.tif,10995.308969210175,13426.90275908479,7471.1325,9396.55
173,29_5,12680.8,Exp2018_032_IV_HeLa_MG132_YFP-AstrinWT_CENPB-dsRed_GFP_mcherry03_R3D_D3D_Z2_C1_T07.tif,13330.0,Exp2018_032_IV_HeLa_MG132_YFP-AstrinWT_CENPB-dsRed_GFP_mcherry03_R3D_D3D_Z2_C0_T07.tif,10995.308969210175,13426.90275908479,7471.1325,9396.55
174,29_6,12718.125,Exp2018_032_IV_HeLa_MG132_YFP-AstrinWT_CENPB-dsRed_GFP_mcherry03_R3D_D3D_Z2_C1_T07.tif,12902.875,Exp2018_032_IV_HeLa_MG132_YFP-AstrinWT_CENPB-dsRed_GFP_mcherry03_R3D_D3D_Z2_C0_T07.tif,10995.308969210175,13426.90275908479,7471.1325,9396.55
175,29_7,12987.875,Exp2018_032_IV_HeLa_MG132_YFP-AstrinWT_CENPB-dsRed_GFP_mcherry03_R3D_D3D_Z2_C1_T07.tif,14462.875,Exp2018_032_IV_HeLa_MG132_YFP-AstrinWT_CENPB-dsRed_GFP_mcherry03_R3D_D3D_Z2_C0_T07.tif,10995.308969210175,13426.90275908479,7471.1325,9396.55
176,29_8,12809.5,Exp2018_032_IV_HeLa_MG132_YFP-AstrinWT_CENPB-dsRed_GFP_mcherry03_R3D_D3D_Z2_C1_T07.tif,11128.0,Exp2018_032_IV_HeLa_MG132_YFP-AstrinWT_CENPB-dsRed_GFP_mcherry03_R3D_D3D_Z2_C0_T07.tif,10995.308969210175,13426.90275908479,7471.1325,9396.55
177,30_1,11886.875,Exp2018_032_IV_HeLa_MG132_YFP-AstrinWT_CENPB-dsRed_GFP_mcherry03_R3D_D3D_Z2_C1_T08.tif,10787.375,Exp2018_032_IV_HeLa_MG132_YFP-AstrinWT_CENPB-dsRed_GFP_mcherry03_R3D_D3D_Z2_C0_T08.tif,10995.308969210175,13426.90275908479,7471.1325,9396.55
178,30_2,15165.704148471616,Exp2018_032_IV_HeLa_MG132_YFP-AstrinWT_CENPB-dsRed_GFP_mcherry03_R3D_D3D_Z2_C1_T08.tif,13406.687772925765,Exp2018_032_IV_HeLa_MG132_YFP-AstrinWT_CENPB-dsRed_GFP_mcherry03_R3D_D3D_Z2_C0_T08.tif,10995.308969210175,13426.90275908479,7471.1325,9396.55
179,30_3,10885.75,Exp2018_032_IV_HeLa_MG132_YFP-AstrinWT_CENPB-dsRed_GFP_mcherry03_R3D_D3D_Z2_C1_T08.tif,12589.25,Exp2018_032_IV_HeLa_MG132_YFP-AstrinWT_CENPB-dsRed_GFP_mcherry03_R3D_D3D_Z2_C0_T08.tif,10995.308969210175,13426.90275908479,7471.1325,9396.55
180,30_4,11504.25,Exp2018_032_IV_HeLa_MG132_YFP-AstrinWT_CENPB-dsRed_GFP_mcherry03_R3D_D3D_Z2_C1_T08.tif,14036.5,Exp2018_032_IV_HeLa_MG132_YFP-AstrinWT_CENPB-dsRed_GFP_mcherry03_R3D_D3D_Z2_C0_T08.tif,10995.308969210175,13426.90275908479,7471.1325,9396.55
181,30_5,10924.6,Exp2018_032_IV_HeLa_MG132_YFP-AstrinWT_CENPB-dsRed_GFP_mcherry03_R3D_D3D_Z2_C1_T08.tif,12491.4,Exp2018_032_IV_HeLa_MG132_YFP-AstrinWT_CENPB-dsRed_GFP_mcherry03_R3D_D3D_Z2_C0_T08.tif,10995.308969210175,13426.90275908479,7471.1325,9396.55
182,30_6,11887.727272727272,Exp2018_032_IV_HeLa_MG132_YFP-AstrinWT_CENPB-dsRed_GFP_mcherry03_R3D_D3D_Z2_C1_T08.tif,12388.681818181818,Exp2018_032_IV_HeLa_MG132_YFP-AstrinWT_CENPB-dsRed_GFP_mcherry03_R3D_D3D_Z2_C0_T08.tif,10995.308969210175,13426.90275908479,7471.1325,9396.55
183,30_7,11396.8,Exp2018_032_IV_HeLa_MG132_YFP-AstrinWT_CENPB-dsRed_GFP_mcherry03_R3D_D3D_Z2_C1_T08.tif,10931.25,Exp2018_032_IV_HeLa_MG132_YFP-AstrinWT_CENPB-dsRed_GFP_mcherry03_R3D_D3D_Z2_C0_T08.tif,10995.308969210175,13426.90275908479,7471.1325,9396.55
184,30_8,10755.727272727272,Exp2018_032_IV_HeLa_MG132_YFP-AstrinWT_CENPB-dsRed_GFP_mcherry03_R3D_D3D_Z2_C1_T08.tif,11602.272727272728,Exp2018_032_IV_HeLa_MG132_YFP-AstrinWT_CENPB-dsRed_GFP_mcherry03_R3D_D3D_Z2_C0_T08.tif,10995.308969210175,13426.90275908479,7471.1325,9396.55
185,30_9,10555.125,Exp2018_032_IV_HeLa_MG132_YFP-AstrinWT_CENPB-dsRed_GFP_mcherry03_R3D_D3D_Z2_C1_T08.tif,11959.625,Exp2018_032_IV_HeLa_MG132_YFP-AstrinWT_CENPB-dsRed_GFP_mcherry03_R3D_D3D_Z2_C0_T08.tif,10995.308969210175,13426.90275908479,7471.1325,9396.55
186,30_10,12326.25,Exp2018_032_IV_HeLa_MG132_YFP-AstrinWT_CENPB-dsRed_GFP_mcherry03_R3D_D3D_Z2_C1_T08.tif,11329.0,Exp2018_032_IV_HeLa_MG132_YFP-AstrinWT_CENPB-dsRed_GFP_mcherry03_R3D_D3D_Z2_C0_T08.tif,10995.308969210175,13426.90275908479,7471.1325,9396.55
187,31_1,18640.352941176472,Exp2018_032_IV_HeLa_MG132_YFP-AstrinWT_CENPB-dsRed_GFP_mcherry03_R3D_D3D_Z2_C1_T09.tif,13579.911764705883,Exp2018_032_IV_HeLa_MG132_YFP-AstrinWT_CENPB-dsRed_GFP_mcherry03_R3D_D3D_Z2_C0_T09.tif,10995.308969210175,13426.90275908479,7471.1325,9396.55
188,31_2,20691.76923076923,Exp2018_032_IV_HeLa_MG132_YFP-AstrinWT_CENPB-dsRed_GFP_mcherry03_R3D_D3D_Z2_C1_T09.tif,13474.276923076923,Exp2018_032_IV_HeLa_MG132_YFP-AstrinWT_CENPB-dsRed_GFP_mcherry03_R3D_D3D_Z2_C0_T09.tif,10995.308969210175,13426.90275908479,7471.1325,9396.55
189,31_3,18598.125,Exp2018_032_IV_HeLa_MG132_YFP-AstrinWT_CENPB-dsRed_GFP_mcherry03_R3D_D3D_Z2_C1_T09.tif,12829.625,Exp2018_032_IV_HeLa_MG132_YFP-AstrinWT_CENPB-dsRed_GFP_mcherry03_R3D_D3D_Z2_C0_T09.tif,10995.308969210175,13426.90275908479,7471.1325,9396.55
190,31_4,18722.375,Exp2018_032_IV_HeLa_MG132_YFP-AstrinWT_CENPB-dsRed_GFP_mcherry03_R3D_D3D_Z2_C1_T09.tif,15094.833333333334,Exp2018_032_IV_HeLa_MG132_YFP-AstrinWT_CENPB-dsRed_GFP_mcherry03_R3D_D3D_Z2_C0_T09.tif,10995.308969210175,13426.90275908479,7471.1325,9396.55
191,31_5,20728.323529411766,Exp2018_032_IV_HeLa_MG132_YFP-AstrinWT_CENPB-dsRed_GFP_mcherry03_R3D_D3D_Z2_C1_T09.tif,14566.470588235294,Exp2018_032_IV_HeLa_MG132_YFP-AstrinWT_CENPB-dsRed_GFP_mcherry03_R3D_D3D_Z2_C0_T09.tif,10995.308969210175,13426.90275908479,7471.1325,9396.55
192,31_6,19407.86046511628,Exp2018_032_IV_HeLa_MG132_YFP-AstrinWT_CENPB-dsRed_GFP_mcherry03_R3D_D3D_Z2_C1_T09.tif,13812.441860465116,Exp2018_032_IV_HeLa_MG132_YFP-AstrinWT_CENPB-dsRed_GFP_mcherry03_R3D_D3D_Z2_C0_T09.tif,10995.308969210175,13426.90275908479,7471.1325,9396.55
193,31_7,18565.5,Exp2018_032_IV_HeLa_MG132_YFP-AstrinWT_CENPB-dsRed_GFP_mcherry03_R3D_D3D_Z2_C1_T09.tif,15334.9375,Exp2018_032_IV_HeLa_MG132_YFP-AstrinWT_CENPB-dsRed_GFP_mcherry03_R3D_D3D_Z2_C0_T09.tif,10995.308969210175,13426.90275908479,7471.1325,9396.55
194,31_8,18626.763157894737,Exp2018_032_IV_HeLa_MG132_YFP-AstrinWT_CENPB-dsRed_GFP_mcherry03_R3D_D3D_Z2_C1_T09.tif,14513.0,Exp2018_032_IV_HeLa_MG132_YFP-AstrinWT_CENPB-dsRed_GFP_mcherry03_R3D_D3D_Z2_C0_T09.tif,10995.308969210175,13426.90275908479,7471.1325,9396.55
195,31_9,17505.083333333332,Exp2018_032_IV_HeLa_MG132_YFP-AstrinWT_CENPB-dsRed_GFP_mcherry03_R3D_D3D_Z2_C1_T09.tif,14299.75,Exp2018_032_IV_HeLa_MG132_YFP-AstrinWT_CENPB-dsRed_GFP_mcherry03_R3D_D3D_Z2_C0_T09.tif,10995.308969210175,13426.90275908479,7471.1325,9396.55
196,31_10,16934.6,Exp2018_032_IV_HeLa_MG132_YFP-AstrinWT_CENPB-dsRed_GFP_mcherry03_R3D_D3D_Z2_C1_T09.tif,14222.0,Exp2018_032_IV_HeLa_MG132_YFP-AstrinWT_CENPB-dsRed_GFP_mcherry03_R3D_D3D_Z2_C0_T09.tif,10995.308969210175,13426.90275908479,7471.1325,9396.55
197,31_11,18984.54,Exp2018_032_IV_HeLa_MG132_YFP-AstrinWT_CENPB-dsRed_GFP_mcherry03_R3D_D3D_Z2_C1_T09.tif,14001.24,Exp2018_032_IV_HeLa_MG132_YFP-AstrinWT_CENPB-dsRed_GFP_mcherry03_R3D_D3D_Z2_C0_T09.tif,10995.308969210175,13426.90275908479,7471.1325,9396.55
198,31_12,17860.666666666668,Exp2018_032_IV_HeLa_MG132_YFP-AstrinWT_CENPB-dsRed_GFP_mcherry03_R3D_D3D_Z2_C1_T09.tif,14275.0,Exp2018_032_IV_HeLa_MG132_YFP-AstrinWT_CENPB-dsRed_GFP_mcherry03_R3D_D3D_Z2_C0_T09.tif,10995.308969210175,13426.90275908479,7471.1325,9396.55
199,31_13,19012.74074074074,Exp2018_032_IV_HeLa_MG132_YFP-AstrinWT_CENPB-dsRed_GFP_mcherry03_R3D_D3D_Z2_C1_T09.tif,12428.641975308641,Exp2018_032_IV_HeLa_MG132_YFP-AstrinWT_CENPB-dsRed_GFP_mcherry03_R3D_D3D_Z2_C0_T09.tif,10995.308969210175,13426.90275908479,7471.1325,9396.55
200,32_1,18651.232558139534,Exp2018_032_IV_HeLa_MG132_YFP-AstrinWT_CENPB-dsRed_GFP_mcherry03_R3D_D3D_Z2_C1_T10.tif,13473.96511627907,Exp2018_032_IV_HeLa_MG132_YFP-AstrinWT_CENPB-dsRed_GFP_mcherry03_R3D_D3D_Z2_C0_T10.tif,10995.308969210175,13426.90275908479,7471.1325,9396.55
201,32_2,18941.229166666668,Exp2018_032_IV_HeLa_MG132_YFP-AstrinWT_CENPB-dsRed_GFP_mcherry03_R3D_D3D_Z2_C1_T10.tif,13579.822916666666,Exp2018_032_IV_HeLa_MG132_YFP-AstrinWT_CENPB-dsRed_GFP_mcherry03_R3D_D3D_Z2_C0_T10.tif,10995.308969210175,13426.90275908479,7471.1325,9396.55
202,32_3,18467.2,Exp2018_032_IV_HeLa_MG132_YFP-AstrinWT_CENPB-dsRed_GFP_mcherry03_R3D_D3D_Z2_C1_T10.tif,15137.2,Exp2018_032_IV_HeLa_MG132_YFP-AstrinWT_CENPB-dsRed_GFP_mcherry03_R3D_D3D_Z2_C0_T10.tif,10995.308969210175,13426.90275908479,7471.1325,9396.55
203,32_4,18727.6125,Exp2018_032_IV_HeLa_MG132_YFP-AstrinWT_CENPB-dsRed_GFP_mcherry03_R3D_D3D_Z2_C1_T10.tif,15615.575,Exp2018_032_IV_HeLa_MG132_YFP-AstrinWT_CENPB-dsRed_GFP_mcherry03_R3D_D3D_Z2_C0_T10.tif,10995.308969210175,13426.90275908479,7471.1325,9396.55
204,32_5,16402.652173913044,Exp2018_032_IV_HeLa_MG132_YFP-AstrinWT_CENPB-dsRed_GFP_mcherry03_R3D_D3D_Z2_C1_T10.tif,12466.608695652174,Exp2018_032_IV_HeLa_MG132_YFP-AstrinWT_CENPB-dsRed_GFP_mcherry03_R3D_D3D_Z2_C0_T10.tif,10995.308969210175,13426.90275908479,7471.1325,9396.55
205,32_6,18596.714285714286,Exp2018_032_IV_HeLa_MG132_YFP-AstrinWT_CENPB-dsRed_GFP_mcherry03_R3D_D3D_Z2_C1_T10.tif,13655.628571428571,Exp2018_032_IV_HeLa_MG132_YFP-AstrinWT_CENPB-dsRed_GFP_mcherry03_R3D_D3D_Z2_C0_T10.tif,10995.308969210175,13426.90275908479,7471.1325,9396.55
206,32_7,17774.545454545456,Exp2018_032_IV_HeLa_MG132_YFP-AstrinWT_CENPB-dsRed_GFP_mcherry03_R3D_D3D_Z2_C1_T10.tif,14813.420454545454,Exp2018_032_IV_HeLa_MG132_YFP-AstrinWT_CENPB-dsRed_GFP_mcherry03_R3D_D3D_Z2_C0_T10.tif,10995.308969210175,13426.90275908479,7471.1325,9396.55
207,32_8,18354.89197530864,Exp2018_032_IV_HeLa_MG132_YFP-AstrinWT_CENPB-dsRed_GFP_mcherry03_R3D_D3D_Z2_C1_T10.tif,13912.66975308642,Exp2018_032_IV_HeLa_MG132_YFP-AstrinWT_CENPB-dsRed_GFP_mcherry03_R3D_D3D_Z2_C0_T10.tif,10995.308969210175,13426.90275908479,7471.1325,9396.55
208,32_9,17249.125,Exp2018_032_IV_HeLa_MG132_YFP-AstrinWT_CENPB-dsRed_GFP_mcherry03_R3D_D3D_Z2_C1_T10.tif,11088.375,Exp2018_032_IV_HeLa_MG132_YFP-AstrinWT_CENPB-dsRed_GFP_mcherry03_R3D_D3D_Z2_C0_T10.tif,10995.308969210175,13426.90275908479,7471.1325,9396.55
