,label,area,mean_intensity_nuf2_CFP,fname_nuf2_CFP,mean_intensity_YFP_pp1,fname_YFP_pp1,nuf2_CFP_cyto,YFP_pp1_cyto,nuf2_CFP_bg,YFP_pp1_bg
0,0_1,170,5745.2588235294115,Expt2021_006_Set2_HeLaYFP-PP1_Nuf2-CFP_STLC_MG132_DMSO_well3_point1_18min01_R3D_D3D_Z00_C0_T0.tif,4178.664705882353,Expt2021_006_Set2_HeLaYFP-PP1_Nuf2-CFP_STLC_MG132_DMSO_well3_point1_18min01_R3D_D3D_Z00_C1_T0.tif,4339.975602089701,5588.57623227549,4127.17,3886.84
1,0_2,17,4881.0,Expt2021_006_Set2_HeLaYFP-PP1_Nuf2-CFP_STLC_MG132_DMSO_well3_point1_18min01_R3D_D3D_Z00_C0_T0.tif,8185.117647058823,Expt2021_006_Set2_HeLaYFP-PP1_Nuf2-CFP_STLC_MG132_DMSO_well3_point1_18min01_R3D_D3D_Z00_C1_T0.tif,4339.975602089701,5588.57623227549,4127.17,3886.84
2,0_3,12,5173.666666666667,Expt2021_006_Set2_HeLaYFP-PP1_Nuf2-CFP_STLC_MG132_DMSO_well3_point1_18min01_R3D_D3D_Z00_C0_T0.tif,9944.083333333334,Expt2021_006_Set2_HeLaYFP-PP1_Nuf2-CFP_STLC_MG132_DMSO_well3_point1_18min01_R3D_D3D_Z00_C1_T0.tif,4339.975602089701,5588.57623227549,4127.17,3886.84
3,0_4,30,5141.6,Expt2021_006_Set2_HeLaYFP-PP1_Nuf2-CFP_STLC_MG132_DMSO_well3_point1_18min01_R3D_D3D_Z00_C0_T0.tif,9103.766666666666,Expt2021_006_Set2_HeLaYFP-PP1_Nuf2-CFP_STLC_MG132_DMSO_well3_point1_18min01_R3D_D3D_Z00_C1_T0.tif,4339.975602089701,5588.57623227549,4127.17,3886.84
4,0_5,8,4984.375,Expt2021_006_Set2_HeLaYFP-PP1_Nuf2-CFP_STLC_MG132_DMSO_well3_point1_18min01_R3D_D3D_Z00_C0_T0.tif,9277.625,Expt2021_006_Set2_HeLaYFP-PP1_Nuf2-CFP_STLC_MG132_DMSO_well3_point1_18min01_R3D_D3D_Z00_C1_T0.tif,4339.975602089701,5588.57623227549,4127.17,3886.84
5,0_6,8,4746.25,Expt2021_006_Set2_HeLaYFP-PP1_Nuf2-CFP_STLC_MG132_DMSO_well3_point1_18min01_R3D_D3D_Z00_C0_T0.tif,4567.875,Expt2021_006_Set2_HeLaYFP-PP1_Nuf2-CFP_STLC_MG132_DMSO_well3_point1_18min01_R3D_D3D_Z00_C1_T0.tif,4339.975602089701,5588.57623227549,4127.17,3886.84
6,0_7,4,4990.75,Expt2021_006_Set2_HeLaYFP-PP1_Nuf2-CFP_STLC_MG132_DMSO_well3_point1_18min01_R3D_D3D_Z00_C0_T0.tif,3687.75,Expt2021_006_Set2_HeLaYFP-PP1_Nuf2-CFP_STLC_MG132_DMSO_well3_point1_18min01_R3D_D3D_Z00_C1_T0.tif,4339.975602089701,5588.57623227549,4127.17,3886.84
7,0_8,12,4976.25,Expt2021_006_Set2_HeLaYFP-PP1_Nuf2-CFP_STLC_MG132_DMSO_well3_point1_18min01_R3D_D3D_Z00_C0_T0.tif,5311.416666666667,Expt2021_006_Set2_HeLaYFP-PP1_Nuf2-CFP_STLC_MG132_DMSO_well3_point1_18min01_R3D_D3D_Z00_C1_T0.tif,4339.975602089701,5588.57623227549,4127.17,3886.84
8,0_9,8,4953.125,Expt2021_006_Set2_HeLaYFP-PP1_Nuf2-CFP_STLC_MG132_DMSO_well3_point1_18min01_R3D_D3D_Z00_C0_T0.tif,5448.0,Expt2021_006_Set2_HeLaYFP-PP1_Nuf2-CFP_STLC_MG132_DMSO_well3_point1_18min01_R3D_D3D_Z00_C1_T0.tif,4339.975602089701,5588.57623227549,4127.17,3886.84
9,0_10,28,4973.214285714285,Expt2021_006_Set2_HeLaYFP-PP1_Nuf2-CFP_STLC_MG132_DMSO_well3_point1_18min01_R3D_D3D_Z00_C0_T0.tif,5666.571428571428,Expt2021_006_Set2_HeLaYFP-PP1_Nuf2-CFP_STLC_MG132_DMSO_well3_point1_18min01_R3D_D3D_Z00_C1_T0.tif,4339.975602089701,5588.57623227549,4127.17,3886.84
10,0_11,12,5090.583333333333,Expt2021_006_Set2_HeLaYFP-PP1_Nuf2-CFP_STLC_MG132_DMSO_well3_point1_18min01_R3D_D3D_Z00_C0_T0.tif,4226.666666666667,Expt2021_006_Set2_HeLaYFP-PP1_Nuf2-CFP_STLC_MG132_DMSO_well3_point1_18min01_R3D_D3D_Z00_C1_T0.tif,4339.975602089701,5588.57623227549,4127.17,3886.84
11,0_12,437,5628.670480549199,Expt2021_006_Set2_HeLaYFP-PP1_Nuf2-CFP_STLC_MG132_DMSO_well3_point1_18min01_R3D_D3D_Z00_C0_T0.tif,4631.899313501144,Expt2021_006_Set2_HeLaYFP-PP1_Nuf2-CFP_STLC_MG132_DMSO_well3_point1_18min01_R3D_D3D_Z00_C1_T0.tif,4339.975602089701,5588.57623227549,4127.17,3886.84
12,1_1,165,5833.121212121212,Expt2021_006_Set2_HeLaYFP-PP1_Nuf2-CFP_STLC_MG132_DMSO_well3_point1_18min01_R3D_D3D_Z01_C0_T0.tif,4279.163636363636,Expt2021_006_Set2_HeLaYFP-PP1_Nuf2-CFP_STLC_MG132_DMSO_well3_point1_18min01_R3D_D3D_Z01_C1_T0.tif,4339.975602089701,5588.57623227549,4127.17,3886.84
13,1_2,16,4965.3125,Expt2021_006_Set2_HeLaYFP-PP1_Nuf2-CFP_STLC_MG132_DMSO_well3_point1_18min01_R3D_D3D_Z01_C0_T0.tif,8545.375,Expt2021_006_Set2_HeLaYFP-PP1_Nuf2-CFP_STLC_MG132_DMSO_well3_point1_18min01_R3D_D3D_Z01_C1_T0.tif,4339.975602089701,5588.57623227549,4127.17,3886.84
14,1_3,8,5069.875,Expt2021_006_Set2_HeLaYFP-PP1_Nuf2-CFP_STLC_MG132_DMSO_well3_point1_18min01_R3D_D3D_Z01_C0_T0.tif,7098.125,Expt2021_006_Set2_HeLaYFP-PP1_Nuf2-CFP_STLC_MG132_DMSO_well3_point1_18min01_R3D_D3D_Z01_C1_T0.tif,4339.975602089701,5588.57623227549,4127.17,3886.84
15,1_4,24,4920.916666666667,Expt2021_006_Set2_HeLaYFP-PP1_Nuf2-CFP_STLC_MG132_DMSO_well3_point1_18min01_R3D_D3D_Z01_C0_T0.tif,9183.208333333334,Expt2021_006_Set2_HeLaYFP-PP1_Nuf2-CFP_STLC_MG132_DMSO_well3_point1_18min01_R3D_D3D_Z01_C1_T0.tif,4339.975602089701,5588.57623227549,4127.17,3886.84
16,1_5,10,4950.0,Expt2021_006_Set2_HeLaYFP-PP1_Nuf2-CFP_STLC_MG132_DMSO_well3_point1_18min01_R3D_D3D_Z01_C0_T0.tif,9705.7,Expt2021_006_Set2_HeLaYFP-PP1_Nuf2-CFP_STLC_MG132_DMSO_well3_point1_18min01_R3D_D3D_Z01_C1_T0.tif,4339.975602089701,5588.57623227549,4127.17,3886.84
17,1_6,30,5034.466666666666,Expt2021_006_Set2_HeLaYFP-PP1_Nuf2-CFP_STLC_MG132_DMSO_well3_point1_18min01_R3D_D3D_Z01_C0_T0.tif,8987.166666666666,Expt2021_006_Set2_HeLaYFP-PP1_Nuf2-CFP_STLC_MG132_DMSO_well3_point1_18min01_R3D_D3D_Z01_C1_T0.tif,4339.975602089701,5588.57623227549,4127.17,3886.84
18,1_7,8,5074.5,Expt2021_006_Set2_HeLaYFP-PP1_Nuf2-CFP_STLC_MG132_DMSO_well3_point1_18min01_R3D_D3D_Z01_C0_T0.tif,9088.625,Expt2021_006_Set2_HeLaYFP-PP1_Nuf2-CFP_STLC_MG132_DMSO_well3_point1_18min01_R3D_D3D_Z01_C1_T0.tif,4339.975602089701,5588.57623227549,4127.17,3886.84
19,1_8,20,5001.3,Expt2021_006_Set2_HeLaYFP-PP1_Nuf2-CFP_STLC_MG132_DMSO_well3_point1_18min01_R3D_D3D_Z01_C0_T0.tif,8885.0,Expt2021_006_Set2_HeLaYFP-PP1_Nuf2-CFP_STLC_MG132_DMSO_well3_point1_18min01_R3D_D3D_Z01_C1_T0.tif,4339.975602089701,5588.57623227549,4127.17,3886.84
20,1_9,8,4981.75,Expt2021_006_Set2_HeLaYFP-PP1_Nuf2-CFP_STLC_MG132_DMSO_well3_point1_18min01_R3D_D3D_Z01_C0_T0.tif,5257.625,Expt2021_006_Set2_HeLaYFP-PP1_Nuf2-CFP_STLC_MG132_DMSO_well3_point1_18min01_R3D_D3D_Z01_C1_T0.tif,4339.975602089701,5588.57623227549,4127.17,3886.84
21,1_10,12,5000.0,Expt2021_006_Set2_HeLaYFP-PP1_Nuf2-CFP_STLC_MG132_DMSO_well3_point1_18min01_R3D_D3D_Z01_C0_T0.tif,4380.25,Expt2021_006_Set2_HeLaYFP-PP1_Nuf2-CFP_STLC_MG132_DMSO_well3_point1_18min01_R3D_D3D_Z01_C1_T0.tif,4339.975602089701,5588.57623227549,4127.17,3886.84
22,1_11,396,5601.300505050505,Expt2021_006_Set2_HeLaYFP-PP1_Nuf2-CFP_STLC_MG132_DMSO_well3_point1_18min01_R3D_D3D_Z01_C0_T0.tif,4692.512626262626,Expt2021_006_Set2_HeLaYFP-PP1_Nuf2-CFP_STLC_MG132_DMSO_well3_point1_18min01_R3D_D3D_Z01_C1_T0.tif,4339.975602089701,5588.57623227549,4127.17,3886.84
23,2_1,149,5847.718120805369,Expt2021_006_Set2_HeLaYFP-PP1_Nuf2-CFP_STLC_MG132_DMSO_well3_point1_18min01_R3D_D3D_Z02_C0_T0.tif,4453.677852348993,Expt2021_006_Set2_HeLaYFP-PP1_Nuf2-CFP_STLC_MG132_DMSO_well3_point1_18min01_R3D_D3D_Z02_C1_T0.tif,4339.975602089701,5588.57623227549,4127.17,3886.84
24,2_2,22,5058.863636363636,Expt2021_006_Set2_HeLaYFP-PP1_Nuf2-CFP_STLC_MG132_DMSO_well3_point1_18min01_R3D_D3D_Z02_C0_T0.tif,8693.545454545454,Expt2021_006_Set2_HeLaYFP-PP1_Nuf2-CFP_STLC_MG132_DMSO_well3_point1_18min01_R3D_D3D_Z02_C1_T0.tif,4339.975602089701,5588.57623227549,4127.17,3886.84
25,2_3,8,5108.75,Expt2021_006_Set2_HeLaYFP-PP1_Nuf2-CFP_STLC_MG132_DMSO_well3_point1_18min01_R3D_D3D_Z02_C0_T0.tif,6723.25,Expt2021_006_Set2_HeLaYFP-PP1_Nuf2-CFP_STLC_MG132_DMSO_well3_point1_18min01_R3D_D3D_Z02_C1_T0.tif,4339.975602089701,5588.57623227549,4127.17,3886.84
26,2_4,12,5055.916666666667,Expt2021_006_Set2_HeLaYFP-PP1_Nuf2-CFP_STLC_MG132_DMSO_well3_point1_18min01_R3D_D3D_Z02_C0_T0.tif,9410.333333333334,Expt2021_006_Set2_HeLaYFP-PP1_Nuf2-CFP_STLC_MG132_DMSO_well3_point1_18min01_R3D_D3D_Z02_C1_T0.tif,4339.975602089701,5588.57623227549,4127.17,3886.84
27,2_5,21,5041.238095238095,Expt2021_006_Set2_HeLaYFP-PP1_Nuf2-CFP_STLC_MG132_DMSO_well3_point1_18min01_R3D_D3D_Z02_C0_T0.tif,8373.095238095239,Expt2021_006_Set2_HeLaYFP-PP1_Nuf2-CFP_STLC_MG132_DMSO_well3_point1_18min01_R3D_D3D_Z02_C1_T0.tif,4339.975602089701,5588.57623227549,4127.17,3886.84
28,2_6,8,5062.5,Expt2021_006_Set2_HeLaYFP-PP1_Nuf2-CFP_STLC_MG132_DMSO_well3_point1_18min01_R3D_D3D_Z02_C0_T0.tif,8969.875,Expt2021_006_Set2_HeLaYFP-PP1_Nuf2-CFP_STLC_MG132_DMSO_well3_point1_18min01_R3D_D3D_Z02_C1_T0.tif,4339.975602089701,5588.57623227549,4127.17,3886.84
29,2_7,14,4985.357142857143,Expt2021_006_Set2_HeLaYFP-PP1_Nuf2-CFP_STLC_MG132_DMSO_well3_point1_18min01_R3D_D3D_Z02_C0_T0.tif,9162.5,Expt2021_006_Set2_HeLaYFP-PP1_Nuf2-CFP_STLC_MG132_DMSO_well3_point1_18min01_R3D_D3D_Z02_C1_T0.tif,4339.975602089701,5588.57623227549,4127.17,3886.84
30,2_8,16,5096.6875,Expt2021_006_Set2_HeLaYFP-PP1_Nuf2-CFP_STLC_MG132_DMSO_well3_point1_18min01_R3D_D3D_Z02_C0_T0.tif,6719.125,Expt2021_006_Set2_HeLaYFP-PP1_Nuf2-CFP_STLC_MG132_DMSO_well3_point1_18min01_R3D_D3D_Z02_C1_T0.tif,4339.975602089701,5588.57623227549,4127.17,3886.84
31,2_9,11,5044.818181818182,Expt2021_006_Set2_HeLaYFP-PP1_Nuf2-CFP_STLC_MG132_DMSO_well3_point1_18min01_R3D_D3D_Z02_C0_T0.tif,6244.363636363636,Expt2021_006_Set2_HeLaYFP-PP1_Nuf2-CFP_STLC_MG132_DMSO_well3_point1_18min01_R3D_D3D_Z02_C1_T0.tif,4339.975602089701,5588.57623227549,4127.17,3886.84
32,2_10,20,5050.65,Expt2021_006_Set2_HeLaYFP-PP1_Nuf2-CFP_STLC_MG132_DMSO_well3_point1_18min01_R3D_D3D_Z02_C0_T0.tif,5668.65,Expt2021_006_Set2_HeLaYFP-PP1_Nuf2-CFP_STLC_MG132_DMSO_well3_point1_18min01_R3D_D3D_Z02_C1_T0.tif,4339.975602089701,5588.57623227549,4127.17,3886.84
33,2_11,382,5510.539267015707,Expt2021_006_Set2_HeLaYFP-PP1_Nuf2-CFP_STLC_MG132_DMSO_well3_point1_18min01_R3D_D3D_Z02_C0_T0.tif,4720.808900523561,Expt2021_006_Set2_HeLaYFP-PP1_Nuf2-CFP_STLC_MG132_DMSO_well3_point1_18min01_R3D_D3D_Z02_C1_T0.tif,4339.975602089701,5588.57623227549,4127.17,3886.84
34,3_1,8,5281.0,Expt2021_006_Set2_HeLaYFP-PP1_Nuf2-CFP_STLC_MG132_DMSO_well3_point1_18min01_R3D_D3D_Z03_C0_T0.tif,3891.25,Expt2021_006_Set2_HeLaYFP-PP1_Nuf2-CFP_STLC_MG132_DMSO_well3_point1_18min01_R3D_D3D_Z03_C1_T0.tif,4339.975602089701,5588.57623227549,4127.17,3886.84
35,3_2,148,5875.871621621622,Expt2021_006_Set2_HeLaYFP-PP1_Nuf2-CFP_STLC_MG132_DMSO_well3_point1_18min01_R3D_D3D_Z03_C0_T0.tif,4508.155405405405,Expt2021_006_Set2_HeLaYFP-PP1_Nuf2-CFP_STLC_MG132_DMSO_well3_point1_18min01_R3D_D3D_Z03_C1_T0.tif,4339.975602089701,5588.57623227549,4127.17,3886.84
36,3_3,12,5161.25,Expt2021_006_Set2_HeLaYFP-PP1_Nuf2-CFP_STLC_MG132_DMSO_well3_point1_18min01_R3D_D3D_Z03_C0_T0.tif,8209.333333333334,Expt2021_006_Set2_HeLaYFP-PP1_Nuf2-CFP_STLC_MG132_DMSO_well3_point1_18min01_R3D_D3D_Z03_C1_T0.tif,4339.975602089701,5588.57623227549,4127.17,3886.84
37,3_4,10,5080.8,Expt2021_006_Set2_HeLaYFP-PP1_Nuf2-CFP_STLC_MG132_DMSO_well3_point1_18min01_R3D_D3D_Z03_C0_T0.tif,8950.6,Expt2021_006_Set2_HeLaYFP-PP1_Nuf2-CFP_STLC_MG132_DMSO_well3_point1_18min01_R3D_D3D_Z03_C1_T0.tif,4339.975602089701,5588.57623227549,4127.17,3886.84
38,3_5,334,5526.182634730539,Expt2021_006_Set2_HeLaYFP-PP1_Nuf2-CFP_STLC_MG132_DMSO_well3_point1_18min01_R3D_D3D_Z03_C0_T0.tif,4681.380239520958,Expt2021_006_Set2_HeLaYFP-PP1_Nuf2-CFP_STLC_MG132_DMSO_well3_point1_18min01_R3D_D3D_Z03_C1_T0.tif,4339.975602089701,5588.57623227549,4127.17,3886.84
39,4_1,16,5068.5625,Expt2021_006_Set2_HeLaYFP-PP1_Nuf2-CFP_STLC_MG132_DMSO_well3_point1_18min01_R3D_D3D_Z04_C0_T0.tif,4040.3125,Expt2021_006_Set2_HeLaYFP-PP1_Nuf2-CFP_STLC_MG132_DMSO_well3_point1_18min01_R3D_D3D_Z04_C1_T0.tif,4339.975602089701,5588.57623227549,4127.17,3886.84
40,4_2,148,5750.4324324324325,Expt2021_006_Set2_HeLaYFP-PP1_Nuf2-CFP_STLC_MG132_DMSO_well3_point1_18min01_R3D_D3D_Z04_C0_T0.tif,4403.554054054054,Expt2021_006_Set2_HeLaYFP-PP1_Nuf2-CFP_STLC_MG132_DMSO_well3_point1_18min01_R3D_D3D_Z04_C1_T0.tif,4339.975602089701,5588.57623227549,4127.17,3886.84
41,4_3,10,5020.2,Expt2021_006_Set2_HeLaYFP-PP1_Nuf2-CFP_STLC_MG132_DMSO_well3_point1_18min01_R3D_D3D_Z04_C0_T0.tif,8217.0,Expt2021_006_Set2_HeLaYFP-PP1_Nuf2-CFP_STLC_MG132_DMSO_well3_point1_18min01_R3D_D3D_Z04_C1_T0.tif,4339.975602089701,5588.57623227549,4127.17,3886.84
42,4_4,12,5113.583333333333,Expt2021_006_Set2_HeLaYFP-PP1_Nuf2-CFP_STLC_MG132_DMSO_well3_point1_18min01_R3D_D3D_Z04_C0_T0.tif,8431.083333333334,Expt2021_006_Set2_HeLaYFP-PP1_Nuf2-CFP_STLC_MG132_DMSO_well3_point1_18min01_R3D_D3D_Z04_C1_T0.tif,4339.975602089701,5588.57623227549,4127.17,3886.84
43,4_5,8,5141.25,Expt2021_006_Set2_HeLaYFP-PP1_Nuf2-CFP_STLC_MG132_DMSO_well3_point1_18min01_R3D_D3D_Z04_C0_T0.tif,8396.5,Expt2021_006_Set2_HeLaYFP-PP1_Nuf2-CFP_STLC_MG132_DMSO_well3_point1_18min01_R3D_D3D_Z04_C1_T0.tif,4339.975602089701,5588.57623227549,4127.17,3886.84
44,4_6,8,5171.625,Expt2021_006_Set2_HeLaYFP-PP1_Nuf2-CFP_STLC_MG132_DMSO_well3_point1_18min01_R3D_D3D_Z04_C0_T0.tif,8223.625,Expt2021_006_Set2_HeLaYFP-PP1_Nuf2-CFP_STLC_MG132_DMSO_well3_point1_18min01_R3D_D3D_Z04_C1_T0.tif,4339.975602089701,5588.57623227549,4127.17,3886.84
45,4_7,25,5092.52,Expt2021_006_Set2_HeLaYFP-PP1_Nuf2-CFP_STLC_MG132_DMSO_well3_point1_18min01_R3D_D3D_Z04_C0_T0.tif,8790.6,Expt2021_006_Set2_HeLaYFP-PP1_Nuf2-CFP_STLC_MG132_DMSO_well3_point1_18min01_R3D_D3D_Z04_C1_T0.tif,4339.975602089701,5588.57623227549,4127.17,3886.84
46,4_8,16,5139.875,Expt2021_006_Set2_HeLaYFP-PP1_Nuf2-CFP_STLC_MG132_DMSO_well3_point1_18min01_R3D_D3D_Z04_C0_T0.tif,8388.625,Expt2021_006_Set2_HeLaYFP-PP1_Nuf2-CFP_STLC_MG132_DMSO_well3_point1_18min01_R3D_D3D_Z04_C1_T0.tif,4339.975602089701,5588.57623227549,4127.17,3886.84
47,4_9,8,5156.75,Expt2021_006_Set2_HeLaYFP-PP1_Nuf2-CFP_STLC_MG132_DMSO_well3_point1_18min01_R3D_D3D_Z04_C0_T0.tif,9077.125,Expt2021_006_Set2_HeLaYFP-PP1_Nuf2-CFP_STLC_MG132_DMSO_well3_point1_18min01_R3D_D3D_Z04_C1_T0.tif,4339.975602089701,5588.57623227549,4127.17,3886.84
48,4_10,8,5112.625,Expt2021_006_Set2_HeLaYFP-PP1_Nuf2-CFP_STLC_MG132_DMSO_well3_point1_18min01_R3D_D3D_Z04_C0_T0.tif,8653.25,Expt2021_006_Set2_HeLaYFP-PP1_Nuf2-CFP_STLC_MG132_DMSO_well3_point1_18min01_R3D_D3D_Z04_C1_T0.tif,4339.975602089701,5588.57623227549,4127.17,3886.84
49,4_11,12,4914.583333333333,Expt2021_006_Set2_HeLaYFP-PP1_Nuf2-CFP_STLC_MG132_DMSO_well3_point1_18min01_R3D_D3D_Z04_C0_T0.tif,5473.5,Expt2021_006_Set2_HeLaYFP-PP1_Nuf2-CFP_STLC_MG132_DMSO_well3_point1_18min01_R3D_D3D_Z04_C1_T0.tif,4339.975602089701,5588.57623227549,4127.17,3886.84
50,4_12,14,5064.642857142857,Expt2021_006_Set2_HeLaYFP-PP1_Nuf2-CFP_STLC_MG132_DMSO_well3_point1_18min01_R3D_D3D_Z04_C0_T0.tif,4105.714285714285,Expt2021_006_Set2_HeLaYFP-PP1_Nuf2-CFP_STLC_MG132_DMSO_well3_point1_18min01_R3D_D3D_Z04_C1_T0.tif,4339.975602089701,5588.57623227549,4127.17,3886.84
51,4_13,302,5432.867549668874,Expt2021_006_Set2_HeLaYFP-PP1_Nuf2-CFP_STLC_MG132_DMSO_well3_point1_18min01_R3D_D3D_Z04_C0_T0.tif,4680.615894039735,Expt2021_006_Set2_HeLaYFP-PP1_Nuf2-CFP_STLC_MG132_DMSO_well3_point1_18min01_R3D_D3D_Z04_C1_T0.tif,4339.975602089701,5588.57623227549,4127.17,3886.84
52,5_1,108,5749.425925925926,Expt2021_006_Set2_HeLaYFP-PP1_Nuf2-CFP_STLC_MG132_DMSO_well3_point1_18min01_R3D_D3D_Z05_C0_T0.tif,4394.712962962963,Expt2021_006_Set2_HeLaYFP-PP1_Nuf2-CFP_STLC_MG132_DMSO_well3_point1_18min01_R3D_D3D_Z05_C1_T0.tif,4339.975602089701,5588.57623227549,4127.17,3886.84
53,5_2,8,5418.125,Expt2021_006_Set2_HeLaYFP-PP1_Nuf2-CFP_STLC_MG132_DMSO_well3_point1_18min01_R3D_D3D_Z05_C0_T0.tif,8297.125,Expt2021_006_Set2_HeLaYFP-PP1_Nuf2-CFP_STLC_MG132_DMSO_well3_point1_18min01_R3D_D3D_Z05_C1_T0.tif,4339.975602089701,5588.57623227549,4127.17,3886.84
54,5_3,12,5212.583333333333,Expt2021_006_Set2_HeLaYFP-PP1_Nuf2-CFP_STLC_MG132_DMSO_well3_point1_18min01_R3D_D3D_Z05_C0_T0.tif,8553.0,Expt2021_006_Set2_HeLaYFP-PP1_Nuf2-CFP_STLC_MG132_DMSO_well3_point1_18min01_R3D_D3D_Z05_C1_T0.tif,4339.975602089701,5588.57623227549,4127.17,3886.84
55,5_4,12,5356.333333333333,Expt2021_006_Set2_HeLaYFP-PP1_Nuf2-CFP_STLC_MG132_DMSO_well3_point1_18min01_R3D_D3D_Z05_C0_T0.tif,8862.916666666666,Expt2021_006_Set2_HeLaYFP-PP1_Nuf2-CFP_STLC_MG132_DMSO_well3_point1_18min01_R3D_D3D_Z05_C1_T0.tif,4339.975602089701,5588.57623227549,4127.17,3886.84
56,5_5,12,5278.416666666667,Expt2021_006_Set2_HeLaYFP-PP1_Nuf2-CFP_STLC_MG132_DMSO_well3_point1_18min01_R3D_D3D_Z05_C0_T0.tif,8009.333333333333,Expt2021_006_Set2_HeLaYFP-PP1_Nuf2-CFP_STLC_MG132_DMSO_well3_point1_18min01_R3D_D3D_Z05_C1_T0.tif,4339.975602089701,5588.57623227549,4127.17,3886.84
57,5_6,12,5209.416666666667,Expt2021_006_Set2_HeLaYFP-PP1_Nuf2-CFP_STLC_MG132_DMSO_well3_point1_18min01_R3D_D3D_Z05_C0_T0.tif,8813.5,Expt2021_006_Set2_HeLaYFP-PP1_Nuf2-CFP_STLC_MG132_DMSO_well3_point1_18min01_R3D_D3D_Z05_C1_T0.tif,4339.975602089701,5588.57623227549,4127.17,3886.84
58,5_7,12,5123.833333333333,Expt2021_006_Set2_HeLaYFP-PP1_Nuf2-CFP_STLC_MG132_DMSO_well3_point1_18min01_R3D_D3D_Z05_C0_T0.tif,8196.583333333334,Expt2021_006_Set2_HeLaYFP-PP1_Nuf2-CFP_STLC_MG132_DMSO_well3_point1_18min01_R3D_D3D_Z05_C1_T0.tif,4339.975602089701,5588.57623227549,4127.17,3886.84
59,5_8,22,5250.909090909091,Expt2021_006_Set2_HeLaYFP-PP1_Nuf2-CFP_STLC_MG132_DMSO_well3_point1_18min01_R3D_D3D_Z05_C0_T0.tif,4169.863636363636,Expt2021_006_Set2_HeLaYFP-PP1_Nuf2-CFP_STLC_MG132_DMSO_well3_point1_18min01_R3D_D3D_Z05_C1_T0.tif,4339.975602089701,5588.57623227549,4127.17,3886.84
60,5_9,148,5392.472972972973,Expt2021_006_Set2_HeLaYFP-PP1_Nuf2-CFP_STLC_MG132_DMSO_well3_point1_18min01_R3D_D3D_Z05_C0_T0.tif,4658.804054054054,Expt2021_006_Set2_HeLaYFP-PP1_Nuf2-CFP_STLC_MG132_DMSO_well3_point1_18min01_R3D_D3D_Z05_C1_T0.tif,4339.975602089701,5588.57623227549,4127.17,3886.84
61,5_10,48,5641.041666666667,Expt2021_006_Set2_HeLaYFP-PP1_Nuf2-CFP_STLC_MG132_DMSO_well3_point1_18min01_R3D_D3D_Z05_C0_T0.tif,4654.645833333333,Expt2021_006_Set2_HeLaYFP-PP1_Nuf2-CFP_STLC_MG132_DMSO_well3_point1_18min01_R3D_D3D_Z05_C1_T0.tif,4339.975602089701,5588.57623227549,4127.17,3886.84
62,6_1,69,5794.144927536232,Expt2021_006_Set2_HeLaYFP-PP1_Nuf2-CFP_STLC_MG132_DMSO_well3_point1_18min01_R3D_D3D_Z06_C0_T0.tif,4327.217391304348,Expt2021_006_Set2_HeLaYFP-PP1_Nuf2-CFP_STLC_MG132_DMSO_well3_point1_18min01_R3D_D3D_Z06_C1_T0.tif,4339.975602089701,5588.57623227549,4127.17,3886.84
63,6_2,16,5461.0625,Expt2021_006_Set2_HeLaYFP-PP1_Nuf2-CFP_STLC_MG132_DMSO_well3_point1_18min01_R3D_D3D_Z06_C0_T0.tif,4164.5,Expt2021_006_Set2_HeLaYFP-PP1_Nuf2-CFP_STLC_MG132_DMSO_well3_point1_18min01_R3D_D3D_Z06_C1_T0.tif,4339.975602089701,5588.57623227549,4127.17,3886.84
64,6_3,29,5512.724137931034,Expt2021_006_Set2_HeLaYFP-PP1_Nuf2-CFP_STLC_MG132_DMSO_well3_point1_18min01_R3D_D3D_Z06_C0_T0.tif,4656.137931034483,Expt2021_006_Set2_HeLaYFP-PP1_Nuf2-CFP_STLC_MG132_DMSO_well3_point1_18min01_R3D_D3D_Z06_C1_T0.tif,4339.975602089701,5588.57623227549,4127.17,3886.84
65,6_4,46,5865.347826086957,Expt2021_006_Set2_HeLaYFP-PP1_Nuf2-CFP_STLC_MG132_DMSO_well3_point1_18min01_R3D_D3D_Z06_C0_T0.tif,4716.152173913043,Expt2021_006_Set2_HeLaYFP-PP1_Nuf2-CFP_STLC_MG132_DMSO_well3_point1_18min01_R3D_D3D_Z06_C1_T0.tif,4339.975602089701,5588.57623227549,4127.17,3886.84
66,7_1,66,5534.606060606061,Expt2021_006_Set2_HeLaYFP-PP1_Nuf2-CFP_STLC_MG132_DMSO_well3_point1_18min01_R3D_D3D_Z07_C0_T0.tif,4282.924242424242,Expt2021_006_Set2_HeLaYFP-PP1_Nuf2-CFP_STLC_MG132_DMSO_well3_point1_18min01_R3D_D3D_Z07_C1_T0.tif,4339.975602089701,5588.57623227549,4127.17,3886.84
67,7_2,8,5381.125,Expt2021_006_Set2_HeLaYFP-PP1_Nuf2-CFP_STLC_MG132_DMSO_well3_point1_18min01_R3D_D3D_Z07_C0_T0.tif,8622.5,Expt2021_006_Set2_HeLaYFP-PP1_Nuf2-CFP_STLC_MG132_DMSO_well3_point1_18min01_R3D_D3D_Z07_C1_T0.tif,4339.975602089701,5588.57623227549,4127.17,3886.84
68,7_3,12,5375.416666666667,Expt2021_006_Set2_HeLaYFP-PP1_Nuf2-CFP_STLC_MG132_DMSO_well3_point1_18min01_R3D_D3D_Z07_C0_T0.tif,4657.333333333333,Expt2021_006_Set2_HeLaYFP-PP1_Nuf2-CFP_STLC_MG132_DMSO_well3_point1_18min01_R3D_D3D_Z07_C1_T0.tif,4339.975602089701,5588.57623227549,4127.17,3886.84
69,7_4,51,5823.254901960784,Expt2021_006_Set2_HeLaYFP-PP1_Nuf2-CFP_STLC_MG132_DMSO_well3_point1_18min01_R3D_D3D_Z07_C0_T0.tif,4745.313725490196,Expt2021_006_Set2_HeLaYFP-PP1_Nuf2-CFP_STLC_MG132_DMSO_well3_point1_18min01_R3D_D3D_Z07_C1_T0.tif,4339.975602089701,5588.57623227549,4127.17,3886.84
70,8_1,23,5405.086956521739,Expt2021_006_Set2_HeLaYFP-PP1_Nuf2-CFP_STLC_MG132_DMSO_well3_point1_18min01_R3D_D3D_Z08_C0_T0.tif,4275.304347826087,Expt2021_006_Set2_HeLaYFP-PP1_Nuf2-CFP_STLC_MG132_DMSO_well3_point1_18min01_R3D_D3D_Z08_C1_T0.tif,4339.975602089701,5588.57623227549,4127.17,3886.84
71,8_2,42,5791.666666666667,Expt2021_006_Set2_HeLaYFP-PP1_Nuf2-CFP_STLC_MG132_DMSO_well3_point1_18min01_R3D_D3D_Z08_C0_T0.tif,4705.285714285715,Expt2021_006_Set2_HeLaYFP-PP1_Nuf2-CFP_STLC_MG132_DMSO_well3_point1_18min01_R3D_D3D_Z08_C1_T0.tif,4339.975602089701,5588.57623227549,4127.17,3886.84
72,9_1,8,5137.125,Expt2021_006_Set2_HeLaYFP-PP1_Nuf2-CFP_STLC_MG132_DMSO_well3_point1_18min01_R3D_D3D_Z09_C0_T0.tif,8815.75,Expt2021_006_Set2_HeLaYFP-PP1_Nuf2-CFP_STLC_MG132_DMSO_well3_point1_18min01_R3D_D3D_Z09_C1_T0.tif,4339.975602089701,5588.57623227549,4127.17,3886.84
73,9_2,8,5005.625,Expt2021_006_Set2_HeLaYFP-PP1_Nuf2-CFP_STLC_MG132_DMSO_well3_point1_18min01_R3D_D3D_Z09_C0_T0.tif,8116.75,Expt2021_006_Set2_HeLaYFP-PP1_Nuf2-CFP_STLC_MG132_DMSO_well3_point1_18min01_R3D_D3D_Z09_C1_T0.tif,4339.975602089701,5588.57623227549,4127.17,3886.84
74,9_3,16,5156.0625,Expt2021_006_Set2_HeLaYFP-PP1_Nuf2-CFP_STLC_MG132_DMSO_well3_point1_18min01_R3D_D3D_Z09_C0_T0.tif,4302.875,Expt2021_006_Set2_HeLaYFP-PP1_Nuf2-CFP_STLC_MG132_DMSO_well3_point1_18min01_R3D_D3D_Z09_C1_T0.tif,4339.975602089701,5588.57623227549,4127.17,3886.84
75,9_4,12,5091.333333333333,Expt2021_006_Set2_HeLaYFP-PP1_Nuf2-CFP_STLC_MG132_DMSO_well3_point1_18min01_R3D_D3D_Z09_C0_T0.tif,4063.9166666666665,Expt2021_006_Set2_HeLaYFP-PP1_Nuf2-CFP_STLC_MG132_DMSO_well3_point1_18min01_R3D_D3D_Z09_C1_T0.tif,4339.975602089701,5588.57623227549,4127.17,3886.84
76,9_5,37,5321.513513513513,Expt2021_006_Set2_HeLaYFP-PP1_Nuf2-CFP_STLC_MG132_DMSO_well3_point1_18min01_R3D_D3D_Z09_C0_T0.tif,4532.594594594595,Expt2021_006_Set2_HeLaYFP-PP1_Nuf2-CFP_STLC_MG132_DMSO_well3_point1_18min01_R3D_D3D_Z09_C1_T0.tif,4339.975602089701,5588.57623227549,4127.17,3886.84
77,9_6,14,5176.0,Expt2021_006_Set2_HeLaYFP-PP1_Nuf2-CFP_STLC_MG132_DMSO_well3_point1_18min01_R3D_D3D_Z09_C0_T0.tif,4594.357142857143,Expt2021_006_Set2_HeLaYFP-PP1_Nuf2-CFP_STLC_MG132_DMSO_well3_point1_18min01_R3D_D3D_Z09_C1_T0.tif,4339.975602089701,5588.57623227549,4127.17,3886.84
78,10_1,16,4824.8125,Expt2021_006_Set2_HeLaYFP-PP1_Nuf2-CFP_STLC_MG132_DMSO_well3_point1_18min01_R3D_D3D_Z10_C0_T0.tif,3999.375,Expt2021_006_Set2_HeLaYFP-PP1_Nuf2-CFP_STLC_MG132_DMSO_well3_point1_18min01_R3D_D3D_Z10_C1_T0.tif,4339.975602089701,5588.57623227549,4127.17,3886.84
79,10_2,14,4945.357142857143,Expt2021_006_Set2_HeLaYFP-PP1_Nuf2-CFP_STLC_MG132_DMSO_well3_point1_18min01_R3D_D3D_Z10_C0_T0.tif,4154.857142857143,Expt2021_006_Set2_HeLaYFP-PP1_Nuf2-CFP_STLC_MG132_DMSO_well3_point1_18min01_R3D_D3D_Z10_C1_T0.tif,4339.975602089701,5588.57623227549,4127.17,3886.84
80,10_3,41,4918.829268292683,Expt2021_006_Set2_HeLaYFP-PP1_Nuf2-CFP_STLC_MG132_DMSO_well3_point1_18min01_R3D_D3D_Z10_C0_T0.tif,4030.731707317073,Expt2021_006_Set2_HeLaYFP-PP1_Nuf2-CFP_STLC_MG132_DMSO_well3_point1_18min01_R3D_D3D_Z10_C1_T0.tif,4339.975602089701,5588.57623227549,4127.17,3886.84
81,10_4,8,4818.75,Expt2021_006_Set2_HeLaYFP-PP1_Nuf2-CFP_STLC_MG132_DMSO_well3_point1_18min01_R3D_D3D_Z10_C0_T0.tif,8224.375,Expt2021_006_Set2_HeLaYFP-PP1_Nuf2-CFP_STLC_MG132_DMSO_well3_point1_18min01_R3D_D3D_Z10_C1_T0.tif,4339.975602089701,5588.57623227549,4127.17,3886.84
82,10_5,21,4783.047619047619,Expt2021_006_Set2_HeLaYFP-PP1_Nuf2-CFP_STLC_MG132_DMSO_well3_point1_18min01_R3D_D3D_Z10_C0_T0.tif,8077.0,Expt2021_006_Set2_HeLaYFP-PP1_Nuf2-CFP_STLC_MG132_DMSO_well3_point1_18min01_R3D_D3D_Z10_C1_T0.tif,4339.975602089701,5588.57623227549,4127.17,3886.84
83,10_6,16,4884.0,Expt2021_006_Set2_HeLaYFP-PP1_Nuf2-CFP_STLC_MG132_DMSO_well3_point1_18min01_R3D_D3D_Z10_C0_T0.tif,8935.3125,Expt2021_006_Set2_HeLaYFP-PP1_Nuf2-CFP_STLC_MG132_DMSO_well3_point1_18min01_R3D_D3D_Z10_C1_T0.tif,4339.975602089701,5588.57623227549,4127.17,3886.84
84,10_7,8,4771.25,Expt2021_006_Set2_HeLaYFP-PP1_Nuf2-CFP_STLC_MG132_DMSO_well3_point1_18min01_R3D_D3D_Z10_C0_T0.tif,8283.625,Expt2021_006_Set2_HeLaYFP-PP1_Nuf2-CFP_STLC_MG132_DMSO_well3_point1_18min01_R3D_D3D_Z10_C1_T0.tif,4339.975602089701,5588.57623227549,4127.17,3886.84
85,10_8,19,4846.789473684211,Expt2021_006_Set2_HeLaYFP-PP1_Nuf2-CFP_STLC_MG132_DMSO_well3_point1_18min01_R3D_D3D_Z10_C0_T0.tif,8331.315789473685,Expt2021_006_Set2_HeLaYFP-PP1_Nuf2-CFP_STLC_MG132_DMSO_well3_point1_18min01_R3D_D3D_Z10_C1_T0.tif,4339.975602089701,5588.57623227549,4127.17,3886.84
86,10_9,8,4631.5,Expt2021_006_Set2_HeLaYFP-PP1_Nuf2-CFP_STLC_MG132_DMSO_well3_point1_18min01_R3D_D3D_Z10_C0_T0.tif,9268.75,Expt2021_006_Set2_HeLaYFP-PP1_Nuf2-CFP_STLC_MG132_DMSO_well3_point1_18min01_R3D_D3D_Z10_C1_T0.tif,4339.975602089701,5588.57623227549,4127.17,3886.84
87,10_10,8,4817.25,Expt2021_006_Set2_HeLaYFP-PP1_Nuf2-CFP_STLC_MG132_DMSO_well3_point1_18min01_R3D_D3D_Z10_C0_T0.tif,7686.625,Expt2021_006_Set2_HeLaYFP-PP1_Nuf2-CFP_STLC_MG132_DMSO_well3_point1_18min01_R3D_D3D_Z10_C1_T0.tif,4339.975602089701,5588.57623227549,4127.17,3886.84
88,10_11,8,4707.625,Expt2021_006_Set2_HeLaYFP-PP1_Nuf2-CFP_STLC_MG132_DMSO_well3_point1_18min01_R3D_D3D_Z10_C0_T0.tif,8483.625,Expt2021_006_Set2_HeLaYFP-PP1_Nuf2-CFP_STLC_MG132_DMSO_well3_point1_18min01_R3D_D3D_Z10_C1_T0.tif,4339.975602089701,5588.57623227549,4127.17,3886.84
89,10_12,16,4939.3125,Expt2021_006_Set2_HeLaYFP-PP1_Nuf2-CFP_STLC_MG132_DMSO_well3_point1_18min01_R3D_D3D_Z10_C0_T0.tif,7870.9375,Expt2021_006_Set2_HeLaYFP-PP1_Nuf2-CFP_STLC_MG132_DMSO_well3_point1_18min01_R3D_D3D_Z10_C1_T0.tif,4339.975602089701,5588.57623227549,4127.17,3886.84
90,10_13,19,4837.0,Expt2021_006_Set2_HeLaYFP-PP1_Nuf2-CFP_STLC_MG132_DMSO_well3_point1_18min01_R3D_D3D_Z10_C0_T0.tif,8296.894736842105,Expt2021_006_Set2_HeLaYFP-PP1_Nuf2-CFP_STLC_MG132_DMSO_well3_point1_18min01_R3D_D3D_Z10_C1_T0.tif,4339.975602089701,5588.57623227549,4127.17,3886.84
91,10_14,14,4770.214285714285,Expt2021_006_Set2_HeLaYFP-PP1_Nuf2-CFP_STLC_MG132_DMSO_well3_point1_18min01_R3D_D3D_Z10_C0_T0.tif,8466.285714285714,Expt2021_006_Set2_HeLaYFP-PP1_Nuf2-CFP_STLC_MG132_DMSO_well3_point1_18min01_R3D_D3D_Z10_C1_T0.tif,4339.975602089701,5588.57623227549,4127.17,3886.84
92,10_15,8,4744.5,Expt2021_006_Set2_HeLaYFP-PP1_Nuf2-CFP_STLC_MG132_DMSO_well3_point1_18min01_R3D_D3D_Z10_C0_T0.tif,6011.5,Expt2021_006_Set2_HeLaYFP-PP1_Nuf2-CFP_STLC_MG132_DMSO_well3_point1_18min01_R3D_D3D_Z10_C1_T0.tif,4339.975602089701,5588.57623227549,4127.17,3886.84
93,10_16,8,4980.125,Expt2021_006_Set2_HeLaYFP-PP1_Nuf2-CFP_STLC_MG132_DMSO_well3_point1_18min01_R3D_D3D_Z10_C0_T0.tif,8174.125,Expt2021_006_Set2_HeLaYFP-PP1_Nuf2-CFP_STLC_MG132_DMSO_well3_point1_18min01_R3D_D3D_Z10_C1_T0.tif,4339.975602089701,5588.57623227549,4127.17,3886.84
94,10_17,8,4888.5,Expt2021_006_Set2_HeLaYFP-PP1_Nuf2-CFP_STLC_MG132_DMSO_well3_point1_18min01_R3D_D3D_Z10_C0_T0.tif,7602.625,Expt2021_006_Set2_HeLaYFP-PP1_Nuf2-CFP_STLC_MG132_DMSO_well3_point1_18min01_R3D_D3D_Z10_C1_T0.tif,4339.975602089701,5588.57623227549,4127.17,3886.84
95,10_18,22,4858.227272727273,Expt2021_006_Set2_HeLaYFP-PP1_Nuf2-CFP_STLC_MG132_DMSO_well3_point1_18min01_R3D_D3D_Z10_C0_T0.tif,4230.590909090909,Expt2021_006_Set2_HeLaYFP-PP1_Nuf2-CFP_STLC_MG132_DMSO_well3_point1_18min01_R3D_D3D_Z10_C1_T0.tif,4339.975602089701,5588.57623227549,4127.17,3886.84
96,10_19,35,4940.8,Expt2021_006_Set2_HeLaYFP-PP1_Nuf2-CFP_STLC_MG132_DMSO_well3_point1_18min01_R3D_D3D_Z10_C0_T0.tif,4245.057142857143,Expt2021_006_Set2_HeLaYFP-PP1_Nuf2-CFP_STLC_MG132_DMSO_well3_point1_18min01_R3D_D3D_Z10_C1_T0.tif,4339.975602089701,5588.57623227549,4127.17,3886.84
97,10_20,24,4889.375,Expt2021_006_Set2_HeLaYFP-PP1_Nuf2-CFP_STLC_MG132_DMSO_well3_point1_18min01_R3D_D3D_Z10_C0_T0.tif,4001.9583333333335,Expt2021_006_Set2_HeLaYFP-PP1_Nuf2-CFP_STLC_MG132_DMSO_well3_point1_18min01_R3D_D3D_Z10_C1_T0.tif,4339.975602089701,5588.57623227549,4127.17,3886.84
98,10_21,71,4969.521126760564,Expt2021_006_Set2_HeLaYFP-PP1_Nuf2-CFP_STLC_MG132_DMSO_well3_point1_18min01_R3D_D3D_Z10_C0_T0.tif,4417.985915492958,Expt2021_006_Set2_HeLaYFP-PP1_Nuf2-CFP_STLC_MG132_DMSO_well3_point1_18min01_R3D_D3D_Z10_C1_T0.tif,4339.975602089701,5588.57623227549,4127.17,3886.84
99,10_22,8,4878.5,Expt2021_006_Set2_HeLaYFP-PP1_Nuf2-CFP_STLC_MG132_DMSO_well3_point1_18min01_R3D_D3D_Z10_C0_T0.tif,4284.375,Expt2021_006_Set2_HeLaYFP-PP1_Nuf2-CFP_STLC_MG132_DMSO_well3_point1_18min01_R3D_D3D_Z10_C1_T0.tif,4339.975602089701,5588.57623227549,4127.17,3886.84
100,10_23,8,4826.125,Expt2021_006_Set2_HeLaYFP-PP1_Nuf2-CFP_STLC_MG132_DMSO_well3_point1_18min01_R3D_D3D_Z10_C0_T0.tif,4483.75,Expt2021_006_Set2_HeLaYFP-PP1_Nuf2-CFP_STLC_MG132_DMSO_well3_point1_18min01_R3D_D3D_Z10_C1_T0.tif,4339.975602089701,5588.57623227549,4127.17,3886.84
101,10_24,23,4952.434782608696,Expt2021_006_Set2_HeLaYFP-PP1_Nuf2-CFP_STLC_MG132_DMSO_well3_point1_18min01_R3D_D3D_Z10_C0_T0.tif,4717.391304347826,Expt2021_006_Set2_HeLaYFP-PP1_Nuf2-CFP_STLC_MG132_DMSO_well3_point1_18min01_R3D_D3D_Z10_C1_T0.tif,4339.975602089701,5588.57623227549,4127.17,3886.84
102,11_1,12,5068.75,Expt2021_006_Set2_HeLaYFP-PP1_Nuf2-CFP_STLC_MG132_DMSO_well3_point1_18min01_R3D_D3D_Z11_C0_T0.tif,4102.0,Expt2021_006_Set2_HeLaYFP-PP1_Nuf2-CFP_STLC_MG132_DMSO_well3_point1_18min01_R3D_D3D_Z11_C1_T0.tif,4339.975602089701,5588.57623227549,4127.17,3886.84
103,11_2,12,5030.833333333333,Expt2021_006_Set2_HeLaYFP-PP1_Nuf2-CFP_STLC_MG132_DMSO_well3_point1_18min01_R3D_D3D_Z11_C0_T0.tif,8115.75,Expt2021_006_Set2_HeLaYFP-PP1_Nuf2-CFP_STLC_MG132_DMSO_well3_point1_18min01_R3D_D3D_Z11_C1_T0.tif,4339.975602089701,5588.57623227549,4127.17,3886.84
104,11_3,8,4967.125,Expt2021_006_Set2_HeLaYFP-PP1_Nuf2-CFP_STLC_MG132_DMSO_well3_point1_18min01_R3D_D3D_Z11_C0_T0.tif,6176.5,Expt2021_006_Set2_HeLaYFP-PP1_Nuf2-CFP_STLC_MG132_DMSO_well3_point1_18min01_R3D_D3D_Z11_C1_T0.tif,4339.975602089701,5588.57623227549,4127.17,3886.84
105,11_4,8,5193.625,Expt2021_006_Set2_HeLaYFP-PP1_Nuf2-CFP_STLC_MG132_DMSO_well3_point1_18min01_R3D_D3D_Z11_C0_T0.tif,8238.5,Expt2021_006_Set2_HeLaYFP-PP1_Nuf2-CFP_STLC_MG132_DMSO_well3_point1_18min01_R3D_D3D_Z11_C1_T0.tif,4339.975602089701,5588.57623227549,4127.17,3886.84
106,11_5,12,5125.166666666667,Expt2021_006_Set2_HeLaYFP-PP1_Nuf2-CFP_STLC_MG132_DMSO_well3_point1_18min01_R3D_D3D_Z11_C0_T0.tif,8567.5,Expt2021_006_Set2_HeLaYFP-PP1_Nuf2-CFP_STLC_MG132_DMSO_well3_point1_18min01_R3D_D3D_Z11_C1_T0.tif,4339.975602089701,5588.57623227549,4127.17,3886.84
107,11_6,19,4871.894736842105,Expt2021_006_Set2_HeLaYFP-PP1_Nuf2-CFP_STLC_MG132_DMSO_well3_point1_18min01_R3D_D3D_Z11_C0_T0.tif,8251.473684210527,Expt2021_006_Set2_HeLaYFP-PP1_Nuf2-CFP_STLC_MG132_DMSO_well3_point1_18min01_R3D_D3D_Z11_C1_T0.tif,4339.975602089701,5588.57623227549,4127.17,3886.84
108,11_7,8,5021.0,Expt2021_006_Set2_HeLaYFP-PP1_Nuf2-CFP_STLC_MG132_DMSO_well3_point1_18min01_R3D_D3D_Z11_C0_T0.tif,8049.625,Expt2021_006_Set2_HeLaYFP-PP1_Nuf2-CFP_STLC_MG132_DMSO_well3_point1_18min01_R3D_D3D_Z11_C1_T0.tif,4339.975602089701,5588.57623227549,4127.17,3886.84
109,11_8,47,5226.063829787234,Expt2021_006_Set2_HeLaYFP-PP1_Nuf2-CFP_STLC_MG132_DMSO_well3_point1_18min01_R3D_D3D_Z11_C0_T0.tif,4427.489361702128,Expt2021_006_Set2_HeLaYFP-PP1_Nuf2-CFP_STLC_MG132_DMSO_well3_point1_18min01_R3D_D3D_Z11_C1_T0.tif,4339.975602089701,5588.57623227549,4127.17,3886.84
110,11_9,16,5061.0625,Expt2021_006_Set2_HeLaYFP-PP1_Nuf2-CFP_STLC_MG132_DMSO_well3_point1_18min01_R3D_D3D_Z11_C0_T0.tif,3986.6875,Expt2021_006_Set2_HeLaYFP-PP1_Nuf2-CFP_STLC_MG132_DMSO_well3_point1_18min01_R3D_D3D_Z11_C1_T0.tif,4339.975602089701,5588.57623227549,4127.17,3886.84
111,12_1,8,5132.625,Expt2021_006_Set2_HeLaYFP-PP1_Nuf2-CFP_STLC_MG132_DMSO_well3_point1_18min01_R3D_D3D_Z12_C0_T0.tif,8445.0,Expt2021_006_Set2_HeLaYFP-PP1_Nuf2-CFP_STLC_MG132_DMSO_well3_point1_18min01_R3D_D3D_Z12_C1_T0.tif,4339.975602089701,5588.57623227549,4127.17,3886.84
112,12_2,49,5537.34693877551,Expt2021_006_Set2_HeLaYFP-PP1_Nuf2-CFP_STLC_MG132_DMSO_well3_point1_18min01_R3D_D3D_Z12_C0_T0.tif,4455.734693877551,Expt2021_006_Set2_HeLaYFP-PP1_Nuf2-CFP_STLC_MG132_DMSO_well3_point1_18min01_R3D_D3D_Z12_C1_T0.tif,4339.975602089701,5588.57623227549,4127.17,3886.84
113,12_3,8,5060.0,Expt2021_006_Set2_HeLaYFP-PP1_Nuf2-CFP_STLC_MG132_DMSO_well3_point1_18min01_R3D_D3D_Z12_C0_T0.tif,4555.0,Expt2021_006_Set2_HeLaYFP-PP1_Nuf2-CFP_STLC_MG132_DMSO_well3_point1_18min01_R3D_D3D_Z12_C1_T0.tif,4339.975602089701,5588.57623227549,4127.17,3886.84
114,13_1,12,5125.416666666667,Expt2021_006_Set2_HeLaYFP-PP1_Nuf2-CFP_STLC_MG132_DMSO_well3_point1_18min01_R3D_D3D_Z13_C0_T0.tif,8001.5,Expt2021_006_Set2_HeLaYFP-PP1_Nuf2-CFP_STLC_MG132_DMSO_well3_point1_18min01_R3D_D3D_Z13_C1_T0.tif,4339.975602089701,5588.57623227549,4127.17,3886.84
115,13_2,48,5811.958333333333,Expt2021_006_Set2_HeLaYFP-PP1_Nuf2-CFP_STLC_MG132_DMSO_well3_point1_18min01_R3D_D3D_Z13_C0_T0.tif,4458.770833333333,Expt2021_006_Set2_HeLaYFP-PP1_Nuf2-CFP_STLC_MG132_DMSO_well3_point1_18min01_R3D_D3D_Z13_C1_T0.tif,4339.975602089701,5588.57623227549,4127.17,3886.84
116,13_3,6,5170.5,Expt2021_006_Set2_HeLaYFP-PP1_Nuf2-CFP_STLC_MG132_DMSO_well3_point1_18min01_R3D_D3D_Z13_C0_T0.tif,4762.333333333333,Expt2021_006_Set2_HeLaYFP-PP1_Nuf2-CFP_STLC_MG132_DMSO_well3_point1_18min01_R3D_D3D_Z13_C1_T0.tif,4339.975602089701,5588.57623227549,4127.17,3886.84
117,14_1,8,5223.625,Expt2021_006_Set2_HeLaYFP-PP1_Nuf2-CFP_STLC_MG132_DMSO_well3_point1_18min01_R3D_D3D_Z14_C0_T0.tif,8260.375,Expt2021_006_Set2_HeLaYFP-PP1_Nuf2-CFP_STLC_MG132_DMSO_well3_point1_18min01_R3D_D3D_Z14_C1_T0.tif,4339.975602089701,5588.57623227549,4127.17,3886.84
118,14_2,8,5101.25,Expt2021_006_Set2_HeLaYFP-PP1_Nuf2-CFP_STLC_MG132_DMSO_well3_point1_18min01_R3D_D3D_Z14_C0_T0.tif,8027.875,Expt2021_006_Set2_HeLaYFP-PP1_Nuf2-CFP_STLC_MG132_DMSO_well3_point1_18min01_R3D_D3D_Z14_C1_T0.tif,4339.975602089701,5588.57623227549,4127.17,3886.84
119,14_3,16,5070.25,Expt2021_006_Set2_HeLaYFP-PP1_Nuf2-CFP_STLC_MG132_DMSO_well3_point1_18min01_R3D_D3D_Z14_C0_T0.tif,7947.875,Expt2021_006_Set2_HeLaYFP-PP1_Nuf2-CFP_STLC_MG132_DMSO_well3_point1_18min01_R3D_D3D_Z14_C1_T0.tif,4339.975602089701,5588.57623227549,4127.17,3886.84
120,14_4,12,4978.833333333333,Expt2021_006_Set2_HeLaYFP-PP1_Nuf2-CFP_STLC_MG132_DMSO_well3_point1_18min01_R3D_D3D_Z14_C0_T0.tif,8375.416666666666,Expt2021_006_Set2_HeLaYFP-PP1_Nuf2-CFP_STLC_MG132_DMSO_well3_point1_18min01_R3D_D3D_Z14_C1_T0.tif,4339.975602089701,5588.57623227549,4127.17,3886.84
121,14_5,12,4985.916666666667,Expt2021_006_Set2_HeLaYFP-PP1_Nuf2-CFP_STLC_MG132_DMSO_well3_point1_18min01_R3D_D3D_Z14_C0_T0.tif,7761.416666666667,Expt2021_006_Set2_HeLaYFP-PP1_Nuf2-CFP_STLC_MG132_DMSO_well3_point1_18min01_R3D_D3D_Z14_C1_T0.tif,4339.975602089701,5588.57623227549,4127.17,3886.84
122,14_6,56,5690.732142857143,Expt2021_006_Set2_HeLaYFP-PP1_Nuf2-CFP_STLC_MG132_DMSO_well3_point1_18min01_R3D_D3D_Z14_C0_T0.tif,4392.196428571428,Expt2021_006_Set2_HeLaYFP-PP1_Nuf2-CFP_STLC_MG132_DMSO_well3_point1_18min01_R3D_D3D_Z14_C1_T0.tif,4339.975602089701,5588.57623227549,4127.17,3886.84
123,14_7,12,5161.916666666667,Expt2021_006_Set2_HeLaYFP-PP1_Nuf2-CFP_STLC_MG132_DMSO_well3_point1_18min01_R3D_D3D_Z14_C0_T0.tif,4481.083333333333,Expt2021_006_Set2_HeLaYFP-PP1_Nuf2-CFP_STLC_MG132_DMSO_well3_point1_18min01_R3D_D3D_Z14_C1_T0.tif,4339.975602089701,5588.57623227549,4127.17,3886.84
124,14_8,4,5165.75,Expt2021_006_Set2_HeLaYFP-PP1_Nuf2-CFP_STLC_MG132_DMSO_well3_point1_18min01_R3D_D3D_Z14_C0_T0.tif,4857.75,Expt2021_006_Set2_HeLaYFP-PP1_Nuf2-CFP_STLC_MG132_DMSO_well3_point1_18min01_R3D_D3D_Z14_C1_T0.tif,4339.975602089701,5588.57623227549,4127.17,3886.84
125,15_1,8,5145.125,Expt2021_006_Set2_HeLaYFP-PP1_Nuf2-CFP_STLC_MG132_DMSO_well3_point1_18min01_R3D_D3D_Z15_C0_T0.tif,8828.125,Expt2021_006_Set2_HeLaYFP-PP1_Nuf2-CFP_STLC_MG132_DMSO_well3_point1_18min01_R3D_D3D_Z15_C1_T0.tif,4339.975602089701,5588.57623227549,4127.17,3886.84
126,15_2,12,5068.75,Expt2021_006_Set2_HeLaYFP-PP1_Nuf2-CFP_STLC_MG132_DMSO_well3_point1_18min01_R3D_D3D_Z15_C0_T0.tif,8049.583333333333,Expt2021_006_Set2_HeLaYFP-PP1_Nuf2-CFP_STLC_MG132_DMSO_well3_point1_18min01_R3D_D3D_Z15_C1_T0.tif,4339.975602089701,5588.57623227549,4127.17,3886.84
127,15_3,53,5371.509433962264,Expt2021_006_Set2_HeLaYFP-PP1_Nuf2-CFP_STLC_MG132_DMSO_well3_point1_18min01_R3D_D3D_Z15_C0_T0.tif,4442.169811320755,Expt2021_006_Set2_HeLaYFP-PP1_Nuf2-CFP_STLC_MG132_DMSO_well3_point1_18min01_R3D_D3D_Z15_C1_T0.tif,4339.975602089701,5588.57623227549,4127.17,3886.84
128,16_1,36,4869.805555555556,Expt2021_006_Set2_HeLaYFP-PP1_Nuf2-CFP_STLC_MG132_DMSO_well3_point1_18min01_R3D_D3D_Z16_C0_T0.tif,8211.805555555555,Expt2021_006_Set2_HeLaYFP-PP1_Nuf2-CFP_STLC_MG132_DMSO_well3_point1_18min01_R3D_D3D_Z16_C1_T0.tif,4339.975602089701,5588.57623227549,4127.17,3886.84
129,16_2,35,4859.657142857143,Expt2021_006_Set2_HeLaYFP-PP1_Nuf2-CFP_STLC_MG132_DMSO_well3_point1_18min01_R3D_D3D_Z16_C0_T0.tif,8607.228571428572,Expt2021_006_Set2_HeLaYFP-PP1_Nuf2-CFP_STLC_MG132_DMSO_well3_point1_18min01_R3D_D3D_Z16_C1_T0.tif,4339.975602089701,5588.57623227549,4127.17,3886.84
130,16_3,16,4913.25,Expt2021_006_Set2_HeLaYFP-PP1_Nuf2-CFP_STLC_MG132_DMSO_well3_point1_18min01_R3D_D3D_Z16_C0_T0.tif,8740.875,Expt2021_006_Set2_HeLaYFP-PP1_Nuf2-CFP_STLC_MG132_DMSO_well3_point1_18min01_R3D_D3D_Z16_C1_T0.tif,4339.975602089701,5588.57623227549,4127.17,3886.84
131,16_4,19,4914.894736842105,Expt2021_006_Set2_HeLaYFP-PP1_Nuf2-CFP_STLC_MG132_DMSO_well3_point1_18min01_R3D_D3D_Z16_C0_T0.tif,8104.368421052632,Expt2021_006_Set2_HeLaYFP-PP1_Nuf2-CFP_STLC_MG132_DMSO_well3_point1_18min01_R3D_D3D_Z16_C1_T0.tif,4339.975602089701,5588.57623227549,4127.17,3886.84
132,16_5,16,4735.3125,Expt2021_006_Set2_HeLaYFP-PP1_Nuf2-CFP_STLC_MG132_DMSO_well3_point1_18min01_R3D_D3D_Z16_C0_T0.tif,7929.0,Expt2021_006_Set2_HeLaYFP-PP1_Nuf2-CFP_STLC_MG132_DMSO_well3_point1_18min01_R3D_D3D_Z16_C1_T0.tif,4339.975602089701,5588.57623227549,4127.17,3886.84
133,16_6,22,4906.272727272727,Expt2021_006_Set2_HeLaYFP-PP1_Nuf2-CFP_STLC_MG132_DMSO_well3_point1_18min01_R3D_D3D_Z16_C0_T0.tif,7728.545454545455,Expt2021_006_Set2_HeLaYFP-PP1_Nuf2-CFP_STLC_MG132_DMSO_well3_point1_18min01_R3D_D3D_Z16_C1_T0.tif,4339.975602089701,5588.57623227549,4127.17,3886.84
134,16_7,16,4872.875,Expt2021_006_Set2_HeLaYFP-PP1_Nuf2-CFP_STLC_MG132_DMSO_well3_point1_18min01_R3D_D3D_Z16_C0_T0.tif,7501.0,Expt2021_006_Set2_HeLaYFP-PP1_Nuf2-CFP_STLC_MG132_DMSO_well3_point1_18min01_R3D_D3D_Z16_C1_T0.tif,4339.975602089701,5588.57623227549,4127.17,3886.84
135,16_8,8,4900.5,Expt2021_006_Set2_HeLaYFP-PP1_Nuf2-CFP_STLC_MG132_DMSO_well3_point1_18min01_R3D_D3D_Z16_C0_T0.tif,7928.625,Expt2021_006_Set2_HeLaYFP-PP1_Nuf2-CFP_STLC_MG132_DMSO_well3_point1_18min01_R3D_D3D_Z16_C1_T0.tif,4339.975602089701,5588.57623227549,4127.17,3886.84
136,16_9,76,4989.25,Expt2021_006_Set2_HeLaYFP-PP1_Nuf2-CFP_STLC_MG132_DMSO_well3_point1_18min01_R3D_D3D_Z16_C0_T0.tif,4408.171052631579,Expt2021_006_Set2_HeLaYFP-PP1_Nuf2-CFP_STLC_MG132_DMSO_well3_point1_18min01_R3D_D3D_Z16_C1_T0.tif,4339.975602089701,5588.57623227549,4127.17,3886.84
137,16_10,8,4810.0,Expt2021_006_Set2_HeLaYFP-PP1_Nuf2-CFP_STLC_MG132_DMSO_well3_point1_18min01_R3D_D3D_Z16_C0_T0.tif,4098.25,Expt2021_006_Set2_HeLaYFP-PP1_Nuf2-CFP_STLC_MG132_DMSO_well3_point1_18min01_R3D_D3D_Z16_C1_T0.tif,4339.975602089701,5588.57623227549,4127.17,3886.84
138,16_11,25,4941.16,Expt2021_006_Set2_HeLaYFP-PP1_Nuf2-CFP_STLC_MG132_DMSO_well3_point1_18min01_R3D_D3D_Z16_C0_T0.tif,4162.28,Expt2021_006_Set2_HeLaYFP-PP1_Nuf2-CFP_STLC_MG132_DMSO_well3_point1_18min01_R3D_D3D_Z16_C1_T0.tif,4339.975602089701,5588.57623227549,4127.17,3886.84
139,16_12,5,4904.4,Expt2021_006_Set2_HeLaYFP-PP1_Nuf2-CFP_STLC_MG132_DMSO_well3_point1_18min01_R3D_D3D_Z16_C0_T0.tif,4056.0,Expt2021_006_Set2_HeLaYFP-PP1_Nuf2-CFP_STLC_MG132_DMSO_well3_point1_18min01_R3D_D3D_Z16_C1_T0.tif,4339.975602089701,5588.57623227549,4127.17,3886.84
140,16_13,13,5020.153846153846,Expt2021_006_Set2_HeLaYFP-PP1_Nuf2-CFP_STLC_MG132_DMSO_well3_point1_18min01_R3D_D3D_Z16_C0_T0.tif,4510.076923076923,Expt2021_006_Set2_HeLaYFP-PP1_Nuf2-CFP_STLC_MG132_DMSO_well3_point1_18min01_R3D_D3D_Z16_C1_T0.tif,4339.975602089701,5588.57623227549,4127.17,3886.84
141,16_14,16,4895.3125,Expt2021_006_Set2_HeLaYFP-PP1_Nuf2-CFP_STLC_MG132_DMSO_well3_point1_18min01_R3D_D3D_Z16_C0_T0.tif,4648.875,Expt2021_006_Set2_HeLaYFP-PP1_Nuf2-CFP_STLC_MG132_DMSO_well3_point1_18min01_R3D_D3D_Z16_C1_T0.tif,4339.975602089701,5588.57623227549,4127.17,3886.84
142,17_1,8,4649.25,Expt2021_006_Set2_HeLaYFP-PP1_Nuf2-CFP_STLC_MG132_DMSO_well3_point1_18min01_R3D_D3D_Z17_C0_T0.tif,5000.0,Expt2021_006_Set2_HeLaYFP-PP1_Nuf2-CFP_STLC_MG132_DMSO_well3_point1_18min01_R3D_D3D_Z17_C1_T0.tif,4339.975602089701,5588.57623227549,4127.17,3886.84
143,17_2,8,4689.875,Expt2021_006_Set2_HeLaYFP-PP1_Nuf2-CFP_STLC_MG132_DMSO_well3_point1_18min01_R3D_D3D_Z17_C0_T0.tif,6777.75,Expt2021_006_Set2_HeLaYFP-PP1_Nuf2-CFP_STLC_MG132_DMSO_well3_point1_18min01_R3D_D3D_Z17_C1_T0.tif,4339.975602089701,5588.57623227549,4127.17,3886.84
144,17_3,12,4932.25,Expt2021_006_Set2_HeLaYFP-PP1_Nuf2-CFP_STLC_MG132_DMSO_well3_point1_18min01_R3D_D3D_Z17_C0_T0.tif,8017.416666666667,Expt2021_006_Set2_HeLaYFP-PP1_Nuf2-CFP_STLC_MG132_DMSO_well3_point1_18min01_R3D_D3D_Z17_C1_T0.tif,4339.975602089701,5588.57623227549,4127.17,3886.84
145,17_4,12,4918.583333333333,Expt2021_006_Set2_HeLaYFP-PP1_Nuf2-CFP_STLC_MG132_DMSO_well3_point1_18min01_R3D_D3D_Z17_C0_T0.tif,8062.916666666667,Expt2021_006_Set2_HeLaYFP-PP1_Nuf2-CFP_STLC_MG132_DMSO_well3_point1_18min01_R3D_D3D_Z17_C1_T0.tif,4339.975602089701,5588.57623227549,4127.17,3886.84
146,17_5,32,4875.96875,Expt2021_006_Set2_HeLaYFP-PP1_Nuf2-CFP_STLC_MG132_DMSO_well3_point1_18min01_R3D_D3D_Z17_C0_T0.tif,8461.6875,Expt2021_006_Set2_HeLaYFP-PP1_Nuf2-CFP_STLC_MG132_DMSO_well3_point1_18min01_R3D_D3D_Z17_C1_T0.tif,4339.975602089701,5588.57623227549,4127.17,3886.84
147,17_6,12,4813.666666666667,Expt2021_006_Set2_HeLaYFP-PP1_Nuf2-CFP_STLC_MG132_DMSO_well3_point1_18min01_R3D_D3D_Z17_C0_T0.tif,7967.75,Expt2021_006_Set2_HeLaYFP-PP1_Nuf2-CFP_STLC_MG132_DMSO_well3_point1_18min01_R3D_D3D_Z17_C1_T0.tif,4339.975602089701,5588.57623227549,4127.17,3886.84
148,17_7,17,4854.64705882353,Expt2021_006_Set2_HeLaYFP-PP1_Nuf2-CFP_STLC_MG132_DMSO_well3_point1_18min01_R3D_D3D_Z17_C0_T0.tif,7644.588235294118,Expt2021_006_Set2_HeLaYFP-PP1_Nuf2-CFP_STLC_MG132_DMSO_well3_point1_18min01_R3D_D3D_Z17_C1_T0.tif,4339.975602089701,5588.57623227549,4127.17,3886.84
149,17_8,10,4739.5,Expt2021_006_Set2_HeLaYFP-PP1_Nuf2-CFP_STLC_MG132_DMSO_well3_point1_18min01_R3D_D3D_Z17_C0_T0.tif,6413.1,Expt2021_006_Set2_HeLaYFP-PP1_Nuf2-CFP_STLC_MG132_DMSO_well3_point1_18min01_R3D_D3D_Z17_C1_T0.tif,4339.975602089701,5588.57623227549,4127.17,3886.84
150,17_9,8,4827.625,Expt2021_006_Set2_HeLaYFP-PP1_Nuf2-CFP_STLC_MG132_DMSO_well3_point1_18min01_R3D_D3D_Z17_C0_T0.tif,8377.875,Expt2021_006_Set2_HeLaYFP-PP1_Nuf2-CFP_STLC_MG132_DMSO_well3_point1_18min01_R3D_D3D_Z17_C1_T0.tif,4339.975602089701,5588.57623227549,4127.17,3886.84
151,17_10,8,4816.25,Expt2021_006_Set2_HeLaYFP-PP1_Nuf2-CFP_STLC_MG132_DMSO_well3_point1_18min01_R3D_D3D_Z17_C0_T0.tif,8133.5,Expt2021_006_Set2_HeLaYFP-PP1_Nuf2-CFP_STLC_MG132_DMSO_well3_point1_18min01_R3D_D3D_Z17_C1_T0.tif,4339.975602089701,5588.57623227549,4127.17,3886.84
152,17_11,12,4818.333333333333,Expt2021_006_Set2_HeLaYFP-PP1_Nuf2-CFP_STLC_MG132_DMSO_well3_point1_18min01_R3D_D3D_Z17_C0_T0.tif,8053.916666666667,Expt2021_006_Set2_HeLaYFP-PP1_Nuf2-CFP_STLC_MG132_DMSO_well3_point1_18min01_R3D_D3D_Z17_C1_T0.tif,4339.975602089701,5588.57623227549,4127.17,3886.84
153,17_12,16,4885.0625,Expt2021_006_Set2_HeLaYFP-PP1_Nuf2-CFP_STLC_MG132_DMSO_well3_point1_18min01_R3D_D3D_Z17_C0_T0.tif,7941.3125,Expt2021_006_Set2_HeLaYFP-PP1_Nuf2-CFP_STLC_MG132_DMSO_well3_point1_18min01_R3D_D3D_Z17_C1_T0.tif,4339.975602089701,5588.57623227549,4127.17,3886.84
154,17_13,12,4804.916666666667,Expt2021_006_Set2_HeLaYFP-PP1_Nuf2-CFP_STLC_MG132_DMSO_well3_point1_18min01_R3D_D3D_Z17_C0_T0.tif,7953.166666666667,Expt2021_006_Set2_HeLaYFP-PP1_Nuf2-CFP_STLC_MG132_DMSO_well3_point1_18min01_R3D_D3D_Z17_C1_T0.tif,4339.975602089701,5588.57623227549,4127.17,3886.84
155,17_14,14,4710.428571428572,Expt2021_006_Set2_HeLaYFP-PP1_Nuf2-CFP_STLC_MG132_DMSO_well3_point1_18min01_R3D_D3D_Z17_C0_T0.tif,7737.857142857143,Expt2021_006_Set2_HeLaYFP-PP1_Nuf2-CFP_STLC_MG132_DMSO_well3_point1_18min01_R3D_D3D_Z17_C1_T0.tif,4339.975602089701,5588.57623227549,4127.17,3886.84
156,17_15,21,4945.666666666667,Expt2021_006_Set2_HeLaYFP-PP1_Nuf2-CFP_STLC_MG132_DMSO_well3_point1_18min01_R3D_D3D_Z17_C0_T0.tif,8195.42857142857,Expt2021_006_Set2_HeLaYFP-PP1_Nuf2-CFP_STLC_MG132_DMSO_well3_point1_18min01_R3D_D3D_Z17_C1_T0.tif,4339.975602089701,5588.57623227549,4127.17,3886.84
157,17_16,8,4782.875,Expt2021_006_Set2_HeLaYFP-PP1_Nuf2-CFP_STLC_MG132_DMSO_well3_point1_18min01_R3D_D3D_Z17_C0_T0.tif,6677.5,Expt2021_006_Set2_HeLaYFP-PP1_Nuf2-CFP_STLC_MG132_DMSO_well3_point1_18min01_R3D_D3D_Z17_C1_T0.tif,4339.975602089701,5588.57623227549,4127.17,3886.84
158,17_17,23,4825.0,Expt2021_006_Set2_HeLaYFP-PP1_Nuf2-CFP_STLC_MG132_DMSO_well3_point1_18min01_R3D_D3D_Z17_C0_T0.tif,4242.0,Expt2021_006_Set2_HeLaYFP-PP1_Nuf2-CFP_STLC_MG132_DMSO_well3_point1_18min01_R3D_D3D_Z17_C1_T0.tif,4339.975602089701,5588.57623227549,4127.17,3886.84
159,17_18,28,4896.535714285715,Expt2021_006_Set2_HeLaYFP-PP1_Nuf2-CFP_STLC_MG132_DMSO_well3_point1_18min01_R3D_D3D_Z17_C0_T0.tif,4391.035714285715,Expt2021_006_Set2_HeLaYFP-PP1_Nuf2-CFP_STLC_MG132_DMSO_well3_point1_18min01_R3D_D3D_Z17_C1_T0.tif,4339.975602089701,5588.57623227549,4127.17,3886.84
160,17_19,8,4906.375,Expt2021_006_Set2_HeLaYFP-PP1_Nuf2-CFP_STLC_MG132_DMSO_well3_point1_18min01_R3D_D3D_Z17_C0_T0.tif,4227.25,Expt2021_006_Set2_HeLaYFP-PP1_Nuf2-CFP_STLC_MG132_DMSO_well3_point1_18min01_R3D_D3D_Z17_C1_T0.tif,4339.975602089701,5588.57623227549,4127.17,3886.84
161,17_20,16,4883.6875,Expt2021_006_Set2_HeLaYFP-PP1_Nuf2-CFP_STLC_MG132_DMSO_well3_point1_18min01_R3D_D3D_Z17_C0_T0.tif,4162.625,Expt2021_006_Set2_HeLaYFP-PP1_Nuf2-CFP_STLC_MG132_DMSO_well3_point1_18min01_R3D_D3D_Z17_C1_T0.tif,4339.975602089701,5588.57623227549,4127.17,3886.84
162,17_21,30,4863.433333333333,Expt2021_006_Set2_HeLaYFP-PP1_Nuf2-CFP_STLC_MG132_DMSO_well3_point1_18min01_R3D_D3D_Z17_C0_T0.tif,4105.7,Expt2021_006_Set2_HeLaYFP-PP1_Nuf2-CFP_STLC_MG132_DMSO_well3_point1_18min01_R3D_D3D_Z17_C1_T0.tif,4339.975602089701,5588.57623227549,4127.17,3886.84
163,17_22,16,4887.625,Expt2021_006_Set2_HeLaYFP-PP1_Nuf2-CFP_STLC_MG132_DMSO_well3_point1_18min01_R3D_D3D_Z17_C0_T0.tif,4200.375,Expt2021_006_Set2_HeLaYFP-PP1_Nuf2-CFP_STLC_MG132_DMSO_well3_point1_18min01_R3D_D3D_Z17_C1_T0.tif,4339.975602089701,5588.57623227549,4127.17,3886.84
164,17_23,13,4881.692307692308,Expt2021_006_Set2_HeLaYFP-PP1_Nuf2-CFP_STLC_MG132_DMSO_well3_point1_18min01_R3D_D3D_Z17_C0_T0.tif,4551.0,Expt2021_006_Set2_HeLaYFP-PP1_Nuf2-CFP_STLC_MG132_DMSO_well3_point1_18min01_R3D_D3D_Z17_C1_T0.tif,4339.975602089701,5588.57623227549,4127.17,3886.84
165,18_1,19,4934.1578947368425,Expt2021_006_Set2_HeLaYFP-PP1_Nuf2-CFP_STLC_MG132_DMSO_well3_point1_18min01_R3D_D3D_Z18_C0_T0.tif,8290.78947368421,Expt2021_006_Set2_HeLaYFP-PP1_Nuf2-CFP_STLC_MG132_DMSO_well3_point1_18min01_R3D_D3D_Z18_C1_T0.tif,4339.975602089701,5588.57623227549,4127.17,3886.84
166,18_2,21,4873.761904761905,Expt2021_006_Set2_HeLaYFP-PP1_Nuf2-CFP_STLC_MG132_DMSO_well3_point1_18min01_R3D_D3D_Z18_C0_T0.tif,8251.714285714286,Expt2021_006_Set2_HeLaYFP-PP1_Nuf2-CFP_STLC_MG132_DMSO_well3_point1_18min01_R3D_D3D_Z18_C1_T0.tif,4339.975602089701,5588.57623227549,4127.17,3886.84
167,18_3,8,4964.875,Expt2021_006_Set2_HeLaYFP-PP1_Nuf2-CFP_STLC_MG132_DMSO_well3_point1_18min01_R3D_D3D_Z18_C0_T0.tif,7397.875,Expt2021_006_Set2_HeLaYFP-PP1_Nuf2-CFP_STLC_MG132_DMSO_well3_point1_18min01_R3D_D3D_Z18_C1_T0.tif,4339.975602089701,5588.57623227549,4127.17,3886.84
168,18_4,8,4811.375,Expt2021_006_Set2_HeLaYFP-PP1_Nuf2-CFP_STLC_MG132_DMSO_well3_point1_18min01_R3D_D3D_Z18_C0_T0.tif,8071.0,Expt2021_006_Set2_HeLaYFP-PP1_Nuf2-CFP_STLC_MG132_DMSO_well3_point1_18min01_R3D_D3D_Z18_C1_T0.tif,4339.975602089701,5588.57623227549,4127.17,3886.84
169,18_5,19,4820.894736842105,Expt2021_006_Set2_HeLaYFP-PP1_Nuf2-CFP_STLC_MG132_DMSO_well3_point1_18min01_R3D_D3D_Z18_C0_T0.tif,8108.0526315789475,Expt2021_006_Set2_HeLaYFP-PP1_Nuf2-CFP_STLC_MG132_DMSO_well3_point1_18min01_R3D_D3D_Z18_C1_T0.tif,4339.975602089701,5588.57623227549,4127.17,3886.84
170,18_6,14,4818.071428571428,Expt2021_006_Set2_HeLaYFP-PP1_Nuf2-CFP_STLC_MG132_DMSO_well3_point1_18min01_R3D_D3D_Z18_C0_T0.tif,6587.857142857143,Expt2021_006_Set2_HeLaYFP-PP1_Nuf2-CFP_STLC_MG132_DMSO_well3_point1_18min01_R3D_D3D_Z18_C1_T0.tif,4339.975602089701,5588.57623227549,4127.17,3886.84
171,18_7,8,4750.0,Expt2021_006_Set2_HeLaYFP-PP1_Nuf2-CFP_STLC_MG132_DMSO_well3_point1_18min01_R3D_D3D_Z18_C0_T0.tif,8875.375,Expt2021_006_Set2_HeLaYFP-PP1_Nuf2-CFP_STLC_MG132_DMSO_well3_point1_18min01_R3D_D3D_Z18_C1_T0.tif,4339.975602089701,5588.57623227549,4127.17,3886.84
172,18_8,16,4878.625,Expt2021_006_Set2_HeLaYFP-PP1_Nuf2-CFP_STLC_MG132_DMSO_well3_point1_18min01_R3D_D3D_Z18_C0_T0.tif,7527.1875,Expt2021_006_Set2_HeLaYFP-PP1_Nuf2-CFP_STLC_MG132_DMSO_well3_point1_18min01_R3D_D3D_Z18_C1_T0.tif,4339.975602089701,5588.57623227549,4127.17,3886.84
173,18_9,18,4919.666666666667,Expt2021_006_Set2_HeLaYFP-PP1_Nuf2-CFP_STLC_MG132_DMSO_well3_point1_18min01_R3D_D3D_Z18_C0_T0.tif,8241.222222222223,Expt2021_006_Set2_HeLaYFP-PP1_Nuf2-CFP_STLC_MG132_DMSO_well3_point1_18min01_R3D_D3D_Z18_C1_T0.tif,4339.975602089701,5588.57623227549,4127.17,3886.84
174,18_10,18,4921.5,Expt2021_006_Set2_HeLaYFP-PP1_Nuf2-CFP_STLC_MG132_DMSO_well3_point1_18min01_R3D_D3D_Z18_C0_T0.tif,7711.611111111111,Expt2021_006_Set2_HeLaYFP-PP1_Nuf2-CFP_STLC_MG132_DMSO_well3_point1_18min01_R3D_D3D_Z18_C1_T0.tif,4339.975602089701,5588.57623227549,4127.17,3886.84
175,18_11,12,4917.583333333333,Expt2021_006_Set2_HeLaYFP-PP1_Nuf2-CFP_STLC_MG132_DMSO_well3_point1_18min01_R3D_D3D_Z18_C0_T0.tif,4130.666666666667,Expt2021_006_Set2_HeLaYFP-PP1_Nuf2-CFP_STLC_MG132_DMSO_well3_point1_18min01_R3D_D3D_Z18_C1_T0.tif,4339.975602089701,5588.57623227549,4127.17,3886.84
176,18_12,12,4875.833333333333,Expt2021_006_Set2_HeLaYFP-PP1_Nuf2-CFP_STLC_MG132_DMSO_well3_point1_18min01_R3D_D3D_Z18_C0_T0.tif,4239.0,Expt2021_006_Set2_HeLaYFP-PP1_Nuf2-CFP_STLC_MG132_DMSO_well3_point1_18min01_R3D_D3D_Z18_C1_T0.tif,4339.975602089701,5588.57623227549,4127.17,3886.84
177,18_13,10,4936.3,Expt2021_006_Set2_HeLaYFP-PP1_Nuf2-CFP_STLC_MG132_DMSO_well3_point1_18min01_R3D_D3D_Z18_C0_T0.tif,4144.5,Expt2021_006_Set2_HeLaYFP-PP1_Nuf2-CFP_STLC_MG132_DMSO_well3_point1_18min01_R3D_D3D_Z18_C1_T0.tif,4339.975602089701,5588.57623227549,4127.17,3886.84
178,19_1,8,5144.375,Expt2021_006_Set2_HeLaYFP-PP1_Nuf2-CFP_STLC_MG132_DMSO_well3_point1_18min01_R3D_D3D_Z19_C0_T0.tif,8627.375,Expt2021_006_Set2_HeLaYFP-PP1_Nuf2-CFP_STLC_MG132_DMSO_well3_point1_18min01_R3D_D3D_Z19_C1_T0.tif,4339.975602089701,5588.57623227549,4127.17,3886.84
179,19_2,8,4867.875,Expt2021_006_Set2_HeLaYFP-PP1_Nuf2-CFP_STLC_MG132_DMSO_well3_point1_18min01_R3D_D3D_Z19_C0_T0.tif,7455.25,Expt2021_006_Set2_HeLaYFP-PP1_Nuf2-CFP_STLC_MG132_DMSO_well3_point1_18min01_R3D_D3D_Z19_C1_T0.tif,4339.975602089701,5588.57623227549,4127.17,3886.84
180,19_3,8,5036.125,Expt2021_006_Set2_HeLaYFP-PP1_Nuf2-CFP_STLC_MG132_DMSO_well3_point1_18min01_R3D_D3D_Z19_C0_T0.tif,8805.125,Expt2021_006_Set2_HeLaYFP-PP1_Nuf2-CFP_STLC_MG132_DMSO_well3_point1_18min01_R3D_D3D_Z19_C1_T0.tif,4339.975602089701,5588.57623227549,4127.17,3886.84
181,19_4,12,5193.25,Expt2021_006_Set2_HeLaYFP-PP1_Nuf2-CFP_STLC_MG132_DMSO_well3_point1_18min01_R3D_D3D_Z19_C0_T0.tif,7568.083333333333,Expt2021_006_Set2_HeLaYFP-PP1_Nuf2-CFP_STLC_MG132_DMSO_well3_point1_18min01_R3D_D3D_Z19_C1_T0.tif,4339.975602089701,5588.57623227549,4127.17,3886.84
182,19_5,8,5220.75,Expt2021_006_Set2_HeLaYFP-PP1_Nuf2-CFP_STLC_MG132_DMSO_well3_point1_18min01_R3D_D3D_Z19_C0_T0.tif,4247.375,Expt2021_006_Set2_HeLaYFP-PP1_Nuf2-CFP_STLC_MG132_DMSO_well3_point1_18min01_R3D_D3D_Z19_C1_T0.tif,4339.975602089701,5588.57623227549,4127.17,3886.84
183,19_6,6,5280.333333333333,Expt2021_006_Set2_HeLaYFP-PP1_Nuf2-CFP_STLC_MG132_DMSO_well3_point1_18min01_R3D_D3D_Z19_C0_T0.tif,4140.333333333333,Expt2021_006_Set2_HeLaYFP-PP1_Nuf2-CFP_STLC_MG132_DMSO_well3_point1_18min01_R3D_D3D_Z19_C1_T0.tif,4339.975602089701,5588.57623227549,4127.17,3886.84
