,label,mean_intensity_nuf2_GFP,fname_nuf2_GFP,mean_intensity_mKate2_astrin,fname_mKate2_astrin,nuf2_GFP_cyto,mKate2_astrin_cyto,nuf2_GFP_bg,mKate2_astrin_bg
0,0_1,12870.692307692309,Expt2020_017_setIV_STLC_MG132_RO_Nuf2-GFP_mKate2-Astrin_GFP_mCherry_cell05_b_11min01_R3D_D3D_Z00_C0_T0.tif,6789.961538461538,Expt2020_017_setIV_STLC_MG132_RO_Nuf2-GFP_mKate2-Astrin_GFP_mCherry_cell05_b_11min01_R3D_D3D_Z00_C1_T0.tif,4243.765861823141,3691.6693109164103,2774.245,3921.1075
1,0_2,10946.307692307691,Expt2020_017_setIV_STLC_MG132_RO_Nuf2-GFP_mKate2-Astrin_GFP_mCherry_cell05_b_11min01_R3D_D3D_Z00_C0_T0.tif,9594.576923076924,Expt2020_017_setIV_STLC_MG132_RO_Nuf2-GFP_mKate2-Astrin_GFP_mCherry_cell05_b_11min01_R3D_D3D_Z00_C1_T0.tif,4243.765861823141,3691.6693109164103,2774.245,3921.1075
2,0_3,11591.517857142857,Expt2020_017_setIV_STLC_MG132_RO_Nuf2-GFP_mKate2-Astrin_GFP_mCherry_cell05_b_11min01_R3D_D3D_Z00_C0_T0.tif,6301.25,Expt2020_017_setIV_STLC_MG132_RO_Nuf2-GFP_mKate2-Astrin_GFP_mCherry_cell05_b_11min01_R3D_D3D_Z00_C1_T0.tif,4243.765861823141,3691.6693109164103,2774.245,3921.1075
3,0_4,10044.59375,Expt2020_017_setIV_STLC_MG132_RO_Nuf2-GFP_mKate2-Astrin_GFP_mCherry_cell05_b_11min01_R3D_D3D_Z00_C0_T0.tif,5784.4375,Expt2020_017_setIV_STLC_MG132_RO_Nuf2-GFP_mKate2-Astrin_GFP_mCherry_cell05_b_11min01_R3D_D3D_Z00_C1_T0.tif,4243.765861823141,3691.6693109164103,2774.245,3921.1075
4,0_5,9750.157894736842,Expt2020_017_setIV_STLC_MG132_RO_Nuf2-GFP_mKate2-Astrin_GFP_mCherry_cell05_b_11min01_R3D_D3D_Z00_C0_T0.tif,7741.526315789473,Expt2020_017_setIV_STLC_MG132_RO_Nuf2-GFP_mKate2-Astrin_GFP_mCherry_cell05_b_11min01_R3D_D3D_Z00_C1_T0.tif,4243.765861823141,3691.6693109164103,2774.245,3921.1075
5,0_6,8612.285714285714,Expt2020_017_setIV_STLC_MG132_RO_Nuf2-GFP_mKate2-Astrin_GFP_mCherry_cell05_b_11min01_R3D_D3D_Z00_C0_T0.tif,9173.333333333334,Expt2020_017_setIV_STLC_MG132_RO_Nuf2-GFP_mKate2-Astrin_GFP_mCherry_cell05_b_11min01_R3D_D3D_Z00_C1_T0.tif,4243.765861823141,3691.6693109164103,2774.245,3921.1075
6,0_7,9469.92857142857,Expt2020_017_setIV_STLC_MG132_RO_Nuf2-GFP_mKate2-Astrin_GFP_mCherry_cell05_b_11min01_R3D_D3D_Z00_C0_T0.tif,9587.261904761905,Expt2020_017_setIV_STLC_MG132_RO_Nuf2-GFP_mKate2-Astrin_GFP_mCherry_cell05_b_11min01_R3D_D3D_Z00_C1_T0.tif,4243.765861823141,3691.6693109164103,2774.245,3921.1075
7,1_1,11034.222222222223,Expt2020_017_setIV_STLC_MG132_RO_Nuf2-GFP_mKate2-Astrin_GFP_mCherry_cell05_b_11min01_R3D_D3D_Z01_C0_T0.tif,8469.125,Expt2020_017_setIV_STLC_MG132_RO_Nuf2-GFP_mKate2-Astrin_GFP_mCherry_cell05_b_11min01_R3D_D3D_Z01_C1_T0.tif,4243.765861823141,3691.6693109164103,2774.245,3921.1075
8,1_2,12088.825396825398,Expt2020_017_setIV_STLC_MG132_RO_Nuf2-GFP_mKate2-Astrin_GFP_mCherry_cell05_b_11min01_R3D_D3D_Z01_C0_T0.tif,6937.841269841269,Expt2020_017_setIV_STLC_MG132_RO_Nuf2-GFP_mKate2-Astrin_GFP_mCherry_cell05_b_11min01_R3D_D3D_Z01_C1_T0.tif,4243.765861823141,3691.6693109164103,2774.245,3921.1075
9,1_3,9976.39705882353,Expt2020_017_setIV_STLC_MG132_RO_Nuf2-GFP_mKate2-Astrin_GFP_mCherry_cell05_b_11min01_R3D_D3D_Z01_C0_T0.tif,5841.044117647059,Expt2020_017_setIV_STLC_MG132_RO_Nuf2-GFP_mKate2-Astrin_GFP_mCherry_cell05_b_11min01_R3D_D3D_Z01_C1_T0.tif,4243.765861823141,3691.6693109164103,2774.245,3921.1075
10,1_4,8583.433333333332,Expt2020_017_setIV_STLC_MG132_RO_Nuf2-GFP_mKate2-Astrin_GFP_mCherry_cell05_b_11min01_R3D_D3D_Z01_C0_T0.tif,8640.033333333333,Expt2020_017_setIV_STLC_MG132_RO_Nuf2-GFP_mKate2-Astrin_GFP_mCherry_cell05_b_11min01_R3D_D3D_Z01_C1_T0.tif,4243.765861823141,3691.6693109164103,2774.245,3921.1075
11,1_5,9339.5,Expt2020_017_setIV_STLC_MG132_RO_Nuf2-GFP_mKate2-Astrin_GFP_mCherry_cell05_b_11min01_R3D_D3D_Z01_C0_T0.tif,6108.133333333333,Expt2020_017_setIV_STLC_MG132_RO_Nuf2-GFP_mKate2-Astrin_GFP_mCherry_cell05_b_11min01_R3D_D3D_Z01_C1_T0.tif,4243.765861823141,3691.6693109164103,2774.245,3921.1075
12,2_1,9641.77108433735,Expt2020_017_setIV_STLC_MG132_RO_Nuf2-GFP_mKate2-Astrin_GFP_mCherry_cell05_b_11min01_R3D_D3D_Z02_C0_T0.tif,7970.385542168675,Expt2020_017_setIV_STLC_MG132_RO_Nuf2-GFP_mKate2-Astrin_GFP_mCherry_cell05_b_11min01_R3D_D3D_Z02_C1_T0.tif,4243.765861823141,3691.6693109164103,2774.245,3921.1075
13,2_2,11703.34328358209,Expt2020_017_setIV_STLC_MG132_RO_Nuf2-GFP_mKate2-Astrin_GFP_mCherry_cell05_b_11min01_R3D_D3D_Z02_C0_T0.tif,6638.537313432836,Expt2020_017_setIV_STLC_MG132_RO_Nuf2-GFP_mKate2-Astrin_GFP_mCherry_cell05_b_11min01_R3D_D3D_Z02_C1_T0.tif,4243.765861823141,3691.6693109164103,2774.245,3921.1075
14,2_3,9750.1,Expt2020_017_setIV_STLC_MG132_RO_Nuf2-GFP_mKate2-Astrin_GFP_mCherry_cell05_b_11min01_R3D_D3D_Z02_C0_T0.tif,5992.542857142857,Expt2020_017_setIV_STLC_MG132_RO_Nuf2-GFP_mKate2-Astrin_GFP_mCherry_cell05_b_11min01_R3D_D3D_Z02_C1_T0.tif,4243.765861823141,3691.6693109164103,2774.245,3921.1075
15,2_4,7573.125,Expt2020_017_setIV_STLC_MG132_RO_Nuf2-GFP_mKate2-Astrin_GFP_mCherry_cell05_b_11min01_R3D_D3D_Z02_C0_T0.tif,7266.125,Expt2020_017_setIV_STLC_MG132_RO_Nuf2-GFP_mKate2-Astrin_GFP_mCherry_cell05_b_11min01_R3D_D3D_Z02_C1_T0.tif,4243.765861823141,3691.6693109164103,2774.245,3921.1075
16,2_5,9835.921052631578,Expt2020_017_setIV_STLC_MG132_RO_Nuf2-GFP_mKate2-Astrin_GFP_mCherry_cell05_b_11min01_R3D_D3D_Z02_C0_T0.tif,5676.8421052631575,Expt2020_017_setIV_STLC_MG132_RO_Nuf2-GFP_mKate2-Astrin_GFP_mCherry_cell05_b_11min01_R3D_D3D_Z02_C1_T0.tif,4243.765861823141,3691.6693109164103,2774.245,3921.1075
17,3_1,8643.413793103447,Expt2020_017_setIV_STLC_MG132_RO_Nuf2-GFP_mKate2-Astrin_GFP_mCherry_cell05_b_11min01_R3D_D3D_Z03_C0_T0.tif,4402.103448275862,Expt2020_017_setIV_STLC_MG132_RO_Nuf2-GFP_mKate2-Astrin_GFP_mCherry_cell05_b_11min01_R3D_D3D_Z03_C1_T0.tif,4243.765861823141,3691.6693109164103,2774.245,3921.1075
18,3_2,8547.25,Expt2020_017_setIV_STLC_MG132_RO_Nuf2-GFP_mKate2-Astrin_GFP_mCherry_cell05_b_11min01_R3D_D3D_Z03_C0_T0.tif,5015.25,Expt2020_017_setIV_STLC_MG132_RO_Nuf2-GFP_mKate2-Astrin_GFP_mCherry_cell05_b_11min01_R3D_D3D_Z03_C1_T0.tif,4243.765861823141,3691.6693109164103,2774.245,3921.1075
19,3_3,9573.92857142857,Expt2020_017_setIV_STLC_MG132_RO_Nuf2-GFP_mKate2-Astrin_GFP_mCherry_cell05_b_11min01_R3D_D3D_Z03_C0_T0.tif,10232.035714285714,Expt2020_017_setIV_STLC_MG132_RO_Nuf2-GFP_mKate2-Astrin_GFP_mCherry_cell05_b_11min01_R3D_D3D_Z03_C1_T0.tif,4243.765861823141,3691.6693109164103,2774.245,3921.1075
20,3_4,11761.369565217392,Expt2020_017_setIV_STLC_MG132_RO_Nuf2-GFP_mKate2-Astrin_GFP_mCherry_cell05_b_11min01_R3D_D3D_Z03_C0_T0.tif,7584.891304347826,Expt2020_017_setIV_STLC_MG132_RO_Nuf2-GFP_mKate2-Astrin_GFP_mCherry_cell05_b_11min01_R3D_D3D_Z03_C1_T0.tif,4243.765861823141,3691.6693109164103,2774.245,3921.1075
21,3_5,10371.394736842105,Expt2020_017_setIV_STLC_MG132_RO_Nuf2-GFP_mKate2-Astrin_GFP_mCherry_cell05_b_11min01_R3D_D3D_Z03_C0_T0.tif,7108.421052631579,Expt2020_017_setIV_STLC_MG132_RO_Nuf2-GFP_mKate2-Astrin_GFP_mCherry_cell05_b_11min01_R3D_D3D_Z03_C1_T0.tif,4243.765861823141,3691.6693109164103,2774.245,3921.1075
22,3_6,12292.361111111111,Expt2020_017_setIV_STLC_MG132_RO_Nuf2-GFP_mKate2-Astrin_GFP_mCherry_cell05_b_11min01_R3D_D3D_Z03_C0_T0.tif,5991.027777777777,Expt2020_017_setIV_STLC_MG132_RO_Nuf2-GFP_mKate2-Astrin_GFP_mCherry_cell05_b_11min01_R3D_D3D_Z03_C1_T0.tif,4243.765861823141,3691.6693109164103,2774.245,3921.1075
23,4_1,11416.115384615385,Expt2020_017_setIV_STLC_MG132_RO_Nuf2-GFP_mKate2-Astrin_GFP_mCherry_cell05_b_11min01_R3D_D3D_Z04_C0_T0.tif,3772.5384615384614,Expt2020_017_setIV_STLC_MG132_RO_Nuf2-GFP_mKate2-Astrin_GFP_mCherry_cell05_b_11min01_R3D_D3D_Z04_C1_T0.tif,4243.765861823141,3691.6693109164103,2774.245,3921.1075
24,4_2,11128.4,Expt2020_017_setIV_STLC_MG132_RO_Nuf2-GFP_mKate2-Astrin_GFP_mCherry_cell05_b_11min01_R3D_D3D_Z04_C0_T0.tif,7916.633333333333,Expt2020_017_setIV_STLC_MG132_RO_Nuf2-GFP_mKate2-Astrin_GFP_mCherry_cell05_b_11min01_R3D_D3D_Z04_C1_T0.tif,4243.765861823141,3691.6693109164103,2774.245,3921.1075
25,4_3,10765.125,Expt2020_017_setIV_STLC_MG132_RO_Nuf2-GFP_mKate2-Astrin_GFP_mCherry_cell05_b_11min01_R3D_D3D_Z04_C0_T0.tif,6575.875,Expt2020_017_setIV_STLC_MG132_RO_Nuf2-GFP_mKate2-Astrin_GFP_mCherry_cell05_b_11min01_R3D_D3D_Z04_C1_T0.tif,4243.765861823141,3691.6693109164103,2774.245,3921.1075
26,4_4,13460.736842105263,Expt2020_017_setIV_STLC_MG132_RO_Nuf2-GFP_mKate2-Astrin_GFP_mCherry_cell05_b_11min01_R3D_D3D_Z04_C0_T0.tif,6417.710526315789,Expt2020_017_setIV_STLC_MG132_RO_Nuf2-GFP_mKate2-Astrin_GFP_mCherry_cell05_b_11min01_R3D_D3D_Z04_C1_T0.tif,4243.765861823141,3691.6693109164103,2774.245,3921.1075
27,5_1,9669.58389261745,Expt2020_017_setIV_STLC_MG132_RO_Nuf2-GFP_mKate2-Astrin_GFP_mCherry_cell05_b_11min01_R3D_D3D_Z05_C0_T0.tif,5175.5503355704695,Expt2020_017_setIV_STLC_MG132_RO_Nuf2-GFP_mKate2-Astrin_GFP_mCherry_cell05_b_11min01_R3D_D3D_Z05_C1_T0.tif,4243.765861823141,3691.6693109164103,2774.245,3921.1075
28,5_2,7437.368421052632,Expt2020_017_setIV_STLC_MG132_RO_Nuf2-GFP_mKate2-Astrin_GFP_mCherry_cell05_b_11min01_R3D_D3D_Z05_C0_T0.tif,5842.9473684210525,Expt2020_017_setIV_STLC_MG132_RO_Nuf2-GFP_mKate2-Astrin_GFP_mCherry_cell05_b_11min01_R3D_D3D_Z05_C1_T0.tif,4243.765861823141,3691.6693109164103,2774.245,3921.1075
29,5_3,7825.864864864865,Expt2020_017_setIV_STLC_MG132_RO_Nuf2-GFP_mKate2-Astrin_GFP_mCherry_cell05_b_11min01_R3D_D3D_Z05_C0_T0.tif,6198.243243243243,Expt2020_017_setIV_STLC_MG132_RO_Nuf2-GFP_mKate2-Astrin_GFP_mCherry_cell05_b_11min01_R3D_D3D_Z05_C1_T0.tif,4243.765861823141,3691.6693109164103,2774.245,3921.1075
30,5_4,11048.535714285714,Expt2020_017_setIV_STLC_MG132_RO_Nuf2-GFP_mKate2-Astrin_GFP_mCherry_cell05_b_11min01_R3D_D3D_Z05_C0_T0.tif,6120.928571428572,Expt2020_017_setIV_STLC_MG132_RO_Nuf2-GFP_mKate2-Astrin_GFP_mCherry_cell05_b_11min01_R3D_D3D_Z05_C1_T0.tif,4243.765861823141,3691.6693109164103,2774.245,3921.1075
31,5_5,8361.45652173913,Expt2020_017_setIV_STLC_MG132_RO_Nuf2-GFP_mKate2-Astrin_GFP_mCherry_cell05_b_11min01_R3D_D3D_Z05_C0_T0.tif,5627.934782608696,Expt2020_017_setIV_STLC_MG132_RO_Nuf2-GFP_mKate2-Astrin_GFP_mCherry_cell05_b_11min01_R3D_D3D_Z05_C1_T0.tif,4243.765861823141,3691.6693109164103,2774.245,3921.1075
32,6_1,10995.074074074075,Expt2020_017_setIV_STLC_MG132_RO_Nuf2-GFP_mKate2-Astrin_GFP_mCherry_cell05_b_11min01_R3D_D3D_Z06_C0_T0.tif,6239.560846560847,Expt2020_017_setIV_STLC_MG132_RO_Nuf2-GFP_mKate2-Astrin_GFP_mCherry_cell05_b_11min01_R3D_D3D_Z06_C1_T0.tif,4243.765861823141,3691.6693109164103,2774.245,3921.1075
33,6_2,9702.521126760563,Expt2020_017_setIV_STLC_MG132_RO_Nuf2-GFP_mKate2-Astrin_GFP_mCherry_cell05_b_11min01_R3D_D3D_Z06_C0_T0.tif,6869.633802816901,Expt2020_017_setIV_STLC_MG132_RO_Nuf2-GFP_mKate2-Astrin_GFP_mCherry_cell05_b_11min01_R3D_D3D_Z06_C1_T0.tif,4243.765861823141,3691.6693109164103,2774.245,3921.1075
34,6_3,9254.672727272728,Expt2020_017_setIV_STLC_MG132_RO_Nuf2-GFP_mKate2-Astrin_GFP_mCherry_cell05_b_11min01_R3D_D3D_Z06_C0_T0.tif,6361.618181818182,Expt2020_017_setIV_STLC_MG132_RO_Nuf2-GFP_mKate2-Astrin_GFP_mCherry_cell05_b_11min01_R3D_D3D_Z06_C1_T0.tif,4243.765861823141,3691.6693109164103,2774.245,3921.1075
35,6_4,12639.552631578947,Expt2020_017_setIV_STLC_MG132_RO_Nuf2-GFP_mKate2-Astrin_GFP_mCherry_cell05_b_11min01_R3D_D3D_Z06_C0_T0.tif,7698.605263157895,Expt2020_017_setIV_STLC_MG132_RO_Nuf2-GFP_mKate2-Astrin_GFP_mCherry_cell05_b_11min01_R3D_D3D_Z06_C1_T0.tif,4243.765861823141,3691.6693109164103,2774.245,3921.1075
36,6_5,11483.166666666666,Expt2020_017_setIV_STLC_MG132_RO_Nuf2-GFP_mKate2-Astrin_GFP_mCherry_cell05_b_11min01_R3D_D3D_Z06_C0_T0.tif,6136.1875,Expt2020_017_setIV_STLC_MG132_RO_Nuf2-GFP_mKate2-Astrin_GFP_mCherry_cell05_b_11min01_R3D_D3D_Z06_C1_T0.tif,4243.765861823141,3691.6693109164103,2774.245,3921.1075
37,7_1,11477.619883040936,Expt2020_017_setIV_STLC_MG132_RO_Nuf2-GFP_mKate2-Astrin_GFP_mCherry_cell05_b_11min01_R3D_D3D_Z07_C0_T0.tif,7910.421052631579,Expt2020_017_setIV_STLC_MG132_RO_Nuf2-GFP_mKate2-Astrin_GFP_mCherry_cell05_b_11min01_R3D_D3D_Z07_C1_T0.tif,4243.765861823141,3691.6693109164103,2774.245,3921.1075
38,7_2,12433.03125,Expt2020_017_setIV_STLC_MG132_RO_Nuf2-GFP_mKate2-Astrin_GFP_mCherry_cell05_b_11min01_R3D_D3D_Z07_C0_T0.tif,7453.140625,Expt2020_017_setIV_STLC_MG132_RO_Nuf2-GFP_mKate2-Astrin_GFP_mCherry_cell05_b_11min01_R3D_D3D_Z07_C1_T0.tif,4243.765861823141,3691.6693109164103,2774.245,3921.1075
39,7_3,11516.51923076923,Expt2020_017_setIV_STLC_MG132_RO_Nuf2-GFP_mKate2-Astrin_GFP_mCherry_cell05_b_11min01_R3D_D3D_Z07_C0_T0.tif,6420.403846153846,Expt2020_017_setIV_STLC_MG132_RO_Nuf2-GFP_mKate2-Astrin_GFP_mCherry_cell05_b_11min01_R3D_D3D_Z07_C1_T0.tif,4243.765861823141,3691.6693109164103,2774.245,3921.1075
40,7_4,10334.766666666666,Expt2020_017_setIV_STLC_MG132_RO_Nuf2-GFP_mKate2-Astrin_GFP_mCherry_cell05_b_11min01_R3D_D3D_Z07_C0_T0.tif,7645.366666666667,Expt2020_017_setIV_STLC_MG132_RO_Nuf2-GFP_mKate2-Astrin_GFP_mCherry_cell05_b_11min01_R3D_D3D_Z07_C1_T0.tif,4243.765861823141,3691.6693109164103,2774.245,3921.1075
41,7_5,14875.697674418605,Expt2020_017_setIV_STLC_MG132_RO_Nuf2-GFP_mKate2-Astrin_GFP_mCherry_cell05_b_11min01_R3D_D3D_Z07_C0_T0.tif,7408.186046511628,Expt2020_017_setIV_STLC_MG132_RO_Nuf2-GFP_mKate2-Astrin_GFP_mCherry_cell05_b_11min01_R3D_D3D_Z07_C1_T0.tif,4243.765861823141,3691.6693109164103,2774.245,3921.1075
42,8_1,12814.5,Expt2020_017_setIV_STLC_MG132_RO_Nuf2-GFP_mKate2-Astrin_GFP_mCherry_cell05_b_11min01_R3D_D3D_Z08_C0_T0.tif,8724.660714285714,Expt2020_017_setIV_STLC_MG132_RO_Nuf2-GFP_mKate2-Astrin_GFP_mCherry_cell05_b_11min01_R3D_D3D_Z08_C1_T0.tif,4243.765861823141,3691.6693109164103,2774.245,3921.1075
43,8_2,10522.25,Expt2020_017_setIV_STLC_MG132_RO_Nuf2-GFP_mKate2-Astrin_GFP_mCherry_cell05_b_11min01_R3D_D3D_Z08_C0_T0.tif,2890.25,Expt2020_017_setIV_STLC_MG132_RO_Nuf2-GFP_mKate2-Astrin_GFP_mCherry_cell05_b_11min01_R3D_D3D_Z08_C1_T0.tif,4243.765861823141,3691.6693109164103,2774.245,3921.1075
44,8_3,13840.107142857143,Expt2020_017_setIV_STLC_MG132_RO_Nuf2-GFP_mKate2-Astrin_GFP_mCherry_cell05_b_11min01_R3D_D3D_Z08_C0_T0.tif,13733.785714285714,Expt2020_017_setIV_STLC_MG132_RO_Nuf2-GFP_mKate2-Astrin_GFP_mCherry_cell05_b_11min01_R3D_D3D_Z08_C1_T0.tif,4243.765861823141,3691.6693109164103,2774.245,3921.1075
45,8_4,11641.474576271186,Expt2020_017_setIV_STLC_MG132_RO_Nuf2-GFP_mKate2-Astrin_GFP_mCherry_cell05_b_11min01_R3D_D3D_Z08_C0_T0.tif,7151.847457627118,Expt2020_017_setIV_STLC_MG132_RO_Nuf2-GFP_mKate2-Astrin_GFP_mCherry_cell05_b_11min01_R3D_D3D_Z08_C1_T0.tif,4243.765861823141,3691.6693109164103,2774.245,3921.1075
46,8_5,10734.25,Expt2020_017_setIV_STLC_MG132_RO_Nuf2-GFP_mKate2-Astrin_GFP_mCherry_cell05_b_11min01_R3D_D3D_Z08_C0_T0.tif,7854.5625,Expt2020_017_setIV_STLC_MG132_RO_Nuf2-GFP_mKate2-Astrin_GFP_mCherry_cell05_b_11min01_R3D_D3D_Z08_C1_T0.tif,4243.765861823141,3691.6693109164103,2774.245,3921.1075
47,8_6,12130.104166666666,Expt2020_017_setIV_STLC_MG132_RO_Nuf2-GFP_mKate2-Astrin_GFP_mCherry_cell05_b_11min01_R3D_D3D_Z08_C0_T0.tif,6381.520833333333,Expt2020_017_setIV_STLC_MG132_RO_Nuf2-GFP_mKate2-Astrin_GFP_mCherry_cell05_b_11min01_R3D_D3D_Z08_C1_T0.tif,4243.765861823141,3691.6693109164103,2774.245,3921.1075
48,8_7,9352.4375,Expt2020_017_setIV_STLC_MG132_RO_Nuf2-GFP_mKate2-Astrin_GFP_mCherry_cell05_b_11min01_R3D_D3D_Z08_C0_T0.tif,3997.0625,Expt2020_017_setIV_STLC_MG132_RO_Nuf2-GFP_mKate2-Astrin_GFP_mCherry_cell05_b_11min01_R3D_D3D_Z08_C1_T0.tif,4243.765861823141,3691.6693109164103,2774.245,3921.1075
49,8_8,14253.90625,Expt2020_017_setIV_STLC_MG132_RO_Nuf2-GFP_mKate2-Astrin_GFP_mCherry_cell05_b_11min01_R3D_D3D_Z08_C0_T0.tif,7919.40625,Expt2020_017_setIV_STLC_MG132_RO_Nuf2-GFP_mKate2-Astrin_GFP_mCherry_cell05_b_11min01_R3D_D3D_Z08_C1_T0.tif,4243.765861823141,3691.6693109164103,2774.245,3921.1075
50,9_1,10360.565217391304,Expt2020_017_setIV_STLC_MG132_RO_Nuf2-GFP_mKate2-Astrin_GFP_mCherry_cell05_b_11min01_R3D_D3D_Z09_C0_T0.tif,8256.565217391304,Expt2020_017_setIV_STLC_MG132_RO_Nuf2-GFP_mKate2-Astrin_GFP_mCherry_cell05_b_11min01_R3D_D3D_Z09_C1_T0.tif,4243.765861823141,3691.6693109164103,2774.245,3921.1075
51,9_2,7822.257142857143,Expt2020_017_setIV_STLC_MG132_RO_Nuf2-GFP_mKate2-Astrin_GFP_mCherry_cell05_b_11min01_R3D_D3D_Z09_C0_T0.tif,5793.571428571428,Expt2020_017_setIV_STLC_MG132_RO_Nuf2-GFP_mKate2-Astrin_GFP_mCherry_cell05_b_11min01_R3D_D3D_Z09_C1_T0.tif,4243.765861823141,3691.6693109164103,2774.245,3921.1075
52,9_3,8277.973333333333,Expt2020_017_setIV_STLC_MG132_RO_Nuf2-GFP_mKate2-Astrin_GFP_mCherry_cell05_b_11min01_R3D_D3D_Z09_C0_T0.tif,5817.533333333334,Expt2020_017_setIV_STLC_MG132_RO_Nuf2-GFP_mKate2-Astrin_GFP_mCherry_cell05_b_11min01_R3D_D3D_Z09_C1_T0.tif,4243.765861823141,3691.6693109164103,2774.245,3921.1075
53,9_4,8854.607843137255,Expt2020_017_setIV_STLC_MG132_RO_Nuf2-GFP_mKate2-Astrin_GFP_mCherry_cell05_b_11min01_R3D_D3D_Z09_C0_T0.tif,6208.156862745098,Expt2020_017_setIV_STLC_MG132_RO_Nuf2-GFP_mKate2-Astrin_GFP_mCherry_cell05_b_11min01_R3D_D3D_Z09_C1_T0.tif,4243.765861823141,3691.6693109164103,2774.245,3921.1075
54,9_5,8442.701754385966,Expt2020_017_setIV_STLC_MG132_RO_Nuf2-GFP_mKate2-Astrin_GFP_mCherry_cell05_b_11min01_R3D_D3D_Z09_C0_T0.tif,5602.9473684210525,Expt2020_017_setIV_STLC_MG132_RO_Nuf2-GFP_mKate2-Astrin_GFP_mCherry_cell05_b_11min01_R3D_D3D_Z09_C1_T0.tif,4243.765861823141,3691.6693109164103,2774.245,3921.1075
55,9_6,8869.634615384615,Expt2020_017_setIV_STLC_MG132_RO_Nuf2-GFP_mKate2-Astrin_GFP_mCherry_cell05_b_11min01_R3D_D3D_Z09_C0_T0.tif,5170.634615384615,Expt2020_017_setIV_STLC_MG132_RO_Nuf2-GFP_mKate2-Astrin_GFP_mCherry_cell05_b_11min01_R3D_D3D_Z09_C1_T0.tif,4243.765861823141,3691.6693109164103,2774.245,3921.1075
56,9_7,9168.179104477613,Expt2020_017_setIV_STLC_MG132_RO_Nuf2-GFP_mKate2-Astrin_GFP_mCherry_cell05_b_11min01_R3D_D3D_Z09_C0_T0.tif,4430.492537313433,Expt2020_017_setIV_STLC_MG132_RO_Nuf2-GFP_mKate2-Astrin_GFP_mCherry_cell05_b_11min01_R3D_D3D_Z09_C1_T0.tif,4243.765861823141,3691.6693109164103,2774.245,3921.1075
57,9_8,8914.111111111111,Expt2020_017_setIV_STLC_MG132_RO_Nuf2-GFP_mKate2-Astrin_GFP_mCherry_cell05_b_11min01_R3D_D3D_Z09_C0_T0.tif,6546.527777777777,Expt2020_017_setIV_STLC_MG132_RO_Nuf2-GFP_mKate2-Astrin_GFP_mCherry_cell05_b_11min01_R3D_D3D_Z09_C1_T0.tif,4243.765861823141,3691.6693109164103,2774.245,3921.1075
58,10_1,10491.362068965518,Expt2020_017_setIV_STLC_MG132_RO_Nuf2-GFP_mKate2-Astrin_GFP_mCherry_cell05_b_11min01_R3D_D3D_Z10_C0_T0.tif,7767.517241379311,Expt2020_017_setIV_STLC_MG132_RO_Nuf2-GFP_mKate2-Astrin_GFP_mCherry_cell05_b_11min01_R3D_D3D_Z10_C1_T0.tif,4243.765861823141,3691.6693109164103,2774.245,3921.1075
59,10_2,8897.666666666666,Expt2020_017_setIV_STLC_MG132_RO_Nuf2-GFP_mKate2-Astrin_GFP_mCherry_cell05_b_11min01_R3D_D3D_Z10_C0_T0.tif,5891.175438596491,Expt2020_017_setIV_STLC_MG132_RO_Nuf2-GFP_mKate2-Astrin_GFP_mCherry_cell05_b_11min01_R3D_D3D_Z10_C1_T0.tif,4243.765861823141,3691.6693109164103,2774.245,3921.1075
60,10_3,9493.372093023256,Expt2020_017_setIV_STLC_MG132_RO_Nuf2-GFP_mKate2-Astrin_GFP_mCherry_cell05_b_11min01_R3D_D3D_Z10_C0_T0.tif,4816.732558139535,Expt2020_017_setIV_STLC_MG132_RO_Nuf2-GFP_mKate2-Astrin_GFP_mCherry_cell05_b_11min01_R3D_D3D_Z10_C1_T0.tif,4243.765861823141,3691.6693109164103,2774.245,3921.1075
61,10_4,11276.4,Expt2020_017_setIV_STLC_MG132_RO_Nuf2-GFP_mKate2-Astrin_GFP_mCherry_cell05_b_11min01_R3D_D3D_Z10_C0_T0.tif,6685.06,Expt2020_017_setIV_STLC_MG132_RO_Nuf2-GFP_mKate2-Astrin_GFP_mCherry_cell05_b_11min01_R3D_D3D_Z10_C1_T0.tif,4243.765861823141,3691.6693109164103,2774.245,3921.1075
62,10_5,11745.660714285714,Expt2020_017_setIV_STLC_MG132_RO_Nuf2-GFP_mKate2-Astrin_GFP_mCherry_cell05_b_11min01_R3D_D3D_Z10_C0_T0.tif,5330.875,Expt2020_017_setIV_STLC_MG132_RO_Nuf2-GFP_mKate2-Astrin_GFP_mCherry_cell05_b_11min01_R3D_D3D_Z10_C1_T0.tif,4243.765861823141,3691.6693109164103,2774.245,3921.1075
63,10_6,10626.777777777777,Expt2020_017_setIV_STLC_MG132_RO_Nuf2-GFP_mKate2-Astrin_GFP_mCherry_cell05_b_11min01_R3D_D3D_Z10_C0_T0.tif,5174.9876543209875,Expt2020_017_setIV_STLC_MG132_RO_Nuf2-GFP_mKate2-Astrin_GFP_mCherry_cell05_b_11min01_R3D_D3D_Z10_C1_T0.tif,4243.765861823141,3691.6693109164103,2774.245,3921.1075
64,10_7,8049.5,Expt2020_017_setIV_STLC_MG132_RO_Nuf2-GFP_mKate2-Astrin_GFP_mCherry_cell05_b_11min01_R3D_D3D_Z10_C0_T0.tif,4478.4375,Expt2020_017_setIV_STLC_MG132_RO_Nuf2-GFP_mKate2-Astrin_GFP_mCherry_cell05_b_11min01_R3D_D3D_Z10_C1_T0.tif,4243.765861823141,3691.6693109164103,2774.245,3921.1075
65,11_1,9822.921875,Expt2020_017_setIV_STLC_MG132_RO_Nuf2-GFP_mKate2-Astrin_GFP_mCherry_cell05_b_11min01_R3D_D3D_Z11_C0_T0.tif,5466.828125,Expt2020_017_setIV_STLC_MG132_RO_Nuf2-GFP_mKate2-Astrin_GFP_mCherry_cell05_b_11min01_R3D_D3D_Z11_C1_T0.tif,4243.765861823141,3691.6693109164103,2774.245,3921.1075
66,11_2,9350.677966101695,Expt2020_017_setIV_STLC_MG132_RO_Nuf2-GFP_mKate2-Astrin_GFP_mCherry_cell05_b_11min01_R3D_D3D_Z11_C0_T0.tif,7217.28813559322,Expt2020_017_setIV_STLC_MG132_RO_Nuf2-GFP_mKate2-Astrin_GFP_mCherry_cell05_b_11min01_R3D_D3D_Z11_C1_T0.tif,4243.765861823141,3691.6693109164103,2774.245,3921.1075
67,11_3,10255.933333333332,Expt2020_017_setIV_STLC_MG132_RO_Nuf2-GFP_mKate2-Astrin_GFP_mCherry_cell05_b_11min01_R3D_D3D_Z11_C0_T0.tif,5383.638095238095,Expt2020_017_setIV_STLC_MG132_RO_Nuf2-GFP_mKate2-Astrin_GFP_mCherry_cell05_b_11min01_R3D_D3D_Z11_C1_T0.tif,4243.765861823141,3691.6693109164103,2774.245,3921.1075
68,11_4,9016.708333333334,Expt2020_017_setIV_STLC_MG132_RO_Nuf2-GFP_mKate2-Astrin_GFP_mCherry_cell05_b_11min01_R3D_D3D_Z11_C0_T0.tif,3926.875,Expt2020_017_setIV_STLC_MG132_RO_Nuf2-GFP_mKate2-Astrin_GFP_mCherry_cell05_b_11min01_R3D_D3D_Z11_C1_T0.tif,4243.765861823141,3691.6693109164103,2774.245,3921.1075
69,11_5,11586.17857142857,Expt2020_017_setIV_STLC_MG132_RO_Nuf2-GFP_mKate2-Astrin_GFP_mCherry_cell05_b_11min01_R3D_D3D_Z11_C0_T0.tif,6545.607142857143,Expt2020_017_setIV_STLC_MG132_RO_Nuf2-GFP_mKate2-Astrin_GFP_mCherry_cell05_b_11min01_R3D_D3D_Z11_C1_T0.tif,4243.765861823141,3691.6693109164103,2774.245,3921.1075
70,11_6,11585.890625,Expt2020_017_setIV_STLC_MG132_RO_Nuf2-GFP_mKate2-Astrin_GFP_mCherry_cell05_b_11min01_R3D_D3D_Z11_C0_T0.tif,5629.265625,Expt2020_017_setIV_STLC_MG132_RO_Nuf2-GFP_mKate2-Astrin_GFP_mCherry_cell05_b_11min01_R3D_D3D_Z11_C1_T0.tif,4243.765861823141,3691.6693109164103,2774.245,3921.1075
71,11_7,10235.019607843138,Expt2020_017_setIV_STLC_MG132_RO_Nuf2-GFP_mKate2-Astrin_GFP_mCherry_cell05_b_11min01_R3D_D3D_Z11_C0_T0.tif,5809.421568627451,Expt2020_017_setIV_STLC_MG132_RO_Nuf2-GFP_mKate2-Astrin_GFP_mCherry_cell05_b_11min01_R3D_D3D_Z11_C1_T0.tif,4243.765861823141,3691.6693109164103,2774.245,3921.1075
72,11_8,7797.9047619047615,Expt2020_017_setIV_STLC_MG132_RO_Nuf2-GFP_mKate2-Astrin_GFP_mCherry_cell05_b_11min01_R3D_D3D_Z11_C0_T0.tif,5566.952380952381,Expt2020_017_setIV_STLC_MG132_RO_Nuf2-GFP_mKate2-Astrin_GFP_mCherry_cell05_b_11min01_R3D_D3D_Z11_C1_T0.tif,4243.765861823141,3691.6693109164103,2774.245,3921.1075
73,11_9,7828.9047619047615,Expt2020_017_setIV_STLC_MG132_RO_Nuf2-GFP_mKate2-Astrin_GFP_mCherry_cell05_b_11min01_R3D_D3D_Z11_C0_T0.tif,5955.714285714285,Expt2020_017_setIV_STLC_MG132_RO_Nuf2-GFP_mKate2-Astrin_GFP_mCherry_cell05_b_11min01_R3D_D3D_Z11_C1_T0.tif,4243.765861823141,3691.6693109164103,2774.245,3921.1075
74,11_10,9154.947368421053,Expt2020_017_setIV_STLC_MG132_RO_Nuf2-GFP_mKate2-Astrin_GFP_mCherry_cell05_b_11min01_R3D_D3D_Z11_C0_T0.tif,4720.105263157895,Expt2020_017_setIV_STLC_MG132_RO_Nuf2-GFP_mKate2-Astrin_GFP_mCherry_cell05_b_11min01_R3D_D3D_Z11_C1_T0.tif,4243.765861823141,3691.6693109164103,2774.245,3921.1075
75,12_1,9504.64705882353,Expt2020_017_setIV_STLC_MG132_RO_Nuf2-GFP_mKate2-Astrin_GFP_mCherry_cell05_b_11min01_R3D_D3D_Z12_C0_T0.tif,5428.691176470588,Expt2020_017_setIV_STLC_MG132_RO_Nuf2-GFP_mKate2-Astrin_GFP_mCherry_cell05_b_11min01_R3D_D3D_Z12_C1_T0.tif,4243.765861823141,3691.6693109164103,2774.245,3921.1075
76,12_2,8582.771428571428,Expt2020_017_setIV_STLC_MG132_RO_Nuf2-GFP_mKate2-Astrin_GFP_mCherry_cell05_b_11min01_R3D_D3D_Z12_C0_T0.tif,6885.257142857143,Expt2020_017_setIV_STLC_MG132_RO_Nuf2-GFP_mKate2-Astrin_GFP_mCherry_cell05_b_11min01_R3D_D3D_Z12_C1_T0.tif,4243.765861823141,3691.6693109164103,2774.245,3921.1075
77,12_3,11214.435185185184,Expt2020_017_setIV_STLC_MG132_RO_Nuf2-GFP_mKate2-Astrin_GFP_mCherry_cell05_b_11min01_R3D_D3D_Z12_C0_T0.tif,5568.527777777777,Expt2020_017_setIV_STLC_MG132_RO_Nuf2-GFP_mKate2-Astrin_GFP_mCherry_cell05_b_11min01_R3D_D3D_Z12_C1_T0.tif,4243.765861823141,3691.6693109164103,2774.245,3921.1075
78,12_4,11242.070707070707,Expt2020_017_setIV_STLC_MG132_RO_Nuf2-GFP_mKate2-Astrin_GFP_mCherry_cell05_b_11min01_R3D_D3D_Z12_C0_T0.tif,5079.333333333333,Expt2020_017_setIV_STLC_MG132_RO_Nuf2-GFP_mKate2-Astrin_GFP_mCherry_cell05_b_11min01_R3D_D3D_Z12_C1_T0.tif,4243.765861823141,3691.6693109164103,2774.245,3921.1075
79,12_5,10103.8,Expt2020_017_setIV_STLC_MG132_RO_Nuf2-GFP_mKate2-Astrin_GFP_mCherry_cell05_b_11min01_R3D_D3D_Z12_C0_T0.tif,6042.9,Expt2020_017_setIV_STLC_MG132_RO_Nuf2-GFP_mKate2-Astrin_GFP_mCherry_cell05_b_11min01_R3D_D3D_Z12_C1_T0.tif,4243.765861823141,3691.6693109164103,2774.245,3921.1075
80,12_6,11337.568965517241,Expt2020_017_setIV_STLC_MG132_RO_Nuf2-GFP_mKate2-Astrin_GFP_mCherry_cell05_b_11min01_R3D_D3D_Z12_C0_T0.tif,5887.241379310345,Expt2020_017_setIV_STLC_MG132_RO_Nuf2-GFP_mKate2-Astrin_GFP_mCherry_cell05_b_11min01_R3D_D3D_Z12_C1_T0.tif,4243.765861823141,3691.6693109164103,2774.245,3921.1075
81,12_7,8673.47619047619,Expt2020_017_setIV_STLC_MG132_RO_Nuf2-GFP_mKate2-Astrin_GFP_mCherry_cell05_b_11min01_R3D_D3D_Z12_C0_T0.tif,4907.0952380952385,Expt2020_017_setIV_STLC_MG132_RO_Nuf2-GFP_mKate2-Astrin_GFP_mCherry_cell05_b_11min01_R3D_D3D_Z12_C1_T0.tif,4243.765861823141,3691.6693109164103,2774.245,3921.1075
82,12_8,9080.277777777777,Expt2020_017_setIV_STLC_MG132_RO_Nuf2-GFP_mKate2-Astrin_GFP_mCherry_cell05_b_11min01_R3D_D3D_Z12_C0_T0.tif,6948.027777777777,Expt2020_017_setIV_STLC_MG132_RO_Nuf2-GFP_mKate2-Astrin_GFP_mCherry_cell05_b_11min01_R3D_D3D_Z12_C1_T0.tif,4243.765861823141,3691.6693109164103,2774.245,3921.1075
83,12_9,8107.208333333333,Expt2020_017_setIV_STLC_MG132_RO_Nuf2-GFP_mKate2-Astrin_GFP_mCherry_cell05_b_11min01_R3D_D3D_Z12_C0_T0.tif,7922.875,Expt2020_017_setIV_STLC_MG132_RO_Nuf2-GFP_mKate2-Astrin_GFP_mCherry_cell05_b_11min01_R3D_D3D_Z12_C1_T0.tif,4243.765861823141,3691.6693109164103,2774.245,3921.1075
84,12_10,7953.063829787234,Expt2020_017_setIV_STLC_MG132_RO_Nuf2-GFP_mKate2-Astrin_GFP_mCherry_cell05_b_11min01_R3D_D3D_Z12_C0_T0.tif,5075.0,Expt2020_017_setIV_STLC_MG132_RO_Nuf2-GFP_mKate2-Astrin_GFP_mCherry_cell05_b_11min01_R3D_D3D_Z12_C1_T0.tif,4243.765861823141,3691.6693109164103,2774.245,3921.1075
85,12_11,9519.102040816326,Expt2020_017_setIV_STLC_MG132_RO_Nuf2-GFP_mKate2-Astrin_GFP_mCherry_cell05_b_11min01_R3D_D3D_Z12_C0_T0.tif,5294.3877551020405,Expt2020_017_setIV_STLC_MG132_RO_Nuf2-GFP_mKate2-Astrin_GFP_mCherry_cell05_b_11min01_R3D_D3D_Z12_C1_T0.tif,4243.765861823141,3691.6693109164103,2774.245,3921.1075
86,12_12,9638.388888888889,Expt2020_017_setIV_STLC_MG132_RO_Nuf2-GFP_mKate2-Astrin_GFP_mCherry_cell05_b_11min01_R3D_D3D_Z12_C0_T0.tif,5550.481481481482,Expt2020_017_setIV_STLC_MG132_RO_Nuf2-GFP_mKate2-Astrin_GFP_mCherry_cell05_b_11min01_R3D_D3D_Z12_C1_T0.tif,4243.765861823141,3691.6693109164103,2774.245,3921.1075
87,13_1,10456.375,Expt2020_017_setIV_STLC_MG132_RO_Nuf2-GFP_mKate2-Astrin_GFP_mCherry_cell05_b_11min01_R3D_D3D_Z13_C0_T0.tif,4348.0,Expt2020_017_setIV_STLC_MG132_RO_Nuf2-GFP_mKate2-Astrin_GFP_mCherry_cell05_b_11min01_R3D_D3D_Z13_C1_T0.tif,4243.765861823141,3691.6693109164103,2774.245,3921.1075
88,13_2,10832.666666666666,Expt2020_017_setIV_STLC_MG132_RO_Nuf2-GFP_mKate2-Astrin_GFP_mCherry_cell05_b_11min01_R3D_D3D_Z13_C0_T0.tif,7923.952380952381,Expt2020_017_setIV_STLC_MG132_RO_Nuf2-GFP_mKate2-Astrin_GFP_mCherry_cell05_b_11min01_R3D_D3D_Z13_C1_T0.tif,4243.765861823141,3691.6693109164103,2774.245,3921.1075
89,13_3,10353.461538461539,Expt2020_017_setIV_STLC_MG132_RO_Nuf2-GFP_mKate2-Astrin_GFP_mCherry_cell05_b_11min01_R3D_D3D_Z13_C0_T0.tif,6671.461538461538,Expt2020_017_setIV_STLC_MG132_RO_Nuf2-GFP_mKate2-Astrin_GFP_mCherry_cell05_b_11min01_R3D_D3D_Z13_C1_T0.tif,4243.765861823141,3691.6693109164103,2774.245,3921.1075
90,13_4,12025.650793650793,Expt2020_017_setIV_STLC_MG132_RO_Nuf2-GFP_mKate2-Astrin_GFP_mCherry_cell05_b_11min01_R3D_D3D_Z13_C0_T0.tif,6731.746031746032,Expt2020_017_setIV_STLC_MG132_RO_Nuf2-GFP_mKate2-Astrin_GFP_mCherry_cell05_b_11min01_R3D_D3D_Z13_C1_T0.tif,4243.765861823141,3691.6693109164103,2774.245,3921.1075
91,13_5,13470.115384615385,Expt2020_017_setIV_STLC_MG132_RO_Nuf2-GFP_mKate2-Astrin_GFP_mCherry_cell05_b_11min01_R3D_D3D_Z13_C0_T0.tif,3404.923076923077,Expt2020_017_setIV_STLC_MG132_RO_Nuf2-GFP_mKate2-Astrin_GFP_mCherry_cell05_b_11min01_R3D_D3D_Z13_C1_T0.tif,4243.765861823141,3691.6693109164103,2774.245,3921.1075
92,13_6,9715.125,Expt2020_017_setIV_STLC_MG132_RO_Nuf2-GFP_mKate2-Astrin_GFP_mCherry_cell05_b_11min01_R3D_D3D_Z13_C0_T0.tif,4688.25,Expt2020_017_setIV_STLC_MG132_RO_Nuf2-GFP_mKate2-Astrin_GFP_mCherry_cell05_b_11min01_R3D_D3D_Z13_C1_T0.tif,4243.765861823141,3691.6693109164103,2774.245,3921.1075
93,13_7,13690.583333333334,Expt2020_017_setIV_STLC_MG132_RO_Nuf2-GFP_mKate2-Astrin_GFP_mCherry_cell05_b_11min01_R3D_D3D_Z13_C0_T0.tif,6225.527777777777,Expt2020_017_setIV_STLC_MG132_RO_Nuf2-GFP_mKate2-Astrin_GFP_mCherry_cell05_b_11min01_R3D_D3D_Z13_C1_T0.tif,4243.765861823141,3691.6693109164103,2774.245,3921.1075
94,13_8,11930.921568627451,Expt2020_017_setIV_STLC_MG132_RO_Nuf2-GFP_mKate2-Astrin_GFP_mCherry_cell05_b_11min01_R3D_D3D_Z13_C0_T0.tif,6111.0,Expt2020_017_setIV_STLC_MG132_RO_Nuf2-GFP_mKate2-Astrin_GFP_mCherry_cell05_b_11min01_R3D_D3D_Z13_C1_T0.tif,4243.765861823141,3691.6693109164103,2774.245,3921.1075
95,13_9,10765.809523809523,Expt2020_017_setIV_STLC_MG132_RO_Nuf2-GFP_mKate2-Astrin_GFP_mCherry_cell05_b_11min01_R3D_D3D_Z13_C0_T0.tif,4574.428571428572,Expt2020_017_setIV_STLC_MG132_RO_Nuf2-GFP_mKate2-Astrin_GFP_mCherry_cell05_b_11min01_R3D_D3D_Z13_C1_T0.tif,4243.765861823141,3691.6693109164103,2774.245,3921.1075
96,13_10,9846.4375,Expt2020_017_setIV_STLC_MG132_RO_Nuf2-GFP_mKate2-Astrin_GFP_mCherry_cell05_b_11min01_R3D_D3D_Z13_C0_T0.tif,6866.6875,Expt2020_017_setIV_STLC_MG132_RO_Nuf2-GFP_mKate2-Astrin_GFP_mCherry_cell05_b_11min01_R3D_D3D_Z13_C1_T0.tif,4243.765861823141,3691.6693109164103,2774.245,3921.1075
97,13_11,10702.714285714286,Expt2020_017_setIV_STLC_MG132_RO_Nuf2-GFP_mKate2-Astrin_GFP_mCherry_cell05_b_11min01_R3D_D3D_Z13_C0_T0.tif,5348.476190476191,Expt2020_017_setIV_STLC_MG132_RO_Nuf2-GFP_mKate2-Astrin_GFP_mCherry_cell05_b_11min01_R3D_D3D_Z13_C1_T0.tif,4243.765861823141,3691.6693109164103,2774.245,3921.1075
98,13_12,10478.0,Expt2020_017_setIV_STLC_MG132_RO_Nuf2-GFP_mKate2-Astrin_GFP_mCherry_cell05_b_11min01_R3D_D3D_Z13_C0_T0.tif,7680.307692307692,Expt2020_017_setIV_STLC_MG132_RO_Nuf2-GFP_mKate2-Astrin_GFP_mCherry_cell05_b_11min01_R3D_D3D_Z13_C1_T0.tif,4243.765861823141,3691.6693109164103,2774.245,3921.1075
99,13_13,10852.681818181818,Expt2020_017_setIV_STLC_MG132_RO_Nuf2-GFP_mKate2-Astrin_GFP_mCherry_cell05_b_11min01_R3D_D3D_Z13_C0_T0.tif,5395.954545454545,Expt2020_017_setIV_STLC_MG132_RO_Nuf2-GFP_mKate2-Astrin_GFP_mCherry_cell05_b_11min01_R3D_D3D_Z13_C1_T0.tif,4243.765861823141,3691.6693109164103,2774.245,3921.1075
100,13_14,11061.357142857143,Expt2020_017_setIV_STLC_MG132_RO_Nuf2-GFP_mKate2-Astrin_GFP_mCherry_cell05_b_11min01_R3D_D3D_Z13_C0_T0.tif,4524.535714285715,Expt2020_017_setIV_STLC_MG132_RO_Nuf2-GFP_mKate2-Astrin_GFP_mCherry_cell05_b_11min01_R3D_D3D_Z13_C1_T0.tif,4243.765861823141,3691.6693109164103,2774.245,3921.1075
101,13_15,13067.375,Expt2020_017_setIV_STLC_MG132_RO_Nuf2-GFP_mKate2-Astrin_GFP_mCherry_cell05_b_11min01_R3D_D3D_Z13_C0_T0.tif,7330.5,Expt2020_017_setIV_STLC_MG132_RO_Nuf2-GFP_mKate2-Astrin_GFP_mCherry_cell05_b_11min01_R3D_D3D_Z13_C1_T0.tif,4243.765861823141,3691.6693109164103,2774.245,3921.1075
102,13_16,11342.355555555556,Expt2020_017_setIV_STLC_MG132_RO_Nuf2-GFP_mKate2-Astrin_GFP_mCherry_cell05_b_11min01_R3D_D3D_Z13_C0_T0.tif,5440.622222222222,Expt2020_017_setIV_STLC_MG132_RO_Nuf2-GFP_mKate2-Astrin_GFP_mCherry_cell05_b_11min01_R3D_D3D_Z13_C1_T0.tif,4243.765861823141,3691.6693109164103,2774.245,3921.1075
103,14_1,9512.5,Expt2020_017_setIV_STLC_MG132_RO_Nuf2-GFP_mKate2-Astrin_GFP_mCherry_cell05_b_11min01_R3D_D3D_Z14_C0_T0.tif,4267.75,Expt2020_017_setIV_STLC_MG132_RO_Nuf2-GFP_mKate2-Astrin_GFP_mCherry_cell05_b_11min01_R3D_D3D_Z14_C1_T0.tif,4243.765861823141,3691.6693109164103,2774.245,3921.1075
104,14_2,9613.75,Expt2020_017_setIV_STLC_MG132_RO_Nuf2-GFP_mKate2-Astrin_GFP_mCherry_cell05_b_11min01_R3D_D3D_Z14_C0_T0.tif,3480.5,Expt2020_017_setIV_STLC_MG132_RO_Nuf2-GFP_mKate2-Astrin_GFP_mCherry_cell05_b_11min01_R3D_D3D_Z14_C1_T0.tif,4243.765861823141,3691.6693109164103,2774.245,3921.1075
105,14_3,12270.384615384615,Expt2020_017_setIV_STLC_MG132_RO_Nuf2-GFP_mKate2-Astrin_GFP_mCherry_cell05_b_11min01_R3D_D3D_Z14_C0_T0.tif,8704.23076923077,Expt2020_017_setIV_STLC_MG132_RO_Nuf2-GFP_mKate2-Astrin_GFP_mCherry_cell05_b_11min01_R3D_D3D_Z14_C1_T0.tif,4243.765861823141,3691.6693109164103,2774.245,3921.1075
106,14_4,10355.625,Expt2020_017_setIV_STLC_MG132_RO_Nuf2-GFP_mKate2-Astrin_GFP_mCherry_cell05_b_11min01_R3D_D3D_Z14_C0_T0.tif,6419.25,Expt2020_017_setIV_STLC_MG132_RO_Nuf2-GFP_mKate2-Astrin_GFP_mCherry_cell05_b_11min01_R3D_D3D_Z14_C1_T0.tif,4243.765861823141,3691.6693109164103,2774.245,3921.1075
107,14_5,11425.964285714286,Expt2020_017_setIV_STLC_MG132_RO_Nuf2-GFP_mKate2-Astrin_GFP_mCherry_cell05_b_11min01_R3D_D3D_Z14_C0_T0.tif,3588.8214285714284,Expt2020_017_setIV_STLC_MG132_RO_Nuf2-GFP_mKate2-Astrin_GFP_mCherry_cell05_b_11min01_R3D_D3D_Z14_C1_T0.tif,4243.765861823141,3691.6693109164103,2774.245,3921.1075
108,14_6,11691.777777777777,Expt2020_017_setIV_STLC_MG132_RO_Nuf2-GFP_mKate2-Astrin_GFP_mCherry_cell05_b_11min01_R3D_D3D_Z14_C0_T0.tif,7725.055555555556,Expt2020_017_setIV_STLC_MG132_RO_Nuf2-GFP_mKate2-Astrin_GFP_mCherry_cell05_b_11min01_R3D_D3D_Z14_C1_T0.tif,4243.765861823141,3691.6693109164103,2774.245,3921.1075
109,14_7,13013.125,Expt2020_017_setIV_STLC_MG132_RO_Nuf2-GFP_mKate2-Astrin_GFP_mCherry_cell05_b_11min01_R3D_D3D_Z14_C0_T0.tif,6784.3125,Expt2020_017_setIV_STLC_MG132_RO_Nuf2-GFP_mKate2-Astrin_GFP_mCherry_cell05_b_11min01_R3D_D3D_Z14_C1_T0.tif,4243.765861823141,3691.6693109164103,2774.245,3921.1075
110,14_8,11821.617647058823,Expt2020_017_setIV_STLC_MG132_RO_Nuf2-GFP_mKate2-Astrin_GFP_mCherry_cell05_b_11min01_R3D_D3D_Z14_C0_T0.tif,6170.323529411765,Expt2020_017_setIV_STLC_MG132_RO_Nuf2-GFP_mKate2-Astrin_GFP_mCherry_cell05_b_11min01_R3D_D3D_Z14_C1_T0.tif,4243.765861823141,3691.6693109164103,2774.245,3921.1075
111,14_9,10753.375,Expt2020_017_setIV_STLC_MG132_RO_Nuf2-GFP_mKate2-Astrin_GFP_mCherry_cell05_b_11min01_R3D_D3D_Z14_C0_T0.tif,4948.0,Expt2020_017_setIV_STLC_MG132_RO_Nuf2-GFP_mKate2-Astrin_GFP_mCherry_cell05_b_11min01_R3D_D3D_Z14_C1_T0.tif,4243.765861823141,3691.6693109164103,2774.245,3921.1075
112,14_10,11507.5,Expt2020_017_setIV_STLC_MG132_RO_Nuf2-GFP_mKate2-Astrin_GFP_mCherry_cell05_b_11min01_R3D_D3D_Z14_C0_T0.tif,7540.333333333333,Expt2020_017_setIV_STLC_MG132_RO_Nuf2-GFP_mKate2-Astrin_GFP_mCherry_cell05_b_11min01_R3D_D3D_Z14_C1_T0.tif,4243.765861823141,3691.6693109164103,2774.245,3921.1075
113,14_11,12206.0,Expt2020_017_setIV_STLC_MG132_RO_Nuf2-GFP_mKate2-Astrin_GFP_mCherry_cell05_b_11min01_R3D_D3D_Z14_C0_T0.tif,4168.615384615385,Expt2020_017_setIV_STLC_MG132_RO_Nuf2-GFP_mKate2-Astrin_GFP_mCherry_cell05_b_11min01_R3D_D3D_Z14_C1_T0.tif,4243.765861823141,3691.6693109164103,2774.245,3921.1075
114,14_12,11848.916666666666,Expt2020_017_setIV_STLC_MG132_RO_Nuf2-GFP_mKate2-Astrin_GFP_mCherry_cell05_b_11min01_R3D_D3D_Z14_C0_T0.tif,6396.625,Expt2020_017_setIV_STLC_MG132_RO_Nuf2-GFP_mKate2-Astrin_GFP_mCherry_cell05_b_11min01_R3D_D3D_Z14_C1_T0.tif,4243.765861823141,3691.6693109164103,2774.245,3921.1075
115,14_13,12335.636363636364,Expt2020_017_setIV_STLC_MG132_RO_Nuf2-GFP_mKate2-Astrin_GFP_mCherry_cell05_b_11min01_R3D_D3D_Z14_C0_T0.tif,6057.527272727273,Expt2020_017_setIV_STLC_MG132_RO_Nuf2-GFP_mKate2-Astrin_GFP_mCherry_cell05_b_11min01_R3D_D3D_Z14_C1_T0.tif,4243.765861823141,3691.6693109164103,2774.245,3921.1075
116,14_14,10253.681818181818,Expt2020_017_setIV_STLC_MG132_RO_Nuf2-GFP_mKate2-Astrin_GFP_mCherry_cell05_b_11min01_R3D_D3D_Z14_C0_T0.tif,5730.0,Expt2020_017_setIV_STLC_MG132_RO_Nuf2-GFP_mKate2-Astrin_GFP_mCherry_cell05_b_11min01_R3D_D3D_Z14_C1_T0.tif,4243.765861823141,3691.6693109164103,2774.245,3921.1075
117,15_1,10828.857142857143,Expt2020_017_setIV_STLC_MG132_RO_Nuf2-GFP_mKate2-Astrin_GFP_mCherry_cell05_b_11min01_R3D_D3D_Z15_C0_T0.tif,3638.904761904762,Expt2020_017_setIV_STLC_MG132_RO_Nuf2-GFP_mKate2-Astrin_GFP_mCherry_cell05_b_11min01_R3D_D3D_Z15_C1_T0.tif,4243.765861823141,3691.6693109164103,2774.245,3921.1075
118,15_2,10274.50909090909,Expt2020_017_setIV_STLC_MG132_RO_Nuf2-GFP_mKate2-Astrin_GFP_mCherry_cell05_b_11min01_R3D_D3D_Z15_C0_T0.tif,6458.381818181818,Expt2020_017_setIV_STLC_MG132_RO_Nuf2-GFP_mKate2-Astrin_GFP_mCherry_cell05_b_11min01_R3D_D3D_Z15_C1_T0.tif,4243.765861823141,3691.6693109164103,2774.245,3921.1075
119,15_3,9675.583333333334,Expt2020_017_setIV_STLC_MG132_RO_Nuf2-GFP_mKate2-Astrin_GFP_mCherry_cell05_b_11min01_R3D_D3D_Z15_C0_T0.tif,7115.416666666667,Expt2020_017_setIV_STLC_MG132_RO_Nuf2-GFP_mKate2-Astrin_GFP_mCherry_cell05_b_11min01_R3D_D3D_Z15_C1_T0.tif,4243.765861823141,3691.6693109164103,2774.245,3921.1075
120,15_4,9849.333333333334,Expt2020_017_setIV_STLC_MG132_RO_Nuf2-GFP_mKate2-Astrin_GFP_mCherry_cell05_b_11min01_R3D_D3D_Z15_C0_T0.tif,7198.777777777777,Expt2020_017_setIV_STLC_MG132_RO_Nuf2-GFP_mKate2-Astrin_GFP_mCherry_cell05_b_11min01_R3D_D3D_Z15_C1_T0.tif,4243.765861823141,3691.6693109164103,2774.245,3921.1075
121,15_5,10131.539682539682,Expt2020_017_setIV_STLC_MG132_RO_Nuf2-GFP_mKate2-Astrin_GFP_mCherry_cell05_b_11min01_R3D_D3D_Z15_C0_T0.tif,5536.253968253968,Expt2020_017_setIV_STLC_MG132_RO_Nuf2-GFP_mKate2-Astrin_GFP_mCherry_cell05_b_11min01_R3D_D3D_Z15_C1_T0.tif,4243.765861823141,3691.6693109164103,2774.245,3921.1075
122,15_6,9871.166666666666,Expt2020_017_setIV_STLC_MG132_RO_Nuf2-GFP_mKate2-Astrin_GFP_mCherry_cell05_b_11min01_R3D_D3D_Z15_C0_T0.tif,5166.916666666667,Expt2020_017_setIV_STLC_MG132_RO_Nuf2-GFP_mKate2-Astrin_GFP_mCherry_cell05_b_11min01_R3D_D3D_Z15_C1_T0.tif,4243.765861823141,3691.6693109164103,2774.245,3921.1075
123,15_7,9771.375,Expt2020_017_setIV_STLC_MG132_RO_Nuf2-GFP_mKate2-Astrin_GFP_mCherry_cell05_b_11min01_R3D_D3D_Z15_C0_T0.tif,3205.875,Expt2020_017_setIV_STLC_MG132_RO_Nuf2-GFP_mKate2-Astrin_GFP_mCherry_cell05_b_11min01_R3D_D3D_Z15_C1_T0.tif,4243.765861823141,3691.6693109164103,2774.245,3921.1075
124,15_8,9395.51724137931,Expt2020_017_setIV_STLC_MG132_RO_Nuf2-GFP_mKate2-Astrin_GFP_mCherry_cell05_b_11min01_R3D_D3D_Z15_C0_T0.tif,5722.896551724138,Expt2020_017_setIV_STLC_MG132_RO_Nuf2-GFP_mKate2-Astrin_GFP_mCherry_cell05_b_11min01_R3D_D3D_Z15_C1_T0.tif,4243.765861823141,3691.6693109164103,2774.245,3921.1075
125,15_9,9365.285714285714,Expt2020_017_setIV_STLC_MG132_RO_Nuf2-GFP_mKate2-Astrin_GFP_mCherry_cell05_b_11min01_R3D_D3D_Z15_C0_T0.tif,4788.714285714285,Expt2020_017_setIV_STLC_MG132_RO_Nuf2-GFP_mKate2-Astrin_GFP_mCherry_cell05_b_11min01_R3D_D3D_Z15_C1_T0.tif,4243.765861823141,3691.6693109164103,2774.245,3921.1075
126,15_10,12520.923076923076,Expt2020_017_setIV_STLC_MG132_RO_Nuf2-GFP_mKate2-Astrin_GFP_mCherry_cell05_b_11min01_R3D_D3D_Z15_C0_T0.tif,7774.346153846154,Expt2020_017_setIV_STLC_MG132_RO_Nuf2-GFP_mKate2-Astrin_GFP_mCherry_cell05_b_11min01_R3D_D3D_Z15_C1_T0.tif,4243.765861823141,3691.6693109164103,2774.245,3921.1075
127,15_11,10754.433333333332,Expt2020_017_setIV_STLC_MG132_RO_Nuf2-GFP_mKate2-Astrin_GFP_mCherry_cell05_b_11min01_R3D_D3D_Z15_C0_T0.tif,3934.233333333333,Expt2020_017_setIV_STLC_MG132_RO_Nuf2-GFP_mKate2-Astrin_GFP_mCherry_cell05_b_11min01_R3D_D3D_Z15_C1_T0.tif,4243.765861823141,3691.6693109164103,2774.245,3921.1075
128,15_12,10921.461538461539,Expt2020_017_setIV_STLC_MG132_RO_Nuf2-GFP_mKate2-Astrin_GFP_mCherry_cell05_b_11min01_R3D_D3D_Z15_C0_T0.tif,6522.307692307692,Expt2020_017_setIV_STLC_MG132_RO_Nuf2-GFP_mKate2-Astrin_GFP_mCherry_cell05_b_11min01_R3D_D3D_Z15_C1_T0.tif,4243.765861823141,3691.6693109164103,2774.245,3921.1075
129,15_13,10719.7,Expt2020_017_setIV_STLC_MG132_RO_Nuf2-GFP_mKate2-Astrin_GFP_mCherry_cell05_b_11min01_R3D_D3D_Z15_C0_T0.tif,5723.64,Expt2020_017_setIV_STLC_MG132_RO_Nuf2-GFP_mKate2-Astrin_GFP_mCherry_cell05_b_11min01_R3D_D3D_Z15_C1_T0.tif,4243.765861823141,3691.6693109164103,2774.245,3921.1075
130,15_14,9186.0,Expt2020_017_setIV_STLC_MG132_RO_Nuf2-GFP_mKate2-Astrin_GFP_mCherry_cell05_b_11min01_R3D_D3D_Z15_C0_T0.tif,3792.75,Expt2020_017_setIV_STLC_MG132_RO_Nuf2-GFP_mKate2-Astrin_GFP_mCherry_cell05_b_11min01_R3D_D3D_Z15_C1_T0.tif,4243.765861823141,3691.6693109164103,2774.245,3921.1075
131,15_15,9612.625,Expt2020_017_setIV_STLC_MG132_RO_Nuf2-GFP_mKate2-Astrin_GFP_mCherry_cell05_b_11min01_R3D_D3D_Z15_C0_T0.tif,4512.3125,Expt2020_017_setIV_STLC_MG132_RO_Nuf2-GFP_mKate2-Astrin_GFP_mCherry_cell05_b_11min01_R3D_D3D_Z15_C1_T0.tif,4243.765861823141,3691.6693109164103,2774.245,3921.1075
132,15_16,9667.375,Expt2020_017_setIV_STLC_MG132_RO_Nuf2-GFP_mKate2-Astrin_GFP_mCherry_cell05_b_11min01_R3D_D3D_Z15_C0_T0.tif,5831.25,Expt2020_017_setIV_STLC_MG132_RO_Nuf2-GFP_mKate2-Astrin_GFP_mCherry_cell05_b_11min01_R3D_D3D_Z15_C1_T0.tif,4243.765861823141,3691.6693109164103,2774.245,3921.1075
133,16_1,9929.833333333334,Expt2020_017_setIV_STLC_MG132_RO_Nuf2-GFP_mKate2-Astrin_GFP_mCherry_cell05_b_11min01_R3D_D3D_Z16_C0_T0.tif,3231.0,Expt2020_017_setIV_STLC_MG132_RO_Nuf2-GFP_mKate2-Astrin_GFP_mCherry_cell05_b_11min01_R3D_D3D_Z16_C1_T0.tif,4243.765861823141,3691.6693109164103,2774.245,3921.1075
134,16_2,10410.05357142857,Expt2020_017_setIV_STLC_MG132_RO_Nuf2-GFP_mKate2-Astrin_GFP_mCherry_cell05_b_11min01_R3D_D3D_Z16_C0_T0.tif,6250.678571428572,Expt2020_017_setIV_STLC_MG132_RO_Nuf2-GFP_mKate2-Astrin_GFP_mCherry_cell05_b_11min01_R3D_D3D_Z16_C1_T0.tif,4243.765861823141,3691.6693109164103,2774.245,3921.1075
135,16_3,9746.952380952382,Expt2020_017_setIV_STLC_MG132_RO_Nuf2-GFP_mKate2-Astrin_GFP_mCherry_cell05_b_11min01_R3D_D3D_Z16_C0_T0.tif,6629.047619047619,Expt2020_017_setIV_STLC_MG132_RO_Nuf2-GFP_mKate2-Astrin_GFP_mCherry_cell05_b_11min01_R3D_D3D_Z16_C1_T0.tif,4243.765861823141,3691.6693109164103,2774.245,3921.1075
136,16_4,9990.061224489797,Expt2020_017_setIV_STLC_MG132_RO_Nuf2-GFP_mKate2-Astrin_GFP_mCherry_cell05_b_11min01_R3D_D3D_Z16_C0_T0.tif,5143.938775510204,Expt2020_017_setIV_STLC_MG132_RO_Nuf2-GFP_mKate2-Astrin_GFP_mCherry_cell05_b_11min01_R3D_D3D_Z16_C1_T0.tif,4243.765861823141,3691.6693109164103,2774.245,3921.1075
137,16_5,9878.45945945946,Expt2020_017_setIV_STLC_MG132_RO_Nuf2-GFP_mKate2-Astrin_GFP_mCherry_cell05_b_11min01_R3D_D3D_Z16_C0_T0.tif,5726.7027027027025,Expt2020_017_setIV_STLC_MG132_RO_Nuf2-GFP_mKate2-Astrin_GFP_mCherry_cell05_b_11min01_R3D_D3D_Z16_C1_T0.tif,4243.765861823141,3691.6693109164103,2774.245,3921.1075
138,16_6,8864.190476190477,Expt2020_017_setIV_STLC_MG132_RO_Nuf2-GFP_mKate2-Astrin_GFP_mCherry_cell05_b_11min01_R3D_D3D_Z16_C0_T0.tif,6415.333333333333,Expt2020_017_setIV_STLC_MG132_RO_Nuf2-GFP_mKate2-Astrin_GFP_mCherry_cell05_b_11min01_R3D_D3D_Z16_C1_T0.tif,4243.765861823141,3691.6693109164103,2774.245,3921.1075
139,16_7,9821.961538461539,Expt2020_017_setIV_STLC_MG132_RO_Nuf2-GFP_mKate2-Astrin_GFP_mCherry_cell05_b_11min01_R3D_D3D_Z16_C0_T0.tif,4249.2307692307695,Expt2020_017_setIV_STLC_MG132_RO_Nuf2-GFP_mKate2-Astrin_GFP_mCherry_cell05_b_11min01_R3D_D3D_Z16_C1_T0.tif,4243.765861823141,3691.6693109164103,2774.245,3921.1075
140,16_8,10760.8,Expt2020_017_setIV_STLC_MG132_RO_Nuf2-GFP_mKate2-Astrin_GFP_mCherry_cell05_b_11min01_R3D_D3D_Z16_C0_T0.tif,6946.366666666667,Expt2020_017_setIV_STLC_MG132_RO_Nuf2-GFP_mKate2-Astrin_GFP_mCherry_cell05_b_11min01_R3D_D3D_Z16_C1_T0.tif,4243.765861823141,3691.6693109164103,2774.245,3921.1075
141,16_9,9458.416666666666,Expt2020_017_setIV_STLC_MG132_RO_Nuf2-GFP_mKate2-Astrin_GFP_mCherry_cell05_b_11min01_R3D_D3D_Z16_C0_T0.tif,3779.5833333333335,Expt2020_017_setIV_STLC_MG132_RO_Nuf2-GFP_mKate2-Astrin_GFP_mCherry_cell05_b_11min01_R3D_D3D_Z16_C1_T0.tif,4243.765861823141,3691.6693109164103,2774.245,3921.1075
142,16_10,9446.52380952381,Expt2020_017_setIV_STLC_MG132_RO_Nuf2-GFP_mKate2-Astrin_GFP_mCherry_cell05_b_11min01_R3D_D3D_Z16_C0_T0.tif,6402.714285714285,Expt2020_017_setIV_STLC_MG132_RO_Nuf2-GFP_mKate2-Astrin_GFP_mCherry_cell05_b_11min01_R3D_D3D_Z16_C1_T0.tif,4243.765861823141,3691.6693109164103,2774.245,3921.1075
143,16_11,11133.076923076924,Expt2020_017_setIV_STLC_MG132_RO_Nuf2-GFP_mKate2-Astrin_GFP_mCherry_cell05_b_11min01_R3D_D3D_Z16_C0_T0.tif,5611.192307692308,Expt2020_017_setIV_STLC_MG132_RO_Nuf2-GFP_mKate2-Astrin_GFP_mCherry_cell05_b_11min01_R3D_D3D_Z16_C1_T0.tif,4243.765861823141,3691.6693109164103,2774.245,3921.1075
144,16_12,9125.775,Expt2020_017_setIV_STLC_MG132_RO_Nuf2-GFP_mKate2-Astrin_GFP_mCherry_cell05_b_11min01_R3D_D3D_Z16_C0_T0.tif,4726.8,Expt2020_017_setIV_STLC_MG132_RO_Nuf2-GFP_mKate2-Astrin_GFP_mCherry_cell05_b_11min01_R3D_D3D_Z16_C1_T0.tif,4243.765861823141,3691.6693109164103,2774.245,3921.1075
145,16_13,9365.315789473685,Expt2020_017_setIV_STLC_MG132_RO_Nuf2-GFP_mKate2-Astrin_GFP_mCherry_cell05_b_11min01_R3D_D3D_Z16_C0_T0.tif,5421.4473684210525,Expt2020_017_setIV_STLC_MG132_RO_Nuf2-GFP_mKate2-Astrin_GFP_mCherry_cell05_b_11min01_R3D_D3D_Z16_C1_T0.tif,4243.765861823141,3691.6693109164103,2774.245,3921.1075
146,17_1,7422.958333333333,Expt2020_017_setIV_STLC_MG132_RO_Nuf2-GFP_mKate2-Astrin_GFP_mCherry_cell05_b_11min01_R3D_D3D_Z17_C0_T0.tif,4476.666666666667,Expt2020_017_setIV_STLC_MG132_RO_Nuf2-GFP_mKate2-Astrin_GFP_mCherry_cell05_b_11min01_R3D_D3D_Z17_C1_T0.tif,4243.765861823141,3691.6693109164103,2774.245,3921.1075
147,17_2,9109.469696969696,Expt2020_017_setIV_STLC_MG132_RO_Nuf2-GFP_mKate2-Astrin_GFP_mCherry_cell05_b_11min01_R3D_D3D_Z17_C0_T0.tif,5443.590909090909,Expt2020_017_setIV_STLC_MG132_RO_Nuf2-GFP_mKate2-Astrin_GFP_mCherry_cell05_b_11min01_R3D_D3D_Z17_C1_T0.tif,4243.765861823141,3691.6693109164103,2774.245,3921.1075
148,17_3,10589.21875,Expt2020_017_setIV_STLC_MG132_RO_Nuf2-GFP_mKate2-Astrin_GFP_mCherry_cell05_b_11min01_R3D_D3D_Z17_C0_T0.tif,3033.34375,Expt2020_017_setIV_STLC_MG132_RO_Nuf2-GFP_mKate2-Astrin_GFP_mCherry_cell05_b_11min01_R3D_D3D_Z17_C1_T0.tif,4243.765861823141,3691.6693109164103,2774.245,3921.1075
149,17_4,7591.571428571428,Expt2020_017_setIV_STLC_MG132_RO_Nuf2-GFP_mKate2-Astrin_GFP_mCherry_cell05_b_11min01_R3D_D3D_Z17_C0_T0.tif,5391.380952380952,Expt2020_017_setIV_STLC_MG132_RO_Nuf2-GFP_mKate2-Astrin_GFP_mCherry_cell05_b_11min01_R3D_D3D_Z17_C1_T0.tif,4243.765861823141,3691.6693109164103,2774.245,3921.1075
150,17_5,10085.266666666666,Expt2020_017_setIV_STLC_MG132_RO_Nuf2-GFP_mKate2-Astrin_GFP_mCherry_cell05_b_11min01_R3D_D3D_Z17_C0_T0.tif,6196.733333333334,Expt2020_017_setIV_STLC_MG132_RO_Nuf2-GFP_mKate2-Astrin_GFP_mCherry_cell05_b_11min01_R3D_D3D_Z17_C1_T0.tif,4243.765861823141,3691.6693109164103,2774.245,3921.1075
151,17_6,8405.558823529413,Expt2020_017_setIV_STLC_MG132_RO_Nuf2-GFP_mKate2-Astrin_GFP_mCherry_cell05_b_11min01_R3D_D3D_Z17_C0_T0.tif,5858.176470588235,Expt2020_017_setIV_STLC_MG132_RO_Nuf2-GFP_mKate2-Astrin_GFP_mCherry_cell05_b_11min01_R3D_D3D_Z17_C1_T0.tif,4243.765861823141,3691.6693109164103,2774.245,3921.1075
152,17_7,10106.057142857142,Expt2020_017_setIV_STLC_MG132_RO_Nuf2-GFP_mKate2-Astrin_GFP_mCherry_cell05_b_11min01_R3D_D3D_Z17_C0_T0.tif,5140.642857142857,Expt2020_017_setIV_STLC_MG132_RO_Nuf2-GFP_mKate2-Astrin_GFP_mCherry_cell05_b_11min01_R3D_D3D_Z17_C1_T0.tif,4243.765861823141,3691.6693109164103,2774.245,3921.1075
153,17_8,9986.587301587302,Expt2020_017_setIV_STLC_MG132_RO_Nuf2-GFP_mKate2-Astrin_GFP_mCherry_cell05_b_11min01_R3D_D3D_Z17_C0_T0.tif,6006.047619047619,Expt2020_017_setIV_STLC_MG132_RO_Nuf2-GFP_mKate2-Astrin_GFP_mCherry_cell05_b_11min01_R3D_D3D_Z17_C1_T0.tif,4243.765861823141,3691.6693109164103,2774.245,3921.1075
154,17_9,8858.234042553191,Expt2020_017_setIV_STLC_MG132_RO_Nuf2-GFP_mKate2-Astrin_GFP_mCherry_cell05_b_11min01_R3D_D3D_Z17_C0_T0.tif,6430.446808510638,Expt2020_017_setIV_STLC_MG132_RO_Nuf2-GFP_mKate2-Astrin_GFP_mCherry_cell05_b_11min01_R3D_D3D_Z17_C1_T0.tif,4243.765861823141,3691.6693109164103,2774.245,3921.1075
155,17_10,8023.0,Expt2020_017_setIV_STLC_MG132_RO_Nuf2-GFP_mKate2-Astrin_GFP_mCherry_cell05_b_11min01_R3D_D3D_Z17_C0_T0.tif,4452.0,Expt2020_017_setIV_STLC_MG132_RO_Nuf2-GFP_mKate2-Astrin_GFP_mCherry_cell05_b_11min01_R3D_D3D_Z17_C1_T0.tif,4243.765861823141,3691.6693109164103,2774.245,3921.1075
156,17_11,8508.47619047619,Expt2020_017_setIV_STLC_MG132_RO_Nuf2-GFP_mKate2-Astrin_GFP_mCherry_cell05_b_11min01_R3D_D3D_Z17_C0_T0.tif,5932.785714285715,Expt2020_017_setIV_STLC_MG132_RO_Nuf2-GFP_mKate2-Astrin_GFP_mCherry_cell05_b_11min01_R3D_D3D_Z17_C1_T0.tif,4243.765861823141,3691.6693109164103,2774.245,3921.1075
157,17_12,9324.231884057972,Expt2020_017_setIV_STLC_MG132_RO_Nuf2-GFP_mKate2-Astrin_GFP_mCherry_cell05_b_11min01_R3D_D3D_Z17_C0_T0.tif,5414.565217391304,Expt2020_017_setIV_STLC_MG132_RO_Nuf2-GFP_mKate2-Astrin_GFP_mCherry_cell05_b_11min01_R3D_D3D_Z17_C1_T0.tif,4243.765861823141,3691.6693109164103,2774.245,3921.1075
158,17_13,10378.4,Expt2020_017_setIV_STLC_MG132_RO_Nuf2-GFP_mKate2-Astrin_GFP_mCherry_cell05_b_11min01_R3D_D3D_Z17_C0_T0.tif,4833.6,Expt2020_017_setIV_STLC_MG132_RO_Nuf2-GFP_mKate2-Astrin_GFP_mCherry_cell05_b_11min01_R3D_D3D_Z17_C1_T0.tif,4243.765861823141,3691.6693109164103,2774.245,3921.1075
159,17_14,8199.71186440678,Expt2020_017_setIV_STLC_MG132_RO_Nuf2-GFP_mKate2-Astrin_GFP_mCherry_cell05_b_11min01_R3D_D3D_Z17_C0_T0.tif,5393.237288135593,Expt2020_017_setIV_STLC_MG132_RO_Nuf2-GFP_mKate2-Astrin_GFP_mCherry_cell05_b_11min01_R3D_D3D_Z17_C1_T0.tif,4243.765861823141,3691.6693109164103,2774.245,3921.1075
160,18_1,8819.73076923077,Expt2020_017_setIV_STLC_MG132_RO_Nuf2-GFP_mKate2-Astrin_GFP_mCherry_cell05_b_11min01_R3D_D3D_Z18_C0_T0.tif,4956.384615384615,Expt2020_017_setIV_STLC_MG132_RO_Nuf2-GFP_mKate2-Astrin_GFP_mCherry_cell05_b_11min01_R3D_D3D_Z18_C1_T0.tif,4243.765861823141,3691.6693109164103,2774.245,3921.1075
161,18_2,9843.833333333334,Expt2020_017_setIV_STLC_MG132_RO_Nuf2-GFP_mKate2-Astrin_GFP_mCherry_cell05_b_11min01_R3D_D3D_Z18_C0_T0.tif,3137.633333333333,Expt2020_017_setIV_STLC_MG132_RO_Nuf2-GFP_mKate2-Astrin_GFP_mCherry_cell05_b_11min01_R3D_D3D_Z18_C1_T0.tif,4243.765861823141,3691.6693109164103,2774.245,3921.1075
162,18_3,9893.71875,Expt2020_017_setIV_STLC_MG132_RO_Nuf2-GFP_mKate2-Astrin_GFP_mCherry_cell05_b_11min01_R3D_D3D_Z18_C0_T0.tif,4947.5625,Expt2020_017_setIV_STLC_MG132_RO_Nuf2-GFP_mKate2-Astrin_GFP_mCherry_cell05_b_11min01_R3D_D3D_Z18_C1_T0.tif,4243.765861823141,3691.6693109164103,2774.245,3921.1075
163,18_4,9160.73076923077,Expt2020_017_setIV_STLC_MG132_RO_Nuf2-GFP_mKate2-Astrin_GFP_mCherry_cell05_b_11min01_R3D_D3D_Z18_C0_T0.tif,5595.192307692308,Expt2020_017_setIV_STLC_MG132_RO_Nuf2-GFP_mKate2-Astrin_GFP_mCherry_cell05_b_11min01_R3D_D3D_Z18_C1_T0.tif,4243.765861823141,3691.6693109164103,2774.245,3921.1075
164,18_5,8529.625,Expt2020_017_setIV_STLC_MG132_RO_Nuf2-GFP_mKate2-Astrin_GFP_mCherry_cell05_b_11min01_R3D_D3D_Z18_C0_T0.tif,4944.625,Expt2020_017_setIV_STLC_MG132_RO_Nuf2-GFP_mKate2-Astrin_GFP_mCherry_cell05_b_11min01_R3D_D3D_Z18_C1_T0.tif,4243.765861823141,3691.6693109164103,2774.245,3921.1075
165,18_6,10164.71875,Expt2020_017_setIV_STLC_MG132_RO_Nuf2-GFP_mKate2-Astrin_GFP_mCherry_cell05_b_11min01_R3D_D3D_Z18_C0_T0.tif,5699.0625,Expt2020_017_setIV_STLC_MG132_RO_Nuf2-GFP_mKate2-Astrin_GFP_mCherry_cell05_b_11min01_R3D_D3D_Z18_C1_T0.tif,4243.765861823141,3691.6693109164103,2774.245,3921.1075
166,18_7,9179.14,Expt2020_017_setIV_STLC_MG132_RO_Nuf2-GFP_mKate2-Astrin_GFP_mCherry_cell05_b_11min01_R3D_D3D_Z18_C0_T0.tif,5404.0,Expt2020_017_setIV_STLC_MG132_RO_Nuf2-GFP_mKate2-Astrin_GFP_mCherry_cell05_b_11min01_R3D_D3D_Z18_C1_T0.tif,4243.765861823141,3691.6693109164103,2774.245,3921.1075
167,18_8,10177.01724137931,Expt2020_017_setIV_STLC_MG132_RO_Nuf2-GFP_mKate2-Astrin_GFP_mCherry_cell05_b_11min01_R3D_D3D_Z18_C0_T0.tif,5439.568965517241,Expt2020_017_setIV_STLC_MG132_RO_Nuf2-GFP_mKate2-Astrin_GFP_mCherry_cell05_b_11min01_R3D_D3D_Z18_C1_T0.tif,4243.765861823141,3691.6693109164103,2774.245,3921.1075
168,18_9,10972.433333333332,Expt2020_017_setIV_STLC_MG132_RO_Nuf2-GFP_mKate2-Astrin_GFP_mCherry_cell05_b_11min01_R3D_D3D_Z18_C0_T0.tif,5702.433333333333,Expt2020_017_setIV_STLC_MG132_RO_Nuf2-GFP_mKate2-Astrin_GFP_mCherry_cell05_b_11min01_R3D_D3D_Z18_C1_T0.tif,4243.765861823141,3691.6693109164103,2774.245,3921.1075
169,18_10,10289.565217391304,Expt2020_017_setIV_STLC_MG132_RO_Nuf2-GFP_mKate2-Astrin_GFP_mCherry_cell05_b_11min01_R3D_D3D_Z18_C0_T0.tif,6600.847826086957,Expt2020_017_setIV_STLC_MG132_RO_Nuf2-GFP_mKate2-Astrin_GFP_mCherry_cell05_b_11min01_R3D_D3D_Z18_C1_T0.tif,4243.765861823141,3691.6693109164103,2774.245,3921.1075
170,18_11,13162.566666666668,Expt2020_017_setIV_STLC_MG132_RO_Nuf2-GFP_mKate2-Astrin_GFP_mCherry_cell05_b_11min01_R3D_D3D_Z18_C0_T0.tif,5102.333333333333,Expt2020_017_setIV_STLC_MG132_RO_Nuf2-GFP_mKate2-Astrin_GFP_mCherry_cell05_b_11min01_R3D_D3D_Z18_C1_T0.tif,4243.765861823141,3691.6693109164103,2774.245,3921.1075
171,18_12,10046.466666666667,Expt2020_017_setIV_STLC_MG132_RO_Nuf2-GFP_mKate2-Astrin_GFP_mCherry_cell05_b_11min01_R3D_D3D_Z18_C0_T0.tif,6251.8,Expt2020_017_setIV_STLC_MG132_RO_Nuf2-GFP_mKate2-Astrin_GFP_mCherry_cell05_b_11min01_R3D_D3D_Z18_C1_T0.tif,4243.765861823141,3691.6693109164103,2774.245,3921.1075
172,18_13,9772.518518518518,Expt2020_017_setIV_STLC_MG132_RO_Nuf2-GFP_mKate2-Astrin_GFP_mCherry_cell05_b_11min01_R3D_D3D_Z18_C0_T0.tif,4999.0,Expt2020_017_setIV_STLC_MG132_RO_Nuf2-GFP_mKate2-Astrin_GFP_mCherry_cell05_b_11min01_R3D_D3D_Z18_C1_T0.tif,4243.765861823141,3691.6693109164103,2774.245,3921.1075
173,18_14,8993.192307692309,Expt2020_017_setIV_STLC_MG132_RO_Nuf2-GFP_mKate2-Astrin_GFP_mCherry_cell05_b_11min01_R3D_D3D_Z18_C0_T0.tif,6185.2307692307695,Expt2020_017_setIV_STLC_MG132_RO_Nuf2-GFP_mKate2-Astrin_GFP_mCherry_cell05_b_11min01_R3D_D3D_Z18_C1_T0.tif,4243.765861823141,3691.6693109164103,2774.245,3921.1075
174,19_1,11489.380952380952,Expt2020_017_setIV_STLC_MG132_RO_Nuf2-GFP_mKate2-Astrin_GFP_mCherry_cell05_b_11min01_R3D_D3D_Z19_C0_T0.tif,5273.047619047619,Expt2020_017_setIV_STLC_MG132_RO_Nuf2-GFP_mKate2-Astrin_GFP_mCherry_cell05_b_11min01_R3D_D3D_Z19_C1_T0.tif,4243.765861823141,3691.6693109164103,2774.245,3921.1075
175,19_2,12117.761904761905,Expt2020_017_setIV_STLC_MG132_RO_Nuf2-GFP_mKate2-Astrin_GFP_mCherry_cell05_b_11min01_R3D_D3D_Z19_C0_T0.tif,7134.952380952381,Expt2020_017_setIV_STLC_MG132_RO_Nuf2-GFP_mKate2-Astrin_GFP_mCherry_cell05_b_11min01_R3D_D3D_Z19_C1_T0.tif,4243.765861823141,3691.6693109164103,2774.245,3921.1075
176,19_3,10922.809523809523,Expt2020_017_setIV_STLC_MG132_RO_Nuf2-GFP_mKate2-Astrin_GFP_mCherry_cell05_b_11min01_R3D_D3D_Z19_C0_T0.tif,5343.476190476191,Expt2020_017_setIV_STLC_MG132_RO_Nuf2-GFP_mKate2-Astrin_GFP_mCherry_cell05_b_11min01_R3D_D3D_Z19_C1_T0.tif,4243.765861823141,3691.6693109164103,2774.245,3921.1075
177,19_4,12843.142857142857,Expt2020_017_setIV_STLC_MG132_RO_Nuf2-GFP_mKate2-Astrin_GFP_mCherry_cell05_b_11min01_R3D_D3D_Z19_C0_T0.tif,5251.238095238095,Expt2020_017_setIV_STLC_MG132_RO_Nuf2-GFP_mKate2-Astrin_GFP_mCherry_cell05_b_11min01_R3D_D3D_Z19_C1_T0.tif,4243.765861823141,3691.6693109164103,2774.245,3921.1075
178,19_5,10570.25,Expt2020_017_setIV_STLC_MG132_RO_Nuf2-GFP_mKate2-Astrin_GFP_mCherry_cell05_b_11min01_R3D_D3D_Z19_C0_T0.tif,5187.916666666667,Expt2020_017_setIV_STLC_MG132_RO_Nuf2-GFP_mKate2-Astrin_GFP_mCherry_cell05_b_11min01_R3D_D3D_Z19_C1_T0.tif,4243.765861823141,3691.6693109164103,2774.245,3921.1075
179,19_6,10328.833333333334,Expt2020_017_setIV_STLC_MG132_RO_Nuf2-GFP_mKate2-Astrin_GFP_mCherry_cell05_b_11min01_R3D_D3D_Z19_C0_T0.tif,4514.25,Expt2020_017_setIV_STLC_MG132_RO_Nuf2-GFP_mKate2-Astrin_GFP_mCherry_cell05_b_11min01_R3D_D3D_Z19_C1_T0.tif,4243.765861823141,3691.6693109164103,2774.245,3921.1075
180,19_7,10503.842105263158,Expt2020_017_setIV_STLC_MG132_RO_Nuf2-GFP_mKate2-Astrin_GFP_mCherry_cell05_b_11min01_R3D_D3D_Z19_C0_T0.tif,7268.8421052631575,Expt2020_017_setIV_STLC_MG132_RO_Nuf2-GFP_mKate2-Astrin_GFP_mCherry_cell05_b_11min01_R3D_D3D_Z19_C1_T0.tif,4243.765861823141,3691.6693109164103,2774.245,3921.1075
181,19_8,12442.34375,Expt2020_017_setIV_STLC_MG132_RO_Nuf2-GFP_mKate2-Astrin_GFP_mCherry_cell05_b_11min01_R3D_D3D_Z19_C0_T0.tif,6375.75,Expt2020_017_setIV_STLC_MG132_RO_Nuf2-GFP_mKate2-Astrin_GFP_mCherry_cell05_b_11min01_R3D_D3D_Z19_C1_T0.tif,4243.765861823141,3691.6693109164103,2774.245,3921.1075
182,19_9,14469.095238095239,Expt2020_017_setIV_STLC_MG132_RO_Nuf2-GFP_mKate2-Astrin_GFP_mCherry_cell05_b_11min01_R3D_D3D_Z19_C0_T0.tif,7305.666666666667,Expt2020_017_setIV_STLC_MG132_RO_Nuf2-GFP_mKate2-Astrin_GFP_mCherry_cell05_b_11min01_R3D_D3D_Z19_C1_T0.tif,4243.765861823141,3691.6693109164103,2774.245,3921.1075
183,19_10,12744.75,Expt2020_017_setIV_STLC_MG132_RO_Nuf2-GFP_mKate2-Astrin_GFP_mCherry_cell05_b_11min01_R3D_D3D_Z19_C0_T0.tif,4813.5,Expt2020_017_setIV_STLC_MG132_RO_Nuf2-GFP_mKate2-Astrin_GFP_mCherry_cell05_b_11min01_R3D_D3D_Z19_C1_T0.tif,4243.765861823141,3691.6693109164103,2774.245,3921.1075
184,19_11,12631.92857142857,Expt2020_017_setIV_STLC_MG132_RO_Nuf2-GFP_mKate2-Astrin_GFP_mCherry_cell05_b_11min01_R3D_D3D_Z19_C0_T0.tif,6985.321428571428,Expt2020_017_setIV_STLC_MG132_RO_Nuf2-GFP_mKate2-Astrin_GFP_mCherry_cell05_b_11min01_R3D_D3D_Z19_C1_T0.tif,4243.765861823141,3691.6693109164103,2774.245,3921.1075
185,19_12,10516.111111111111,Expt2020_017_setIV_STLC_MG132_RO_Nuf2-GFP_mKate2-Astrin_GFP_mCherry_cell05_b_11min01_R3D_D3D_Z19_C0_T0.tif,5605.305555555556,Expt2020_017_setIV_STLC_MG132_RO_Nuf2-GFP_mKate2-Astrin_GFP_mCherry_cell05_b_11min01_R3D_D3D_Z19_C1_T0.tif,4243.765861823141,3691.6693109164103,2774.245,3921.1075
186,20_1,10153.65625,Expt2020_017_setIV_STLC_MG132_RO_Nuf2-GFP_mKate2-Astrin_GFP_mCherry_cell05_b_11min01_R3D_D3D_Z20_C0_T0.tif,5066.21875,Expt2020_017_setIV_STLC_MG132_RO_Nuf2-GFP_mKate2-Astrin_GFP_mCherry_cell05_b_11min01_R3D_D3D_Z20_C1_T0.tif,4243.765861823141,3691.6693109164103,2774.245,3921.1075
187,20_2,10145.23076923077,Expt2020_017_setIV_STLC_MG132_RO_Nuf2-GFP_mKate2-Astrin_GFP_mCherry_cell05_b_11min01_R3D_D3D_Z20_C0_T0.tif,6708.923076923077,Expt2020_017_setIV_STLC_MG132_RO_Nuf2-GFP_mKate2-Astrin_GFP_mCherry_cell05_b_11min01_R3D_D3D_Z20_C1_T0.tif,4243.765861823141,3691.6693109164103,2774.245,3921.1075
188,20_3,8860.711111111112,Expt2020_017_setIV_STLC_MG132_RO_Nuf2-GFP_mKate2-Astrin_GFP_mCherry_cell05_b_11min01_R3D_D3D_Z20_C0_T0.tif,4418.822222222222,Expt2020_017_setIV_STLC_MG132_RO_Nuf2-GFP_mKate2-Astrin_GFP_mCherry_cell05_b_11min01_R3D_D3D_Z20_C1_T0.tif,4243.765861823141,3691.6693109164103,2774.245,3921.1075
189,20_4,8867.857142857143,Expt2020_017_setIV_STLC_MG132_RO_Nuf2-GFP_mKate2-Astrin_GFP_mCherry_cell05_b_11min01_R3D_D3D_Z20_C0_T0.tif,4839.0,Expt2020_017_setIV_STLC_MG132_RO_Nuf2-GFP_mKate2-Astrin_GFP_mCherry_cell05_b_11min01_R3D_D3D_Z20_C1_T0.tif,4243.765861823141,3691.6693109164103,2774.245,3921.1075
190,20_5,11302.074074074075,Expt2020_017_setIV_STLC_MG132_RO_Nuf2-GFP_mKate2-Astrin_GFP_mCherry_cell05_b_11min01_R3D_D3D_Z20_C0_T0.tif,6669.907407407408,Expt2020_017_setIV_STLC_MG132_RO_Nuf2-GFP_mKate2-Astrin_GFP_mCherry_cell05_b_11min01_R3D_D3D_Z20_C1_T0.tif,4243.765861823141,3691.6693109164103,2774.245,3921.1075
191,20_6,9963.888888888889,Expt2020_017_setIV_STLC_MG132_RO_Nuf2-GFP_mKate2-Astrin_GFP_mCherry_cell05_b_11min01_R3D_D3D_Z20_C0_T0.tif,6118.916666666667,Expt2020_017_setIV_STLC_MG132_RO_Nuf2-GFP_mKate2-Astrin_GFP_mCherry_cell05_b_11min01_R3D_D3D_Z20_C1_T0.tif,4243.765861823141,3691.6693109164103,2774.245,3921.1075
192,20_7,10628.40625,Expt2020_017_setIV_STLC_MG132_RO_Nuf2-GFP_mKate2-Astrin_GFP_mCherry_cell05_b_11min01_R3D_D3D_Z20_C0_T0.tif,5404.15625,Expt2020_017_setIV_STLC_MG132_RO_Nuf2-GFP_mKate2-Astrin_GFP_mCherry_cell05_b_11min01_R3D_D3D_Z20_C1_T0.tif,4243.765861823141,3691.6693109164103,2774.245,3921.1075
193,20_8,9119.961538461539,Expt2020_017_setIV_STLC_MG132_RO_Nuf2-GFP_mKate2-Astrin_GFP_mCherry_cell05_b_11min01_R3D_D3D_Z20_C0_T0.tif,5102.653846153846,Expt2020_017_setIV_STLC_MG132_RO_Nuf2-GFP_mKate2-Astrin_GFP_mCherry_cell05_b_11min01_R3D_D3D_Z20_C1_T0.tif,4243.765861823141,3691.6693109164103,2774.245,3921.1075
194,20_9,8985.692307692309,Expt2020_017_setIV_STLC_MG132_RO_Nuf2-GFP_mKate2-Astrin_GFP_mCherry_cell05_b_11min01_R3D_D3D_Z20_C0_T0.tif,3211.269230769231,Expt2020_017_setIV_STLC_MG132_RO_Nuf2-GFP_mKate2-Astrin_GFP_mCherry_cell05_b_11min01_R3D_D3D_Z20_C1_T0.tif,4243.765861823141,3691.6693109164103,2774.245,3921.1075
195,20_10,9909.461538461539,Expt2020_017_setIV_STLC_MG132_RO_Nuf2-GFP_mKate2-Astrin_GFP_mCherry_cell05_b_11min01_R3D_D3D_Z20_C0_T0.tif,6428.423076923077,Expt2020_017_setIV_STLC_MG132_RO_Nuf2-GFP_mKate2-Astrin_GFP_mCherry_cell05_b_11min01_R3D_D3D_Z20_C1_T0.tif,4243.765861823141,3691.6693109164103,2774.245,3921.1075
196,20_11,9399.9,Expt2020_017_setIV_STLC_MG132_RO_Nuf2-GFP_mKate2-Astrin_GFP_mCherry_cell05_b_11min01_R3D_D3D_Z20_C0_T0.tif,4308.1,Expt2020_017_setIV_STLC_MG132_RO_Nuf2-GFP_mKate2-Astrin_GFP_mCherry_cell05_b_11min01_R3D_D3D_Z20_C1_T0.tif,4243.765861823141,3691.6693109164103,2774.245,3921.1075
197,20_12,11131.363636363636,Expt2020_017_setIV_STLC_MG132_RO_Nuf2-GFP_mKate2-Astrin_GFP_mCherry_cell05_b_11min01_R3D_D3D_Z20_C0_T0.tif,6265.181818181818,Expt2020_017_setIV_STLC_MG132_RO_Nuf2-GFP_mKate2-Astrin_GFP_mCherry_cell05_b_11min01_R3D_D3D_Z20_C1_T0.tif,4243.765861823141,3691.6693109164103,2774.245,3921.1075
198,20_13,9051.57142857143,Expt2020_017_setIV_STLC_MG132_RO_Nuf2-GFP_mKate2-Astrin_GFP_mCherry_cell05_b_11min01_R3D_D3D_Z20_C0_T0.tif,5136.238095238095,Expt2020_017_setIV_STLC_MG132_RO_Nuf2-GFP_mKate2-Astrin_GFP_mCherry_cell05_b_11min01_R3D_D3D_Z20_C1_T0.tif,4243.765861823141,3691.6693109164103,2774.245,3921.1075
199,21_1,9254.46875,Expt2020_017_setIV_STLC_MG132_RO_Nuf2-GFP_mKate2-Astrin_GFP_mCherry_cell05_b_11min01_R3D_D3D_Z21_C0_T0.tif,5000.78125,Expt2020_017_setIV_STLC_MG132_RO_Nuf2-GFP_mKate2-Astrin_GFP_mCherry_cell05_b_11min01_R3D_D3D_Z21_C1_T0.tif,4243.765861823141,3691.6693109164103,2774.245,3921.1075
200,21_2,8848.8125,Expt2020_017_setIV_STLC_MG132_RO_Nuf2-GFP_mKate2-Astrin_GFP_mCherry_cell05_b_11min01_R3D_D3D_Z21_C0_T0.tif,5958.6875,Expt2020_017_setIV_STLC_MG132_RO_Nuf2-GFP_mKate2-Astrin_GFP_mCherry_cell05_b_11min01_R3D_D3D_Z21_C1_T0.tif,4243.765861823141,3691.6693109164103,2774.245,3921.1075
201,21_3,9248.763636363636,Expt2020_017_setIV_STLC_MG132_RO_Nuf2-GFP_mKate2-Astrin_GFP_mCherry_cell05_b_11min01_R3D_D3D_Z21_C0_T0.tif,4550.418181818181,Expt2020_017_setIV_STLC_MG132_RO_Nuf2-GFP_mKate2-Astrin_GFP_mCherry_cell05_b_11min01_R3D_D3D_Z21_C1_T0.tif,4243.765861823141,3691.6693109164103,2774.245,3921.1075
202,21_4,10523.6,Expt2020_017_setIV_STLC_MG132_RO_Nuf2-GFP_mKate2-Astrin_GFP_mCherry_cell05_b_11min01_R3D_D3D_Z21_C0_T0.tif,6704.583333333333,Expt2020_017_setIV_STLC_MG132_RO_Nuf2-GFP_mKate2-Astrin_GFP_mCherry_cell05_b_11min01_R3D_D3D_Z21_C1_T0.tif,4243.765861823141,3691.6693109164103,2774.245,3921.1075
203,21_5,9185.666666666666,Expt2020_017_setIV_STLC_MG132_RO_Nuf2-GFP_mKate2-Astrin_GFP_mCherry_cell05_b_11min01_R3D_D3D_Z21_C0_T0.tif,5905.333333333333,Expt2020_017_setIV_STLC_MG132_RO_Nuf2-GFP_mKate2-Astrin_GFP_mCherry_cell05_b_11min01_R3D_D3D_Z21_C1_T0.tif,4243.765861823141,3691.6693109164103,2774.245,3921.1075
204,21_6,9428.423076923076,Expt2020_017_setIV_STLC_MG132_RO_Nuf2-GFP_mKate2-Astrin_GFP_mCherry_cell05_b_11min01_R3D_D3D_Z21_C0_T0.tif,4574.846153846154,Expt2020_017_setIV_STLC_MG132_RO_Nuf2-GFP_mKate2-Astrin_GFP_mCherry_cell05_b_11min01_R3D_D3D_Z21_C1_T0.tif,4243.765861823141,3691.6693109164103,2774.245,3921.1075
205,21_7,9467.947368421053,Expt2020_017_setIV_STLC_MG132_RO_Nuf2-GFP_mKate2-Astrin_GFP_mCherry_cell05_b_11min01_R3D_D3D_Z21_C0_T0.tif,4221.368421052632,Expt2020_017_setIV_STLC_MG132_RO_Nuf2-GFP_mKate2-Astrin_GFP_mCherry_cell05_b_11min01_R3D_D3D_Z21_C1_T0.tif,4243.765861823141,3691.6693109164103,2774.245,3921.1075
206,21_8,10346.933333333332,Expt2020_017_setIV_STLC_MG132_RO_Nuf2-GFP_mKate2-Astrin_GFP_mCherry_cell05_b_11min01_R3D_D3D_Z21_C0_T0.tif,3650.1666666666665,Expt2020_017_setIV_STLC_MG132_RO_Nuf2-GFP_mKate2-Astrin_GFP_mCherry_cell05_b_11min01_R3D_D3D_Z21_C1_T0.tif,4243.765861823141,3691.6693109164103,2774.245,3921.1075
207,21_9,8273.5625,Expt2020_017_setIV_STLC_MG132_RO_Nuf2-GFP_mKate2-Astrin_GFP_mCherry_cell05_b_11min01_R3D_D3D_Z21_C0_T0.tif,3972.25,Expt2020_017_setIV_STLC_MG132_RO_Nuf2-GFP_mKate2-Astrin_GFP_mCherry_cell05_b_11min01_R3D_D3D_Z21_C1_T0.tif,4243.765861823141,3691.6693109164103,2774.245,3921.1075
208,21_10,10159.894736842105,Expt2020_017_setIV_STLC_MG132_RO_Nuf2-GFP_mKate2-Astrin_GFP_mCherry_cell05_b_11min01_R3D_D3D_Z21_C0_T0.tif,5915.473684210527,Expt2020_017_setIV_STLC_MG132_RO_Nuf2-GFP_mKate2-Astrin_GFP_mCherry_cell05_b_11min01_R3D_D3D_Z21_C1_T0.tif,4243.765861823141,3691.6693109164103,2774.245,3921.1075
209,21_11,9051.375,Expt2020_017_setIV_STLC_MG132_RO_Nuf2-GFP_mKate2-Astrin_GFP_mCherry_cell05_b_11min01_R3D_D3D_Z21_C0_T0.tif,6366.875,Expt2020_017_setIV_STLC_MG132_RO_Nuf2-GFP_mKate2-Astrin_GFP_mCherry_cell05_b_11min01_R3D_D3D_Z21_C1_T0.tif,4243.765861823141,3691.6693109164103,2774.245,3921.1075
210,21_12,10990.73076923077,Expt2020_017_setIV_STLC_MG132_RO_Nuf2-GFP_mKate2-Astrin_GFP_mCherry_cell05_b_11min01_R3D_D3D_Z21_C0_T0.tif,8195.884615384615,Expt2020_017_setIV_STLC_MG132_RO_Nuf2-GFP_mKate2-Astrin_GFP_mCherry_cell05_b_11min01_R3D_D3D_Z21_C1_T0.tif,4243.765861823141,3691.6693109164103,2774.245,3921.1075
211,21_13,8815.5,Expt2020_017_setIV_STLC_MG132_RO_Nuf2-GFP_mKate2-Astrin_GFP_mCherry_cell05_b_11min01_R3D_D3D_Z21_C0_T0.tif,6225.25,Expt2020_017_setIV_STLC_MG132_RO_Nuf2-GFP_mKate2-Astrin_GFP_mCherry_cell05_b_11min01_R3D_D3D_Z21_C1_T0.tif,4243.765861823141,3691.6693109164103,2774.245,3921.1075
212,21_14,9419.825,Expt2020_017_setIV_STLC_MG132_RO_Nuf2-GFP_mKate2-Astrin_GFP_mCherry_cell05_b_11min01_R3D_D3D_Z21_C0_T0.tif,6036.375,Expt2020_017_setIV_STLC_MG132_RO_Nuf2-GFP_mKate2-Astrin_GFP_mCherry_cell05_b_11min01_R3D_D3D_Z21_C1_T0.tif,4243.765861823141,3691.6693109164103,2774.245,3921.1075
213,21_15,8616.552631578947,Expt2020_017_setIV_STLC_MG132_RO_Nuf2-GFP_mKate2-Astrin_GFP_mCherry_cell05_b_11min01_R3D_D3D_Z21_C0_T0.tif,5164.868421052632,Expt2020_017_setIV_STLC_MG132_RO_Nuf2-GFP_mKate2-Astrin_GFP_mCherry_cell05_b_11min01_R3D_D3D_Z21_C1_T0.tif,4243.765861823141,3691.6693109164103,2774.245,3921.1075
214,22_1,8027.258064516129,Expt2020_017_setIV_STLC_MG132_RO_Nuf2-GFP_mKate2-Astrin_GFP_mCherry_cell05_b_11min01_R3D_D3D_Z22_C0_T0.tif,4659.354838709677,Expt2020_017_setIV_STLC_MG132_RO_Nuf2-GFP_mKate2-Astrin_GFP_mCherry_cell05_b_11min01_R3D_D3D_Z22_C1_T0.tif,4243.765861823141,3691.6693109164103,2774.245,3921.1075
215,22_2,7960.75,Expt2020_017_setIV_STLC_MG132_RO_Nuf2-GFP_mKate2-Astrin_GFP_mCherry_cell05_b_11min01_R3D_D3D_Z22_C0_T0.tif,4718.375,Expt2020_017_setIV_STLC_MG132_RO_Nuf2-GFP_mKate2-Astrin_GFP_mCherry_cell05_b_11min01_R3D_D3D_Z22_C1_T0.tif,4243.765861823141,3691.6693109164103,2774.245,3921.1075
216,22_3,9116.816666666668,Expt2020_017_setIV_STLC_MG132_RO_Nuf2-GFP_mKate2-Astrin_GFP_mCherry_cell05_b_11min01_R3D_D3D_Z22_C0_T0.tif,4576.133333333333,Expt2020_017_setIV_STLC_MG132_RO_Nuf2-GFP_mKate2-Astrin_GFP_mCherry_cell05_b_11min01_R3D_D3D_Z22_C1_T0.tif,4243.765861823141,3691.6693109164103,2774.245,3921.1075
217,22_4,8431.225,Expt2020_017_setIV_STLC_MG132_RO_Nuf2-GFP_mKate2-Astrin_GFP_mCherry_cell05_b_11min01_R3D_D3D_Z22_C0_T0.tif,5525.2,Expt2020_017_setIV_STLC_MG132_RO_Nuf2-GFP_mKate2-Astrin_GFP_mCherry_cell05_b_11min01_R3D_D3D_Z22_C1_T0.tif,4243.765861823141,3691.6693109164103,2774.245,3921.1075
218,22_5,9296.72463768116,Expt2020_017_setIV_STLC_MG132_RO_Nuf2-GFP_mKate2-Astrin_GFP_mCherry_cell05_b_11min01_R3D_D3D_Z22_C0_T0.tif,5889.420289855072,Expt2020_017_setIV_STLC_MG132_RO_Nuf2-GFP_mKate2-Astrin_GFP_mCherry_cell05_b_11min01_R3D_D3D_Z22_C1_T0.tif,4243.765861823141,3691.6693109164103,2774.245,3921.1075
219,22_6,8121.25,Expt2020_017_setIV_STLC_MG132_RO_Nuf2-GFP_mKate2-Astrin_GFP_mCherry_cell05_b_11min01_R3D_D3D_Z22_C0_T0.tif,6745.916666666667,Expt2020_017_setIV_STLC_MG132_RO_Nuf2-GFP_mKate2-Astrin_GFP_mCherry_cell05_b_11min01_R3D_D3D_Z22_C1_T0.tif,4243.765861823141,3691.6693109164103,2774.245,3921.1075
220,22_7,9196.354166666666,Expt2020_017_setIV_STLC_MG132_RO_Nuf2-GFP_mKate2-Astrin_GFP_mCherry_cell05_b_11min01_R3D_D3D_Z22_C0_T0.tif,4990.166666666667,Expt2020_017_setIV_STLC_MG132_RO_Nuf2-GFP_mKate2-Astrin_GFP_mCherry_cell05_b_11min01_R3D_D3D_Z22_C1_T0.tif,4243.765861823141,3691.6693109164103,2774.245,3921.1075
221,22_8,8187.2692307692305,Expt2020_017_setIV_STLC_MG132_RO_Nuf2-GFP_mKate2-Astrin_GFP_mCherry_cell05_b_11min01_R3D_D3D_Z22_C0_T0.tif,3486.153846153846,Expt2020_017_setIV_STLC_MG132_RO_Nuf2-GFP_mKate2-Astrin_GFP_mCherry_cell05_b_11min01_R3D_D3D_Z22_C1_T0.tif,4243.765861823141,3691.6693109164103,2774.245,3921.1075
222,22_9,10287.566666666668,Expt2020_017_setIV_STLC_MG132_RO_Nuf2-GFP_mKate2-Astrin_GFP_mCherry_cell05_b_11min01_R3D_D3D_Z22_C0_T0.tif,3835.866666666667,Expt2020_017_setIV_STLC_MG132_RO_Nuf2-GFP_mKate2-Astrin_GFP_mCherry_cell05_b_11min01_R3D_D3D_Z22_C1_T0.tif,4243.765861823141,3691.6693109164103,2774.245,3921.1075
223,22_10,9332.23076923077,Expt2020_017_setIV_STLC_MG132_RO_Nuf2-GFP_mKate2-Astrin_GFP_mCherry_cell05_b_11min01_R3D_D3D_Z22_C0_T0.tif,6010.038461538462,Expt2020_017_setIV_STLC_MG132_RO_Nuf2-GFP_mKate2-Astrin_GFP_mCherry_cell05_b_11min01_R3D_D3D_Z22_C1_T0.tif,4243.765861823141,3691.6693109164103,2774.245,3921.1075
224,22_11,10475.133333333333,Expt2020_017_setIV_STLC_MG132_RO_Nuf2-GFP_mKate2-Astrin_GFP_mCherry_cell05_b_11min01_R3D_D3D_Z22_C0_T0.tif,7588.4,Expt2020_017_setIV_STLC_MG132_RO_Nuf2-GFP_mKate2-Astrin_GFP_mCherry_cell05_b_11min01_R3D_D3D_Z22_C1_T0.tif,4243.765861823141,3691.6693109164103,2774.245,3921.1075
225,22_12,7825.678571428572,Expt2020_017_setIV_STLC_MG132_RO_Nuf2-GFP_mKate2-Astrin_GFP_mCherry_cell05_b_11min01_R3D_D3D_Z22_C0_T0.tif,4997.178571428572,Expt2020_017_setIV_STLC_MG132_RO_Nuf2-GFP_mKate2-Astrin_GFP_mCherry_cell05_b_11min01_R3D_D3D_Z22_C1_T0.tif,4243.765861823141,3691.6693109164103,2774.245,3921.1075
226,22_13,8678.0,Expt2020_017_setIV_STLC_MG132_RO_Nuf2-GFP_mKate2-Astrin_GFP_mCherry_cell05_b_11min01_R3D_D3D_Z22_C0_T0.tif,6420.294117647059,Expt2020_017_setIV_STLC_MG132_RO_Nuf2-GFP_mKate2-Astrin_GFP_mCherry_cell05_b_11min01_R3D_D3D_Z22_C1_T0.tif,4243.765861823141,3691.6693109164103,2774.245,3921.1075
227,22_14,8476.315789473685,Expt2020_017_setIV_STLC_MG132_RO_Nuf2-GFP_mKate2-Astrin_GFP_mCherry_cell05_b_11min01_R3D_D3D_Z22_C0_T0.tif,6052.789473684211,Expt2020_017_setIV_STLC_MG132_RO_Nuf2-GFP_mKate2-Astrin_GFP_mCherry_cell05_b_11min01_R3D_D3D_Z22_C1_T0.tif,4243.765861823141,3691.6693109164103,2774.245,3921.1075
228,22_15,9099.137254901962,Expt2020_017_setIV_STLC_MG132_RO_Nuf2-GFP_mKate2-Astrin_GFP_mCherry_cell05_b_11min01_R3D_D3D_Z22_C0_T0.tif,4822.176470588235,Expt2020_017_setIV_STLC_MG132_RO_Nuf2-GFP_mKate2-Astrin_GFP_mCherry_cell05_b_11min01_R3D_D3D_Z22_C1_T0.tif,4243.765861823141,3691.6693109164103,2774.245,3921.1075
229,22_16,7804.0,Expt2020_017_setIV_STLC_MG132_RO_Nuf2-GFP_mKate2-Astrin_GFP_mCherry_cell05_b_11min01_R3D_D3D_Z22_C0_T0.tif,6968.25,Expt2020_017_setIV_STLC_MG132_RO_Nuf2-GFP_mKate2-Astrin_GFP_mCherry_cell05_b_11min01_R3D_D3D_Z22_C1_T0.tif,4243.765861823141,3691.6693109164103,2774.245,3921.1075
230,22_17,7793.5,Expt2020_017_setIV_STLC_MG132_RO_Nuf2-GFP_mKate2-Astrin_GFP_mCherry_cell05_b_11min01_R3D_D3D_Z22_C0_T0.tif,2840.75,Expt2020_017_setIV_STLC_MG132_RO_Nuf2-GFP_mKate2-Astrin_GFP_mCherry_cell05_b_11min01_R3D_D3D_Z22_C1_T0.tif,4243.765861823141,3691.6693109164103,2774.245,3921.1075
231,23_1,7341.916666666667,Expt2020_017_setIV_STLC_MG132_RO_Nuf2-GFP_mKate2-Astrin_GFP_mCherry_cell05_b_11min01_R3D_D3D_Z23_C0_T0.tif,4417.583333333333,Expt2020_017_setIV_STLC_MG132_RO_Nuf2-GFP_mKate2-Astrin_GFP_mCherry_cell05_b_11min01_R3D_D3D_Z23_C1_T0.tif,4243.765861823141,3691.6693109164103,2774.245,3921.1075
232,23_2,7936.8125,Expt2020_017_setIV_STLC_MG132_RO_Nuf2-GFP_mKate2-Astrin_GFP_mCherry_cell05_b_11min01_R3D_D3D_Z23_C0_T0.tif,4356.84375,Expt2020_017_setIV_STLC_MG132_RO_Nuf2-GFP_mKate2-Astrin_GFP_mCherry_cell05_b_11min01_R3D_D3D_Z23_C1_T0.tif,4243.765861823141,3691.6693109164103,2774.245,3921.1075
233,23_3,8606.796610169491,Expt2020_017_setIV_STLC_MG132_RO_Nuf2-GFP_mKate2-Astrin_GFP_mCherry_cell05_b_11min01_R3D_D3D_Z23_C0_T0.tif,5052.966101694915,Expt2020_017_setIV_STLC_MG132_RO_Nuf2-GFP_mKate2-Astrin_GFP_mCherry_cell05_b_11min01_R3D_D3D_Z23_C1_T0.tif,4243.765861823141,3691.6693109164103,2774.245,3921.1075
234,23_4,8514.464646464647,Expt2020_017_setIV_STLC_MG132_RO_Nuf2-GFP_mKate2-Astrin_GFP_mCherry_cell05_b_11min01_R3D_D3D_Z23_C0_T0.tif,5106.666666666667,Expt2020_017_setIV_STLC_MG132_RO_Nuf2-GFP_mKate2-Astrin_GFP_mCherry_cell05_b_11min01_R3D_D3D_Z23_C1_T0.tif,4243.765861823141,3691.6693109164103,2774.245,3921.1075
235,23_5,7931.0,Expt2020_017_setIV_STLC_MG132_RO_Nuf2-GFP_mKate2-Astrin_GFP_mCherry_cell05_b_11min01_R3D_D3D_Z23_C0_T0.tif,3827.875,Expt2020_017_setIV_STLC_MG132_RO_Nuf2-GFP_mKate2-Astrin_GFP_mCherry_cell05_b_11min01_R3D_D3D_Z23_C1_T0.tif,4243.765861823141,3691.6693109164103,2774.245,3921.1075
236,23_6,7232.357142857143,Expt2020_017_setIV_STLC_MG132_RO_Nuf2-GFP_mKate2-Astrin_GFP_mCherry_cell05_b_11min01_R3D_D3D_Z23_C0_T0.tif,3950.6428571428573,Expt2020_017_setIV_STLC_MG132_RO_Nuf2-GFP_mKate2-Astrin_GFP_mCherry_cell05_b_11min01_R3D_D3D_Z23_C1_T0.tif,4243.765861823141,3691.6693109164103,2774.245,3921.1075
237,23_7,8208.461538461539,Expt2020_017_setIV_STLC_MG132_RO_Nuf2-GFP_mKate2-Astrin_GFP_mCherry_cell05_b_11min01_R3D_D3D_Z23_C0_T0.tif,6431.192307692308,Expt2020_017_setIV_STLC_MG132_RO_Nuf2-GFP_mKate2-Astrin_GFP_mCherry_cell05_b_11min01_R3D_D3D_Z23_C1_T0.tif,4243.765861823141,3691.6693109164103,2774.245,3921.1075
238,23_8,7860.6,Expt2020_017_setIV_STLC_MG132_RO_Nuf2-GFP_mKate2-Astrin_GFP_mCherry_cell05_b_11min01_R3D_D3D_Z23_C0_T0.tif,4880.4,Expt2020_017_setIV_STLC_MG132_RO_Nuf2-GFP_mKate2-Astrin_GFP_mCherry_cell05_b_11min01_R3D_D3D_Z23_C1_T0.tif,4243.765861823141,3691.6693109164103,2774.245,3921.1075
239,23_9,8345.577981651377,Expt2020_017_setIV_STLC_MG132_RO_Nuf2-GFP_mKate2-Astrin_GFP_mCherry_cell05_b_11min01_R3D_D3D_Z23_C0_T0.tif,4945.091743119266,Expt2020_017_setIV_STLC_MG132_RO_Nuf2-GFP_mKate2-Astrin_GFP_mCherry_cell05_b_11min01_R3D_D3D_Z23_C1_T0.tif,4243.765861823141,3691.6693109164103,2774.245,3921.1075
240,23_10,9884.84375,Expt2020_017_setIV_STLC_MG132_RO_Nuf2-GFP_mKate2-Astrin_GFP_mCherry_cell05_b_11min01_R3D_D3D_Z23_C0_T0.tif,3308.84375,Expt2020_017_setIV_STLC_MG132_RO_Nuf2-GFP_mKate2-Astrin_GFP_mCherry_cell05_b_11min01_R3D_D3D_Z23_C1_T0.tif,4243.765861823141,3691.6693109164103,2774.245,3921.1075
241,23_11,10498.2,Expt2020_017_setIV_STLC_MG132_RO_Nuf2-GFP_mKate2-Astrin_GFP_mCherry_cell05_b_11min01_R3D_D3D_Z23_C0_T0.tif,6571.766666666666,Expt2020_017_setIV_STLC_MG132_RO_Nuf2-GFP_mKate2-Astrin_GFP_mCherry_cell05_b_11min01_R3D_D3D_Z23_C1_T0.tif,4243.765861823141,3691.6693109164103,2774.245,3921.1075
242,23_12,10074.57142857143,Expt2020_017_setIV_STLC_MG132_RO_Nuf2-GFP_mKate2-Astrin_GFP_mCherry_cell05_b_11min01_R3D_D3D_Z23_C0_T0.tif,6278.761904761905,Expt2020_017_setIV_STLC_MG132_RO_Nuf2-GFP_mKate2-Astrin_GFP_mCherry_cell05_b_11min01_R3D_D3D_Z23_C1_T0.tif,4243.765861823141,3691.6693109164103,2774.245,3921.1075
243,23_13,9467.34375,Expt2020_017_setIV_STLC_MG132_RO_Nuf2-GFP_mKate2-Astrin_GFP_mCherry_cell05_b_11min01_R3D_D3D_Z23_C0_T0.tif,4574.09375,Expt2020_017_setIV_STLC_MG132_RO_Nuf2-GFP_mKate2-Astrin_GFP_mCherry_cell05_b_11min01_R3D_D3D_Z23_C1_T0.tif,4243.765861823141,3691.6693109164103,2774.245,3921.1075
244,23_14,7508.6875,Expt2020_017_setIV_STLC_MG132_RO_Nuf2-GFP_mKate2-Astrin_GFP_mCherry_cell05_b_11min01_R3D_D3D_Z23_C0_T0.tif,8117.5625,Expt2020_017_setIV_STLC_MG132_RO_Nuf2-GFP_mKate2-Astrin_GFP_mCherry_cell05_b_11min01_R3D_D3D_Z23_C1_T0.tif,4243.765861823141,3691.6693109164103,2774.245,3921.1075
245,23_15,7727.545454545455,Expt2020_017_setIV_STLC_MG132_RO_Nuf2-GFP_mKate2-Astrin_GFP_mCherry_cell05_b_11min01_R3D_D3D_Z23_C0_T0.tif,4526.272727272727,Expt2020_017_setIV_STLC_MG132_RO_Nuf2-GFP_mKate2-Astrin_GFP_mCherry_cell05_b_11min01_R3D_D3D_Z23_C1_T0.tif,4243.765861823141,3691.6693109164103,2774.245,3921.1075
246,24_1,7120.857142857143,Expt2020_017_setIV_STLC_MG132_RO_Nuf2-GFP_mKate2-Astrin_GFP_mCherry_cell05_b_11min01_R3D_D3D_Z24_C0_T0.tif,3314.095238095238,Expt2020_017_setIV_STLC_MG132_RO_Nuf2-GFP_mKate2-Astrin_GFP_mCherry_cell05_b_11min01_R3D_D3D_Z24_C1_T0.tif,4243.765861823141,3691.6693109164103,2774.245,3921.1075
247,24_2,8711.984375,Expt2020_017_setIV_STLC_MG132_RO_Nuf2-GFP_mKate2-Astrin_GFP_mCherry_cell05_b_11min01_R3D_D3D_Z24_C0_T0.tif,4799.125,Expt2020_017_setIV_STLC_MG132_RO_Nuf2-GFP_mKate2-Astrin_GFP_mCherry_cell05_b_11min01_R3D_D3D_Z24_C1_T0.tif,4243.765861823141,3691.6693109164103,2774.245,3921.1075
248,24_3,7360.619047619048,Expt2020_017_setIV_STLC_MG132_RO_Nuf2-GFP_mKate2-Astrin_GFP_mCherry_cell05_b_11min01_R3D_D3D_Z24_C0_T0.tif,4821.0,Expt2020_017_setIV_STLC_MG132_RO_Nuf2-GFP_mKate2-Astrin_GFP_mCherry_cell05_b_11min01_R3D_D3D_Z24_C1_T0.tif,4243.765861823141,3691.6693109164103,2774.245,3921.1075
249,24_4,7821.507692307692,Expt2020_017_setIV_STLC_MG132_RO_Nuf2-GFP_mKate2-Astrin_GFP_mCherry_cell05_b_11min01_R3D_D3D_Z24_C0_T0.tif,5122.338461538461,Expt2020_017_setIV_STLC_MG132_RO_Nuf2-GFP_mKate2-Astrin_GFP_mCherry_cell05_b_11min01_R3D_D3D_Z24_C1_T0.tif,4243.765861823141,3691.6693109164103,2774.245,3921.1075
250,24_5,9618.618421052632,Expt2020_017_setIV_STLC_MG132_RO_Nuf2-GFP_mKate2-Astrin_GFP_mCherry_cell05_b_11min01_R3D_D3D_Z24_C0_T0.tif,5304.8026315789475,Expt2020_017_setIV_STLC_MG132_RO_Nuf2-GFP_mKate2-Astrin_GFP_mCherry_cell05_b_11min01_R3D_D3D_Z24_C1_T0.tif,4243.765861823141,3691.6693109164103,2774.245,3921.1075
251,24_6,8220.739130434782,Expt2020_017_setIV_STLC_MG132_RO_Nuf2-GFP_mKate2-Astrin_GFP_mCherry_cell05_b_11min01_R3D_D3D_Z24_C0_T0.tif,4308.065217391304,Expt2020_017_setIV_STLC_MG132_RO_Nuf2-GFP_mKate2-Astrin_GFP_mCherry_cell05_b_11min01_R3D_D3D_Z24_C1_T0.tif,4243.765861823141,3691.6693109164103,2774.245,3921.1075
252,24_7,7167.625,Expt2020_017_setIV_STLC_MG132_RO_Nuf2-GFP_mKate2-Astrin_GFP_mCherry_cell05_b_11min01_R3D_D3D_Z24_C0_T0.tif,4188.9375,Expt2020_017_setIV_STLC_MG132_RO_Nuf2-GFP_mKate2-Astrin_GFP_mCherry_cell05_b_11min01_R3D_D3D_Z24_C1_T0.tif,4243.765861823141,3691.6693109164103,2774.245,3921.1075
253,24_8,7192.428571428572,Expt2020_017_setIV_STLC_MG132_RO_Nuf2-GFP_mKate2-Astrin_GFP_mCherry_cell05_b_11min01_R3D_D3D_Z24_C0_T0.tif,4369.75,Expt2020_017_setIV_STLC_MG132_RO_Nuf2-GFP_mKate2-Astrin_GFP_mCherry_cell05_b_11min01_R3D_D3D_Z24_C1_T0.tif,4243.765861823141,3691.6693109164103,2774.245,3921.1075
254,24_9,9334.324675324675,Expt2020_017_setIV_STLC_MG132_RO_Nuf2-GFP_mKate2-Astrin_GFP_mCherry_cell05_b_11min01_R3D_D3D_Z24_C0_T0.tif,4678.727272727273,Expt2020_017_setIV_STLC_MG132_RO_Nuf2-GFP_mKate2-Astrin_GFP_mCherry_cell05_b_11min01_R3D_D3D_Z24_C1_T0.tif,4243.765861823141,3691.6693109164103,2774.245,3921.1075
255,24_10,9789.119402985074,Expt2020_017_setIV_STLC_MG132_RO_Nuf2-GFP_mKate2-Astrin_GFP_mCherry_cell05_b_11min01_R3D_D3D_Z24_C0_T0.tif,5195.0298507462685,Expt2020_017_setIV_STLC_MG132_RO_Nuf2-GFP_mKate2-Astrin_GFP_mCherry_cell05_b_11min01_R3D_D3D_Z24_C1_T0.tif,4243.765861823141,3691.6693109164103,2774.245,3921.1075
256,24_11,10583.729166666666,Expt2020_017_setIV_STLC_MG132_RO_Nuf2-GFP_mKate2-Astrin_GFP_mCherry_cell05_b_11min01_R3D_D3D_Z24_C0_T0.tif,6017.0,Expt2020_017_setIV_STLC_MG132_RO_Nuf2-GFP_mKate2-Astrin_GFP_mCherry_cell05_b_11min01_R3D_D3D_Z24_C1_T0.tif,4243.765861823141,3691.6693109164103,2774.245,3921.1075
257,24_12,9316.78125,Expt2020_017_setIV_STLC_MG132_RO_Nuf2-GFP_mKate2-Astrin_GFP_mCherry_cell05_b_11min01_R3D_D3D_Z24_C0_T0.tif,4728.734375,Expt2020_017_setIV_STLC_MG132_RO_Nuf2-GFP_mKate2-Astrin_GFP_mCherry_cell05_b_11min01_R3D_D3D_Z24_C1_T0.tif,4243.765861823141,3691.6693109164103,2774.245,3921.1075
258,24_13,7456.294117647059,Expt2020_017_setIV_STLC_MG132_RO_Nuf2-GFP_mKate2-Astrin_GFP_mCherry_cell05_b_11min01_R3D_D3D_Z24_C0_T0.tif,8330.490196078432,Expt2020_017_setIV_STLC_MG132_RO_Nuf2-GFP_mKate2-Astrin_GFP_mCherry_cell05_b_11min01_R3D_D3D_Z24_C1_T0.tif,4243.765861823141,3691.6693109164103,2774.245,3921.1075
259,24_14,7848.142857142857,Expt2020_017_setIV_STLC_MG132_RO_Nuf2-GFP_mKate2-Astrin_GFP_mCherry_cell05_b_11min01_R3D_D3D_Z24_C0_T0.tif,4489.102040816327,Expt2020_017_setIV_STLC_MG132_RO_Nuf2-GFP_mKate2-Astrin_GFP_mCherry_cell05_b_11min01_R3D_D3D_Z24_C1_T0.tif,4243.765861823141,3691.6693109164103,2774.245,3921.1075
260,25_1,7156.75,Expt2020_017_setIV_STLC_MG132_RO_Nuf2-GFP_mKate2-Astrin_GFP_mCherry_cell05_b_11min01_R3D_D3D_Z25_C0_T0.tif,3342.5,Expt2020_017_setIV_STLC_MG132_RO_Nuf2-GFP_mKate2-Astrin_GFP_mCherry_cell05_b_11min01_R3D_D3D_Z25_C1_T0.tif,4243.765861823141,3691.6693109164103,2774.245,3921.1075
261,25_2,7908.19696969697,Expt2020_017_setIV_STLC_MG132_RO_Nuf2-GFP_mKate2-Astrin_GFP_mCherry_cell05_b_11min01_R3D_D3D_Z25_C0_T0.tif,4619.939393939394,Expt2020_017_setIV_STLC_MG132_RO_Nuf2-GFP_mKate2-Astrin_GFP_mCherry_cell05_b_11min01_R3D_D3D_Z25_C1_T0.tif,4243.765861823141,3691.6693109164103,2774.245,3921.1075
262,25_3,8532.733333333334,Expt2020_017_setIV_STLC_MG132_RO_Nuf2-GFP_mKate2-Astrin_GFP_mCherry_cell05_b_11min01_R3D_D3D_Z25_C0_T0.tif,3690.133333333333,Expt2020_017_setIV_STLC_MG132_RO_Nuf2-GFP_mKate2-Astrin_GFP_mCherry_cell05_b_11min01_R3D_D3D_Z25_C1_T0.tif,4243.765861823141,3691.6693109164103,2774.245,3921.1075
263,25_4,9902.28947368421,Expt2020_017_setIV_STLC_MG132_RO_Nuf2-GFP_mKate2-Astrin_GFP_mCherry_cell05_b_11min01_R3D_D3D_Z25_C0_T0.tif,5419.789473684211,Expt2020_017_setIV_STLC_MG132_RO_Nuf2-GFP_mKate2-Astrin_GFP_mCherry_cell05_b_11min01_R3D_D3D_Z25_C1_T0.tif,4243.765861823141,3691.6693109164103,2774.245,3921.1075
264,25_5,8307.929824561403,Expt2020_017_setIV_STLC_MG132_RO_Nuf2-GFP_mKate2-Astrin_GFP_mCherry_cell05_b_11min01_R3D_D3D_Z25_C0_T0.tif,4243.368421052632,Expt2020_017_setIV_STLC_MG132_RO_Nuf2-GFP_mKate2-Astrin_GFP_mCherry_cell05_b_11min01_R3D_D3D_Z25_C1_T0.tif,4243.765861823141,3691.6693109164103,2774.245,3921.1075
265,25_6,8815.923076923076,Expt2020_017_setIV_STLC_MG132_RO_Nuf2-GFP_mKate2-Astrin_GFP_mCherry_cell05_b_11min01_R3D_D3D_Z25_C0_T0.tif,6669.307692307692,Expt2020_017_setIV_STLC_MG132_RO_Nuf2-GFP_mKate2-Astrin_GFP_mCherry_cell05_b_11min01_R3D_D3D_Z25_C1_T0.tif,4243.765861823141,3691.6693109164103,2774.245,3921.1075
266,25_7,8597.772151898735,Expt2020_017_setIV_STLC_MG132_RO_Nuf2-GFP_mKate2-Astrin_GFP_mCherry_cell05_b_11min01_R3D_D3D_Z25_C0_T0.tif,4183.050632911392,Expt2020_017_setIV_STLC_MG132_RO_Nuf2-GFP_mKate2-Astrin_GFP_mCherry_cell05_b_11min01_R3D_D3D_Z25_C1_T0.tif,4243.765861823141,3691.6693109164103,2774.245,3921.1075
267,25_8,7350.708333333333,Expt2020_017_setIV_STLC_MG132_RO_Nuf2-GFP_mKate2-Astrin_GFP_mCherry_cell05_b_11min01_R3D_D3D_Z25_C0_T0.tif,5111.5,Expt2020_017_setIV_STLC_MG132_RO_Nuf2-GFP_mKate2-Astrin_GFP_mCherry_cell05_b_11min01_R3D_D3D_Z25_C1_T0.tif,4243.765861823141,3691.6693109164103,2774.245,3921.1075
268,25_9,10706.3125,Expt2020_017_setIV_STLC_MG132_RO_Nuf2-GFP_mKate2-Astrin_GFP_mCherry_cell05_b_11min01_R3D_D3D_Z25_C0_T0.tif,5022.703125,Expt2020_017_setIV_STLC_MG132_RO_Nuf2-GFP_mKate2-Astrin_GFP_mCherry_cell05_b_11min01_R3D_D3D_Z25_C1_T0.tif,4243.765861823141,3691.6693109164103,2774.245,3921.1075
269,25_10,9844.960784313726,Expt2020_017_setIV_STLC_MG132_RO_Nuf2-GFP_mKate2-Astrin_GFP_mCherry_cell05_b_11min01_R3D_D3D_Z25_C0_T0.tif,5863.254901960784,Expt2020_017_setIV_STLC_MG132_RO_Nuf2-GFP_mKate2-Astrin_GFP_mCherry_cell05_b_11min01_R3D_D3D_Z25_C1_T0.tif,4243.765861823141,3691.6693109164103,2774.245,3921.1075
270,25_11,8327.426229508197,Expt2020_017_setIV_STLC_MG132_RO_Nuf2-GFP_mKate2-Astrin_GFP_mCherry_cell05_b_11min01_R3D_D3D_Z25_C0_T0.tif,4771.459016393443,Expt2020_017_setIV_STLC_MG132_RO_Nuf2-GFP_mKate2-Astrin_GFP_mCherry_cell05_b_11min01_R3D_D3D_Z25_C1_T0.tif,4243.765861823141,3691.6693109164103,2774.245,3921.1075
271,25_12,7934.057692307692,Expt2020_017_setIV_STLC_MG132_RO_Nuf2-GFP_mKate2-Astrin_GFP_mCherry_cell05_b_11min01_R3D_D3D_Z25_C0_T0.tif,8411.903846153846,Expt2020_017_setIV_STLC_MG132_RO_Nuf2-GFP_mKate2-Astrin_GFP_mCherry_cell05_b_11min01_R3D_D3D_Z25_C1_T0.tif,4243.765861823141,3691.6693109164103,2774.245,3921.1075
272,25_13,7718.0,Expt2020_017_setIV_STLC_MG132_RO_Nuf2-GFP_mKate2-Astrin_GFP_mCherry_cell05_b_11min01_R3D_D3D_Z25_C0_T0.tif,4061.5555555555557,Expt2020_017_setIV_STLC_MG132_RO_Nuf2-GFP_mKate2-Astrin_GFP_mCherry_cell05_b_11min01_R3D_D3D_Z25_C1_T0.tif,4243.765861823141,3691.6693109164103,2774.245,3921.1075
273,25_14,7053.138888888889,Expt2020_017_setIV_STLC_MG132_RO_Nuf2-GFP_mKate2-Astrin_GFP_mCherry_cell05_b_11min01_R3D_D3D_Z25_C0_T0.tif,5658.888888888889,Expt2020_017_setIV_STLC_MG132_RO_Nuf2-GFP_mKate2-Astrin_GFP_mCherry_cell05_b_11min01_R3D_D3D_Z25_C1_T0.tif,4243.765861823141,3691.6693109164103,2774.245,3921.1075
274,26_1,7740.416666666667,Expt2020_017_setIV_STLC_MG132_RO_Nuf2-GFP_mKate2-Astrin_GFP_mCherry_cell05_b_11min01_R3D_D3D_Z26_C0_T0.tif,3652.4166666666665,Expt2020_017_setIV_STLC_MG132_RO_Nuf2-GFP_mKate2-Astrin_GFP_mCherry_cell05_b_11min01_R3D_D3D_Z26_C1_T0.tif,4243.765861823141,3691.6693109164103,2774.245,3921.1075
275,26_2,8810.653846153846,Expt2020_017_setIV_STLC_MG132_RO_Nuf2-GFP_mKate2-Astrin_GFP_mCherry_cell05_b_11min01_R3D_D3D_Z26_C0_T0.tif,3541.1923076923076,Expt2020_017_setIV_STLC_MG132_RO_Nuf2-GFP_mKate2-Astrin_GFP_mCherry_cell05_b_11min01_R3D_D3D_Z26_C1_T0.tif,4243.765861823141,3691.6693109164103,2774.245,3921.1075
276,26_3,9925.940298507463,Expt2020_017_setIV_STLC_MG132_RO_Nuf2-GFP_mKate2-Astrin_GFP_mCherry_cell05_b_11min01_R3D_D3D_Z26_C0_T0.tif,5410.074626865671,Expt2020_017_setIV_STLC_MG132_RO_Nuf2-GFP_mKate2-Astrin_GFP_mCherry_cell05_b_11min01_R3D_D3D_Z26_C1_T0.tif,4243.765861823141,3691.6693109164103,2774.245,3921.1075
277,26_4,9051.36,Expt2020_017_setIV_STLC_MG132_RO_Nuf2-GFP_mKate2-Astrin_GFP_mCherry_cell05_b_11min01_R3D_D3D_Z26_C0_T0.tif,4250.12,Expt2020_017_setIV_STLC_MG132_RO_Nuf2-GFP_mKate2-Astrin_GFP_mCherry_cell05_b_11min01_R3D_D3D_Z26_C1_T0.tif,4243.765861823141,3691.6693109164103,2774.245,3921.1075
278,26_5,8471.285714285714,Expt2020_017_setIV_STLC_MG132_RO_Nuf2-GFP_mKate2-Astrin_GFP_mCherry_cell05_b_11min01_R3D_D3D_Z26_C0_T0.tif,5308.047619047619,Expt2020_017_setIV_STLC_MG132_RO_Nuf2-GFP_mKate2-Astrin_GFP_mCherry_cell05_b_11min01_R3D_D3D_Z26_C1_T0.tif,4243.765861823141,3691.6693109164103,2774.245,3921.1075
279,26_6,8237.827586206897,Expt2020_017_setIV_STLC_MG132_RO_Nuf2-GFP_mKate2-Astrin_GFP_mCherry_cell05_b_11min01_R3D_D3D_Z26_C0_T0.tif,5610.482758620689,Expt2020_017_setIV_STLC_MG132_RO_Nuf2-GFP_mKate2-Astrin_GFP_mCherry_cell05_b_11min01_R3D_D3D_Z26_C1_T0.tif,4243.765861823141,3691.6693109164103,2774.245,3921.1075
280,26_7,8882.741935483871,Expt2020_017_setIV_STLC_MG132_RO_Nuf2-GFP_mKate2-Astrin_GFP_mCherry_cell05_b_11min01_R3D_D3D_Z26_C0_T0.tif,3250.6451612903224,Expt2020_017_setIV_STLC_MG132_RO_Nuf2-GFP_mKate2-Astrin_GFP_mCherry_cell05_b_11min01_R3D_D3D_Z26_C1_T0.tif,4243.765861823141,3691.6693109164103,2774.245,3921.1075
281,26_8,7979.25,Expt2020_017_setIV_STLC_MG132_RO_Nuf2-GFP_mKate2-Astrin_GFP_mCherry_cell05_b_11min01_R3D_D3D_Z26_C0_T0.tif,4813.375,Expt2020_017_setIV_STLC_MG132_RO_Nuf2-GFP_mKate2-Astrin_GFP_mCherry_cell05_b_11min01_R3D_D3D_Z26_C1_T0.tif,4243.765861823141,3691.6693109164103,2774.245,3921.1075
282,26_9,10296.057971014492,Expt2020_017_setIV_STLC_MG132_RO_Nuf2-GFP_mKate2-Astrin_GFP_mCherry_cell05_b_11min01_R3D_D3D_Z26_C0_T0.tif,4815.086956521739,Expt2020_017_setIV_STLC_MG132_RO_Nuf2-GFP_mKate2-Astrin_GFP_mCherry_cell05_b_11min01_R3D_D3D_Z26_C1_T0.tif,4243.765861823141,3691.6693109164103,2774.245,3921.1075
283,26_10,9300.5,Expt2020_017_setIV_STLC_MG132_RO_Nuf2-GFP_mKate2-Astrin_GFP_mCherry_cell05_b_11min01_R3D_D3D_Z26_C0_T0.tif,5872.5952380952385,Expt2020_017_setIV_STLC_MG132_RO_Nuf2-GFP_mKate2-Astrin_GFP_mCherry_cell05_b_11min01_R3D_D3D_Z26_C1_T0.tif,4243.765861823141,3691.6693109164103,2774.245,3921.1075
284,26_11,8541.777777777777,Expt2020_017_setIV_STLC_MG132_RO_Nuf2-GFP_mKate2-Astrin_GFP_mCherry_cell05_b_11min01_R3D_D3D_Z26_C0_T0.tif,4434.037037037037,Expt2020_017_setIV_STLC_MG132_RO_Nuf2-GFP_mKate2-Astrin_GFP_mCherry_cell05_b_11min01_R3D_D3D_Z26_C1_T0.tif,4243.765861823141,3691.6693109164103,2774.245,3921.1075
285,26_12,9238.461538461539,Expt2020_017_setIV_STLC_MG132_RO_Nuf2-GFP_mKate2-Astrin_GFP_mCherry_cell05_b_11min01_R3D_D3D_Z26_C0_T0.tif,7712.0,Expt2020_017_setIV_STLC_MG132_RO_Nuf2-GFP_mKate2-Astrin_GFP_mCherry_cell05_b_11min01_R3D_D3D_Z26_C1_T0.tif,4243.765861823141,3691.6693109164103,2774.245,3921.1075
286,26_13,8743.708333333334,Expt2020_017_setIV_STLC_MG132_RO_Nuf2-GFP_mKate2-Astrin_GFP_mCherry_cell05_b_11min01_R3D_D3D_Z26_C0_T0.tif,3751.875,Expt2020_017_setIV_STLC_MG132_RO_Nuf2-GFP_mKate2-Astrin_GFP_mCherry_cell05_b_11min01_R3D_D3D_Z26_C1_T0.tif,4243.765861823141,3691.6693109164103,2774.245,3921.1075
287,26_14,8230.828571428572,Expt2020_017_setIV_STLC_MG132_RO_Nuf2-GFP_mKate2-Astrin_GFP_mCherry_cell05_b_11min01_R3D_D3D_Z26_C0_T0.tif,5319.0,Expt2020_017_setIV_STLC_MG132_RO_Nuf2-GFP_mKate2-Astrin_GFP_mCherry_cell05_b_11min01_R3D_D3D_Z26_C1_T0.tif,4243.765861823141,3691.6693109164103,2774.245,3921.1075
288,27_1,7199.375,Expt2020_017_setIV_STLC_MG132_RO_Nuf2-GFP_mKate2-Astrin_GFP_mCherry_cell05_b_11min01_R3D_D3D_Z27_C0_T0.tif,3332.0,Expt2020_017_setIV_STLC_MG132_RO_Nuf2-GFP_mKate2-Astrin_GFP_mCherry_cell05_b_11min01_R3D_D3D_Z27_C1_T0.tif,4243.765861823141,3691.6693109164103,2774.245,3921.1075
289,27_2,7358.851851851852,Expt2020_017_setIV_STLC_MG132_RO_Nuf2-GFP_mKate2-Astrin_GFP_mCherry_cell05_b_11min01_R3D_D3D_Z27_C0_T0.tif,4105.314814814815,Expt2020_017_setIV_STLC_MG132_RO_Nuf2-GFP_mKate2-Astrin_GFP_mCherry_cell05_b_11min01_R3D_D3D_Z27_C1_T0.tif,4243.765861823141,3691.6693109164103,2774.245,3921.1075
290,27_3,8551.637096774193,Expt2020_017_setIV_STLC_MG132_RO_Nuf2-GFP_mKate2-Astrin_GFP_mCherry_cell05_b_11min01_R3D_D3D_Z27_C0_T0.tif,5233.056451612903,Expt2020_017_setIV_STLC_MG132_RO_Nuf2-GFP_mKate2-Astrin_GFP_mCherry_cell05_b_11min01_R3D_D3D_Z27_C1_T0.tif,4243.765861823141,3691.6693109164103,2774.245,3921.1075
291,27_4,8005.433333333333,Expt2020_017_setIV_STLC_MG132_RO_Nuf2-GFP_mKate2-Astrin_GFP_mCherry_cell05_b_11min01_R3D_D3D_Z27_C0_T0.tif,4149.916666666667,Expt2020_017_setIV_STLC_MG132_RO_Nuf2-GFP_mKate2-Astrin_GFP_mCherry_cell05_b_11min01_R3D_D3D_Z27_C1_T0.tif,4243.765861823141,3691.6693109164103,2774.245,3921.1075
292,27_5,7145.2,Expt2020_017_setIV_STLC_MG132_RO_Nuf2-GFP_mKate2-Astrin_GFP_mCherry_cell05_b_11min01_R3D_D3D_Z27_C0_T0.tif,5287.2,Expt2020_017_setIV_STLC_MG132_RO_Nuf2-GFP_mKate2-Astrin_GFP_mCherry_cell05_b_11min01_R3D_D3D_Z27_C1_T0.tif,4243.765861823141,3691.6693109164103,2774.245,3921.1075
293,27_6,7743.227272727273,Expt2020_017_setIV_STLC_MG132_RO_Nuf2-GFP_mKate2-Astrin_GFP_mCherry_cell05_b_11min01_R3D_D3D_Z27_C0_T0.tif,4253.5,Expt2020_017_setIV_STLC_MG132_RO_Nuf2-GFP_mKate2-Astrin_GFP_mCherry_cell05_b_11min01_R3D_D3D_Z27_C1_T0.tif,4243.765861823141,3691.6693109164103,2774.245,3921.1075
294,27_7,7006.0625,Expt2020_017_setIV_STLC_MG132_RO_Nuf2-GFP_mKate2-Astrin_GFP_mCherry_cell05_b_11min01_R3D_D3D_Z27_C0_T0.tif,3091.0,Expt2020_017_setIV_STLC_MG132_RO_Nuf2-GFP_mKate2-Astrin_GFP_mCherry_cell05_b_11min01_R3D_D3D_Z27_C1_T0.tif,4243.765861823141,3691.6693109164103,2774.245,3921.1075
295,27_8,8989.085365853658,Expt2020_017_setIV_STLC_MG132_RO_Nuf2-GFP_mKate2-Astrin_GFP_mCherry_cell05_b_11min01_R3D_D3D_Z27_C0_T0.tif,4527.5609756097565,Expt2020_017_setIV_STLC_MG132_RO_Nuf2-GFP_mKate2-Astrin_GFP_mCherry_cell05_b_11min01_R3D_D3D_Z27_C1_T0.tif,4243.765861823141,3691.6693109164103,2774.245,3921.1075
296,27_9,7351.0,Expt2020_017_setIV_STLC_MG132_RO_Nuf2-GFP_mKate2-Astrin_GFP_mCherry_cell05_b_11min01_R3D_D3D_Z27_C0_T0.tif,4350.285714285715,Expt2020_017_setIV_STLC_MG132_RO_Nuf2-GFP_mKate2-Astrin_GFP_mCherry_cell05_b_11min01_R3D_D3D_Z27_C1_T0.tif,4243.765861823141,3691.6693109164103,2774.245,3921.1075
297,27_10,7188.833333333333,Expt2020_017_setIV_STLC_MG132_RO_Nuf2-GFP_mKate2-Astrin_GFP_mCherry_cell05_b_11min01_R3D_D3D_Z27_C0_T0.tif,5066.666666666667,Expt2020_017_setIV_STLC_MG132_RO_Nuf2-GFP_mKate2-Astrin_GFP_mCherry_cell05_b_11min01_R3D_D3D_Z27_C1_T0.tif,4243.765861823141,3691.6693109164103,2774.245,3921.1075
298,27_11,7862.5192307692305,Expt2020_017_setIV_STLC_MG132_RO_Nuf2-GFP_mKate2-Astrin_GFP_mCherry_cell05_b_11min01_R3D_D3D_Z27_C0_T0.tif,4999.2692307692305,Expt2020_017_setIV_STLC_MG132_RO_Nuf2-GFP_mKate2-Astrin_GFP_mCherry_cell05_b_11min01_R3D_D3D_Z27_C1_T0.tif,4243.765861823141,3691.6693109164103,2774.245,3921.1075
299,27_12,7334.914285714286,Expt2020_017_setIV_STLC_MG132_RO_Nuf2-GFP_mKate2-Astrin_GFP_mCherry_cell05_b_11min01_R3D_D3D_Z27_C0_T0.tif,5153.628571428571,Expt2020_017_setIV_STLC_MG132_RO_Nuf2-GFP_mKate2-Astrin_GFP_mCherry_cell05_b_11min01_R3D_D3D_Z27_C1_T0.tif,4243.765861823141,3691.6693109164103,2774.245,3921.1075
300,27_13,7330.625,Expt2020_017_setIV_STLC_MG132_RO_Nuf2-GFP_mKate2-Astrin_GFP_mCherry_cell05_b_11min01_R3D_D3D_Z27_C0_T0.tif,4068.0625,Expt2020_017_setIV_STLC_MG132_RO_Nuf2-GFP_mKate2-Astrin_GFP_mCherry_cell05_b_11min01_R3D_D3D_Z27_C1_T0.tif,4243.765861823141,3691.6693109164103,2774.245,3921.1075
301,27_14,7252.649122807017,Expt2020_017_setIV_STLC_MG132_RO_Nuf2-GFP_mKate2-Astrin_GFP_mCherry_cell05_b_11min01_R3D_D3D_Z27_C0_T0.tif,3817.2105263157896,Expt2020_017_setIV_STLC_MG132_RO_Nuf2-GFP_mKate2-Astrin_GFP_mCherry_cell05_b_11min01_R3D_D3D_Z27_C1_T0.tif,4243.765861823141,3691.6693109164103,2774.245,3921.1075
302,27_15,9993.92857142857,Expt2020_017_setIV_STLC_MG132_RO_Nuf2-GFP_mKate2-Astrin_GFP_mCherry_cell05_b_11min01_R3D_D3D_Z27_C0_T0.tif,6684.821428571428,Expt2020_017_setIV_STLC_MG132_RO_Nuf2-GFP_mKate2-Astrin_GFP_mCherry_cell05_b_11min01_R3D_D3D_Z27_C1_T0.tif,4243.765861823141,3691.6693109164103,2774.245,3921.1075
303,27_16,7011.190476190476,Expt2020_017_setIV_STLC_MG132_RO_Nuf2-GFP_mKate2-Astrin_GFP_mCherry_cell05_b_11min01_R3D_D3D_Z27_C0_T0.tif,7519.047619047619,Expt2020_017_setIV_STLC_MG132_RO_Nuf2-GFP_mKate2-Astrin_GFP_mCherry_cell05_b_11min01_R3D_D3D_Z27_C1_T0.tif,4243.765861823141,3691.6693109164103,2774.245,3921.1075
304,27_17,7898.62,Expt2020_017_setIV_STLC_MG132_RO_Nuf2-GFP_mKate2-Astrin_GFP_mCherry_cell05_b_11min01_R3D_D3D_Z27_C0_T0.tif,5496.68,Expt2020_017_setIV_STLC_MG132_RO_Nuf2-GFP_mKate2-Astrin_GFP_mCherry_cell05_b_11min01_R3D_D3D_Z27_C1_T0.tif,4243.765861823141,3691.6693109164103,2774.245,3921.1075
305,28_1,10022.2,Expt2020_017_setIV_STLC_MG132_RO_Nuf2-GFP_mKate2-Astrin_GFP_mCherry_cell05_b_11min01_R3D_D3D_Z28_C0_T0.tif,5369.76,Expt2020_017_setIV_STLC_MG132_RO_Nuf2-GFP_mKate2-Astrin_GFP_mCherry_cell05_b_11min01_R3D_D3D_Z28_C1_T0.tif,4243.765861823141,3691.6693109164103,2774.245,3921.1075
306,28_2,12240.5,Expt2020_017_setIV_STLC_MG132_RO_Nuf2-GFP_mKate2-Astrin_GFP_mCherry_cell05_b_11min01_R3D_D3D_Z28_C0_T0.tif,5954.131578947368,Expt2020_017_setIV_STLC_MG132_RO_Nuf2-GFP_mKate2-Astrin_GFP_mCherry_cell05_b_11min01_R3D_D3D_Z28_C1_T0.tif,4243.765861823141,3691.6693109164103,2774.245,3921.1075
307,28_3,9730.185185185184,Expt2020_017_setIV_STLC_MG132_RO_Nuf2-GFP_mKate2-Astrin_GFP_mCherry_cell05_b_11min01_R3D_D3D_Z28_C0_T0.tif,4456.962962962963,Expt2020_017_setIV_STLC_MG132_RO_Nuf2-GFP_mKate2-Astrin_GFP_mCherry_cell05_b_11min01_R3D_D3D_Z28_C1_T0.tif,4243.765861823141,3691.6693109164103,2774.245,3921.1075
308,28_4,10425.4375,Expt2020_017_setIV_STLC_MG132_RO_Nuf2-GFP_mKate2-Astrin_GFP_mCherry_cell05_b_11min01_R3D_D3D_Z28_C0_T0.tif,4821.125,Expt2020_017_setIV_STLC_MG132_RO_Nuf2-GFP_mKate2-Astrin_GFP_mCherry_cell05_b_11min01_R3D_D3D_Z28_C1_T0.tif,4243.765861823141,3691.6693109164103,2774.245,3921.1075
309,28_5,9340.416666666666,Expt2020_017_setIV_STLC_MG132_RO_Nuf2-GFP_mKate2-Astrin_GFP_mCherry_cell05_b_11min01_R3D_D3D_Z28_C0_T0.tif,6119.333333333333,Expt2020_017_setIV_STLC_MG132_RO_Nuf2-GFP_mKate2-Astrin_GFP_mCherry_cell05_b_11min01_R3D_D3D_Z28_C1_T0.tif,4243.765861823141,3691.6693109164103,2774.245,3921.1075
310,28_6,9554.425,Expt2020_017_setIV_STLC_MG132_RO_Nuf2-GFP_mKate2-Astrin_GFP_mCherry_cell05_b_11min01_R3D_D3D_Z28_C0_T0.tif,5579.05,Expt2020_017_setIV_STLC_MG132_RO_Nuf2-GFP_mKate2-Astrin_GFP_mCherry_cell05_b_11min01_R3D_D3D_Z28_C1_T0.tif,4243.765861823141,3691.6693109164103,2774.245,3921.1075
311,28_7,8860.9375,Expt2020_017_setIV_STLC_MG132_RO_Nuf2-GFP_mKate2-Astrin_GFP_mCherry_cell05_b_11min01_R3D_D3D_Z28_C0_T0.tif,4591.4375,Expt2020_017_setIV_STLC_MG132_RO_Nuf2-GFP_mKate2-Astrin_GFP_mCherry_cell05_b_11min01_R3D_D3D_Z28_C1_T0.tif,4243.765861823141,3691.6693109164103,2774.245,3921.1075
312,28_8,10929.849056603774,Expt2020_017_setIV_STLC_MG132_RO_Nuf2-GFP_mKate2-Astrin_GFP_mCherry_cell05_b_11min01_R3D_D3D_Z28_C0_T0.tif,5984.679245283019,Expt2020_017_setIV_STLC_MG132_RO_Nuf2-GFP_mKate2-Astrin_GFP_mCherry_cell05_b_11min01_R3D_D3D_Z28_C1_T0.tif,4243.765861823141,3691.6693109164103,2774.245,3921.1075
313,28_9,9595.25,Expt2020_017_setIV_STLC_MG132_RO_Nuf2-GFP_mKate2-Astrin_GFP_mCherry_cell05_b_11min01_R3D_D3D_Z28_C0_T0.tif,6356.5625,Expt2020_017_setIV_STLC_MG132_RO_Nuf2-GFP_mKate2-Astrin_GFP_mCherry_cell05_b_11min01_R3D_D3D_Z28_C1_T0.tif,4243.765861823141,3691.6693109164103,2774.245,3921.1075
314,28_10,9066.59090909091,Expt2020_017_setIV_STLC_MG132_RO_Nuf2-GFP_mKate2-Astrin_GFP_mCherry_cell05_b_11min01_R3D_D3D_Z28_C0_T0.tif,6140.863636363636,Expt2020_017_setIV_STLC_MG132_RO_Nuf2-GFP_mKate2-Astrin_GFP_mCherry_cell05_b_11min01_R3D_D3D_Z28_C1_T0.tif,4243.765861823141,3691.6693109164103,2774.245,3921.1075
